Club Name,Club ID,Club Logo URL,Club Logo Local Path,Player Name,Player ID,Player Slug,Jersey Number,Position,Birth Date,Height (cm),Weight (kg),Nationality,Player Photo URL,Player Photo Local Path,Season,Season ID,Matches Played,Goals,Assists,Shots at Goal,Shots on Target,Shots off Target,Sprints,Yellow Cards,Red Cards,Yellow-Red Cards,Distance Covered (km),Max Speed (km/h),Crosses from Play,Fouls Against Opponent,Ball Actions,Tackles Won,Aerial Duels Won
Heidenheim,DFL-CLU-000003,https://assets.bundesliga.com/clublogos/DFL-SEA-0001K9/DFL-CLU-000003.svg,assets/logos/1-fc-heidenheim-1846.svg,Adam Kölle,DFL-OBJ-J0244Z,adam-kolle,28,Defender,2006-04-28,195,91,DEU,https://assets.bundesliga.com/player/dfl-obj-j0244z-dfl-clu-000018-dfl-sea-0001k9.png,assets/images/1-fc-heidenheim-1846/adam-kolle.png,2025-2026,DFL-SEA-0001K9,6,1,0,4,1,3,16,1,0,0,14.7,29.52,1,5,54,9,5
Heidenheim,DFL-CLU-000003,https://assets.bundesliga.com/clublogos/DFL-SEA-0001K9/DFL-CLU-000003.svg,assets/logos/1-fc-heidenheim-1846.svg,Adrian Beck,DFL-OBJ-J01AUU,adrian-beck,21,Midfielder,1997-06-09,185,80,DEU,https://assets.bundesliga.com/player/dfl-obj-j01auu-dfl-clu-000018-dfl-sea-0001k9.png,assets/images/1-fc-heidenheim-1846/adrian-beck.png,2025-2026,DFL-SEA-0001K9,24,1,1,11,4,7,200,1,0,0,127.7,32.13,6,12,552,110,12
Heidenheim,DFL-CLU-000003,https://assets.bundesliga.com/clublogos/DFL-SEA-0001K9/DFL-CLU-000003.svg,assets/logos/1-fc-heidenheim-1846.svg,Adrian Beck,DFL-OBJ-J01AUU,adrian-beck,21,Midfielder,1997-06-09,185,80,DEU,https://assets.bundesliga.com/player/dfl-obj-j01auu-dfl-clu-000018-dfl-sea-0001k9.png,assets/images/1-fc-heidenheim-1846/adrian-beck.png,2024-2025,DFL-SEA-0001K8,32,4,1,40,14,26,519,1,0,0,227.6,32.14,16,15,1024,207,26
Heidenheim,DFL-CLU-000003,https://assets.bundesliga.com/clublogos/DFL-SEA-0001K9/DFL-CLU-000003.svg,assets/logos/1-fc-heidenheim-1846.svg,Adrian Beck,DFL-OBJ-J01AUU,adrian-beck,21,Midfielder,1997-06-09,185,80,DEU,https://assets.bundesliga.com/player/dfl-obj-j01auu-dfl-clu-000018-dfl-sea-0001k9.png,assets/images/1-fc-heidenheim-1846/adrian-beck.png,2023-2024,DFL-SEA-0001K7,23,1,1,10,3,7,301,1,0,0,124.9,31.6,6,12,594,116,19
Heidenheim,DFL-CLU-000003,https://assets.bundesliga.com/clublogos/DFL-SEA-0001K9/DFL-CLU-000003.svg,assets/logos/1-fc-heidenheim-1846.svg,Arijon Ibrahimović,DFL-OBJ-J01EAZ,arijon-ibrahimovic,22,Midfielder,2005-12-11,176,69,"DEU , XKX",https://assets.bundesliga.com/player/dfl-obj-j01eaz-dfl-clu-000018-dfl-sea-0001k9.png,assets/images/1-fc-heidenheim-1846/arijon-ibrahimovic.png,2025-2026,DFL-SEA-0001K9,32,2,4,50,21,29,645,2,0,0,272.9,35.08,45,14,1345,240,24
Heidenheim,DFL-CLU-000003,https://assets.bundesliga.com/clublogos/DFL-SEA-0001K9/DFL-CLU-000003.svg,assets/logos/1-fc-heidenheim-1846.svg,Arijon Ibrahimović,DFL-OBJ-J01EAZ,arijon-ibrahimovic,22,Midfielder,2005-12-11,176,69,"DEU , XKX",https://assets.bundesliga.com/player/dfl-obj-j01eaz-dfl-clu-000018-dfl-sea-0001k9.png,assets/images/1-fc-heidenheim-1846/arijon-ibrahimovic.png,2024-2025,DFL-SEA-0001K8,1,0,0,0,0,0,1,0,0,0,0.3,26.49,0,0,4,1,0
Heidenheim,DFL-CLU-000003,https://assets.bundesliga.com/clublogos/DFL-SEA-0001K9/DFL-CLU-000003.svg,assets/logos/1-fc-heidenheim-1846.svg,Arijon Ibrahimović,DFL-OBJ-J01EAZ,arijon-ibrahimovic,22,Midfielder,2005-12-11,176,69,"DEU , XKX",https://assets.bundesliga.com/player/dfl-obj-j01eaz-dfl-clu-000018-dfl-sea-0001k9.png,assets/images/1-fc-heidenheim-1846/arijon-ibrahimovic.png,2022-2023,DFL-SEA-0001K6,1,0,0,2,2,0,7,0,0,0,2.1,31.36,0,0,14,5,2
Heidenheim,DFL-CLU-000003,https://assets.bundesliga.com/clublogos/DFL-SEA-0001K9/DFL-CLU-000003.svg,assets/logos/1-fc-heidenheim-1846.svg,Benedikt Steffen Gimber,DFL-OBJ-002651,benedikt-gimber,5,Defender,1997-02-19,187,84,DEU,https://assets.bundesliga.com/player/dfl-obj-002651-dfl-clu-000018-dfl-sea-0001k9.png,assets/images/1-fc-heidenheim-1846/benedikt-gimber.png,2025-2026,DFL-SEA-0001K9,21,0,0,6,2,4,141,6,0,0,167.4,32.36,3,26,929,168,27
Heidenheim,DFL-CLU-000003,https://assets.bundesliga.com/clublogos/DFL-SEA-0001K9/DFL-CLU-000003.svg,assets/logos/1-fc-heidenheim-1846.svg,Benedikt Steffen Gimber,DFL-OBJ-002651,benedikt-gimber,5,Defender,1997-02-19,187,84,DEU,https://assets.bundesliga.com/player/dfl-obj-002651-dfl-clu-000018-dfl-sea-0001k9.png,assets/images/1-fc-heidenheim-1846/benedikt-gimber.png,2024-2025,DFL-SEA-0001K8,32,0,0,11,2,9,374,9,0,0,303,31.71,2,60,1750,312,68
Heidenheim,DFL-CLU-000003,https://assets.bundesliga.com/clublogos/DFL-SEA-0001K9/DFL-CLU-000003.svg,assets/logos/1-fc-heidenheim-1846.svg,Benedikt Steffen Gimber,DFL-OBJ-002651,benedikt-gimber,5,Defender,1997-02-19,187,84,DEU,https://assets.bundesliga.com/player/dfl-obj-002651-dfl-clu-000018-dfl-sea-0001k9.png,assets/images/1-fc-heidenheim-1846/benedikt-gimber.png,2023-2024,DFL-SEA-0001K7,24,1,1,19,3,16,259,9,0,0,203.9,32.46,2,39,1132,209,58
Heidenheim,DFL-CLU-000003,https://assets.bundesliga.com/clublogos/DFL-SEA-0001K9/DFL-CLU-000003.svg,assets/logos/1-fc-heidenheim-1846.svg,Budu Zivzivadze,DFL-OBJ-J01Q2V,budu-zivzivadze,11,Striker,1994-03-10,189,85,GEO,https://assets.bundesliga.com/player/dfl-obj-j01q2v-dfl-clu-000018-dfl-sea-0001k9.png,assets/images/1-fc-heidenheim-1846/budu-zivzivadze.png,2025-2026,DFL-SEA-0001K9,20,6,0,28,14,14,270,2,0,0,129,33.45,3,11,404,131,18
Heidenheim,DFL-CLU-000003,https://assets.bundesliga.com/clublogos/DFL-SEA-0001K9/DFL-CLU-000003.svg,assets/logos/1-fc-heidenheim-1846.svg,Budu Zivzivadze,DFL-OBJ-J01Q2V,budu-zivzivadze,11,Striker,1994-03-10,189,85,GEO,https://assets.bundesliga.com/player/dfl-obj-j01q2v-dfl-clu-000018-dfl-sea-0001k9.png,assets/images/1-fc-heidenheim-1846/budu-zivzivadze.png,2024-2025,DFL-SEA-0001K8,15,2,2,22,10,12,301,0,0,0,117.5,32.29,3,9,346,104,20
Heidenheim,DFL-CLU-000003,https://assets.bundesliga.com/clublogos/DFL-SEA-0001K9/DFL-CLU-000003.svg,assets/logos/1-fc-heidenheim-1846.svg,Christian Joe Conteh,DFL-OBJ-002FZ0,christian-conteh,10,Striker,1999-08-27,182,72,"DEU , GHA",https://assets.bundesliga.com/player/dfl-obj-002fz0-dfl-clu-000018-dfl-sea-0001k9.png,assets/images/1-fc-heidenheim-1846/christian-conteh.png,2025-2026,DFL-SEA-0001K9,9,0,0,4,0,4,93,0,0,0,44.4,34.59,7,4,149,37,1
Heidenheim,DFL-CLU-000003,https://assets.bundesliga.com/clublogos/DFL-SEA-0001K9/DFL-CLU-000003.svg,assets/logos/1-fc-heidenheim-1846.svg,Diant Ramaj,DFL-OBJ-002FY2,diant-ramaj,41,Goalkeeper,2001-09-19,189,81,"DEU , XKX",https://assets.bundesliga.com/player/dfl-obj-002fy2-dfl-clu-000018-dfl-sea-0001k9.png,assets/images/1-fc-heidenheim-1846/diant-ramaj.png,2025-2026,DFL-SEA-0001K9,31,0,1,0,0,0,14,2,0,0,158.3,29.26,0,2,1935,0,0
Heidenheim,DFL-CLU-000003,https://assets.bundesliga.com/clublogos/DFL-SEA-0001K9/DFL-CLU-000003.svg,assets/logos/1-fc-heidenheim-1846.svg,Diant Ramaj,DFL-OBJ-002FY2,diant-ramaj,41,Goalkeeper,2001-09-19,189,81,"DEU , XKX",https://assets.bundesliga.com/player/dfl-obj-002fy2-dfl-clu-000018-dfl-sea-0001k9.png,assets/images/1-fc-heidenheim-1846/diant-ramaj.png,2022-2023,DFL-SEA-0001K6,1,0,0,0,0,0,1,0,0,0,4.2,24.33,0,0,32,0,0
Heidenheim,DFL-CLU-000003,https://assets.bundesliga.com/clublogos/DFL-SEA-0001K9/DFL-CLU-000003.svg,assets/logos/1-fc-heidenheim-1846.svg,Diant Ramaj,DFL-OBJ-002FY2,diant-ramaj,41,Goalkeeper,2001-09-19,189,81,"DEU , XKX",https://assets.bundesliga.com/player/dfl-obj-002fy2-dfl-clu-000018-dfl-sea-0001k9.png,assets/images/1-fc-heidenheim-1846/diant-ramaj.png,2021-2022,DFL-SEA-0001K5,1,0,0,0,0,0,1,0,0,0,5,23.38,0,0,56,3,2
Heidenheim,DFL-CLU-000003,https://assets.bundesliga.com/clublogos/DFL-SEA-0001K9/DFL-CLU-000003.svg,assets/logos/1-fc-heidenheim-1846.svg,Eren Sami Dinkçi,DFL-OBJ-002G8E,eren-dinkci,8,Striker,2001-12-13,188,75,"DEU , TUR",https://assets.bundesliga.com/player/dfl-obj-002g8e-dfl-clu-000018-dfl-sea-0001k9.png,assets/images/1-fc-heidenheim-1846/eren-dinkci.png,2025-2026,DFL-SEA-0001K9,22,3,1,29,9,20,375,4,0,0,168.6,35.43,24,11,651,114,5
Heidenheim,DFL-CLU-000003,https://assets.bundesliga.com/clublogos/DFL-SEA-0001K9/DFL-CLU-000003.svg,assets/logos/1-fc-heidenheim-1846.svg,Eren Sami Dinkçi,DFL-OBJ-002G8E,eren-dinkci,8,Striker,2001-12-13,188,75,"DEU , TUR",https://assets.bundesliga.com/player/dfl-obj-002g8e-dfl-clu-000018-dfl-sea-0001k9.png,assets/images/1-fc-heidenheim-1846/eren-dinkci.png,2024-2025,DFL-SEA-0001K8,23,0,3,15,4,11,441,1,0,0,164.2,35.44,7,8,572,112,6
Heidenheim,DFL-CLU-000003,https://assets.bundesliga.com/clublogos/DFL-SEA-0001K9/DFL-CLU-000003.svg,assets/logos/1-fc-heidenheim-1846.svg,Eren Sami Dinkçi,DFL-OBJ-002G8E,eren-dinkci,8,Striker,2001-12-13,188,75,"DEU , TUR",https://assets.bundesliga.com/player/dfl-obj-002g8e-dfl-clu-000018-dfl-sea-0001k9.png,assets/images/1-fc-heidenheim-1846/eren-dinkci.png,2023-2024,DFL-SEA-0001K7,33,10,4,49,21,28,867,8,0,0,294.4,36.41,52,25,1272,225,12
Heidenheim,DFL-CLU-000003,https://assets.bundesliga.com/clublogos/DFL-SEA-0001K9/DFL-CLU-000003.svg,assets/logos/1-fc-heidenheim-1846.svg,Eren Sami Dinkçi,DFL-OBJ-002G8E,eren-dinkci,8,Striker,2001-12-13,188,75,"DEU , TUR",https://assets.bundesliga.com/player/dfl-obj-002g8e-dfl-clu-000018-dfl-sea-0001k9.png,assets/images/1-fc-heidenheim-1846/eren-dinkci.png,2022-2023,DFL-SEA-0001K6,17,0,0,4,0,4,120,0,0,0,35.1,35.09,5,5,132,30,4
Heidenheim,DFL-CLU-000003,https://assets.bundesliga.com/clublogos/DFL-SEA-0001K9/DFL-CLU-000003.svg,assets/logos/1-fc-heidenheim-1846.svg,Eren Sami Dinkçi,DFL-OBJ-002G8E,eren-dinkci,8,Striker,2001-12-13,188,75,"DEU , TUR",https://assets.bundesliga.com/player/dfl-obj-002g8e-dfl-clu-000018-dfl-sea-0001k9.png,assets/images/1-fc-heidenheim-1846/eren-dinkci.png,2020-2021,DFL-SEA-0001K4,8,1,0,4,2,2,72,0,0,0,17.4,33.52,0,1,57,22,3
Heidenheim,DFL-CLU-000003,https://assets.bundesliga.com/clublogos/DFL-SEA-0001K9/DFL-CLU-000003.svg,assets/logos/1-fc-heidenheim-1846.svg,Frank Feller,DFL-OBJ-J01J8L,frank-feller,40,Goalkeeper,2004-01-07,183,74,DEU,https://assets.bundesliga.com/player/dfl-obj-j01j8l-dfl-clu-000018-dfl-sea-0001k9.png,assets/images/1-fc-heidenheim-1846/frank-feller.png,2025-2026,DFL-SEA-0001K9,3,0,0,0,0,0,0,0,0,0,10.6,24,0,0,162,0,0
Heidenheim,DFL-CLU-000003,https://assets.bundesliga.com/clublogos/DFL-SEA-0001K9/DFL-CLU-000003.svg,assets/logos/1-fc-heidenheim-1846.svg,Frank Feller,DFL-OBJ-J01J8L,frank-feller,40,Goalkeeper,2004-01-07,183,74,DEU,https://assets.bundesliga.com/player/dfl-obj-j01j8l-dfl-clu-000018-dfl-sea-0001k9.png,assets/images/1-fc-heidenheim-1846/frank-feller.png,2024-2025,DFL-SEA-0001K8,2,0,0,0,0,0,0,0,0,0,7.8,23.72,0,0,72,0,0
Heidenheim,DFL-CLU-000003,https://assets.bundesliga.com/clublogos/DFL-SEA-0001K9/DFL-CLU-000003.svg,assets/logos/1-fc-heidenheim-1846.svg,Frank Schmidt,DFL-OBJ-002GBV,frank-schmidt,,Heidenheim,1974-01-03,190,,DEU,https://assets.bundesliga.com/person/dfl-obj-002gbv-dfl-clu-000018-dfl-sea-0001k9.png,assets/images/1-fc-heidenheim-1846/frank-schmidt.png,2025-2026,DFL-SEA-0001K9,,,,,,,,,,,,,,,,,
Heidenheim,DFL-CLU-000003,https://assets.bundesliga.com/clublogos/DFL-SEA-0001K9/DFL-CLU-000003.svg,assets/logos/1-fc-heidenheim-1846.svg,Hennes Behrens,DFL-OBJ-J01S1Y,hennes-behrens,26,Defender,2005-01-19,177,70,DEU,https://assets.bundesliga.com/player/dfl-obj-j01s1y-dfl-clu-000018-dfl-sea-0001k9.png,assets/images/1-fc-heidenheim-1846/hennes-behrens.png,2025-2026,DFL-SEA-0001K9,16,1,2,9,4,5,298,0,0,0,163.3,32.58,23,5,931,173,19
Heidenheim,DFL-CLU-000003,https://assets.bundesliga.com/clublogos/DFL-SEA-0001K9/DFL-CLU-000003.svg,assets/logos/1-fc-heidenheim-1846.svg,Hennes Behrens,DFL-OBJ-J01S1Y,hennes-behrens,26,Defender,2005-01-19,177,70,DEU,https://assets.bundesliga.com/player/dfl-obj-j01s1y-dfl-clu-000018-dfl-sea-0001k9.png,assets/images/1-fc-heidenheim-1846/hennes-behrens.png,2024-2025,DFL-SEA-0001K8,1,0,0,0,0,0,13,0,0,0,4.2,31.16,0,0,28,5,0
Heidenheim,DFL-CLU-000003,https://assets.bundesliga.com/clublogos/DFL-SEA-0001K9/DFL-CLU-000003.svg,assets/logos/1-fc-heidenheim-1846.svg,Jan Schöppner,DFL-OBJ-002GA9,jan-schoppner,3,Midfielder,1999-06-12,190,78,DEU,https://assets.bundesliga.com/player/dfl-obj-002ga9-dfl-clu-000018-dfl-sea-0001k9.png,assets/images/1-fc-heidenheim-1846/jan-schoppner.png,2025-2026,DFL-SEA-0001K9,31,3,2,23,7,16,295,5,0,0,304.6,32.91,10,19,1107,246,59
Heidenheim,DFL-CLU-000003,https://assets.bundesliga.com/clublogos/DFL-SEA-0001K9/DFL-CLU-000003.svg,assets/logos/1-fc-heidenheim-1846.svg,Jan Schöppner,DFL-OBJ-002GA9,jan-schoppner,3,Midfielder,1999-06-12,190,78,DEU,https://assets.bundesliga.com/player/dfl-obj-002ga9-dfl-clu-000018-dfl-sea-0001k9.png,assets/images/1-fc-heidenheim-1846/jan-schoppner.png,2024-2025,DFL-SEA-0001K8,33,4,3,38,13,25,665,8,0,0,373.8,33.25,10,32,1479,267,62
Heidenheim,DFL-CLU-000003,https://assets.bundesliga.com/clublogos/DFL-SEA-0001K9/DFL-CLU-000003.svg,assets/logos/1-fc-heidenheim-1846.svg,Jan Schöppner,DFL-OBJ-002GA9,jan-schoppner,3,Midfielder,1999-06-12,190,78,DEU,https://assets.bundesliga.com/player/dfl-obj-002ga9-dfl-clu-000018-dfl-sea-0001k9.png,assets/images/1-fc-heidenheim-1846/jan-schoppner.png,2023-2024,DFL-SEA-0001K7,26,2,2,15,5,10,394,3,0,0,257.3,31.92,4,15,957,218,52
Heidenheim,DFL-CLU-000003,https://assets.bundesliga.com/clublogos/DFL-SEA-0001K9/DFL-CLU-000003.svg,assets/logos/1-fc-heidenheim-1846.svg,Jonas Föhrenbach,DFL-OBJ-00266E,jonas-fohrenbach,19,Defender,1996-01-26,184,81,DEU,https://assets.bundesliga.com/player/dfl-obj-00266e-dfl-clu-000018-dfl-sea-0001k9.png,assets/images/1-fc-heidenheim-1846/jonas-fohrenbach.png,2025-2026,DFL-SEA-0001K9,27,1,1,5,1,4,397,3,0,0,272.5,33.36,46,17,1333,165,30
Heidenheim,DFL-CLU-000003,https://assets.bundesliga.com/clublogos/DFL-SEA-0001K9/DFL-CLU-000003.svg,assets/logos/1-fc-heidenheim-1846.svg,Jonas Föhrenbach,DFL-OBJ-00266E,jonas-fohrenbach,19,Defender,1996-01-26,184,81,DEU,https://assets.bundesliga.com/player/dfl-obj-00266e-dfl-clu-000018-dfl-sea-0001k9.png,assets/images/1-fc-heidenheim-1846/jonas-fohrenbach.png,2024-2025,DFL-SEA-0001K8,27,0,1,8,1,7,488,3,0,0,220.6,34.07,46,13,1127,134,18
Heidenheim,DFL-CLU-000003,https://assets.bundesliga.com/clublogos/DFL-SEA-0001K9/DFL-CLU-000003.svg,assets/logos/1-fc-heidenheim-1846.svg,Jonas Föhrenbach,DFL-OBJ-00266E,jonas-fohrenbach,19,Defender,1996-01-26,184,81,DEU,https://assets.bundesliga.com/player/dfl-obj-00266e-dfl-clu-000018-dfl-sea-0001k9.png,assets/images/1-fc-heidenheim-1846/jonas-fohrenbach.png,2023-2024,DFL-SEA-0001K7,33,0,0,13,0,13,636,2,0,0,315.1,35.37,53,14,1779,219,36
Heidenheim,DFL-CLU-000003,https://assets.bundesliga.com/clublogos/DFL-SEA-0001K9/DFL-CLU-000003.svg,assets/logos/1-fc-heidenheim-1846.svg,Julian Niehues,DFL-OBJ-002GHL,julian-niehues,16,Midfielder,2001-04-17,195,89,DEU,https://assets.bundesliga.com/player/dfl-obj-002ghl-dfl-clu-000018-dfl-sea-0001k9.png,assets/images/1-fc-heidenheim-1846/julian-niehues.png,2025-2026,DFL-SEA-0001K9,24,3,0,19,5,14,128,1,0,0,182.3,31.3,1,9,837,126,24
Heidenheim,DFL-CLU-000003,https://assets.bundesliga.com/clublogos/DFL-SEA-0001K9/DFL-CLU-000003.svg,assets/logos/1-fc-heidenheim-1846.svg,Julian Niehues,DFL-OBJ-002GHL,julian-niehues,16,Midfielder,2001-04-17,195,89,DEU,https://assets.bundesliga.com/player/dfl-obj-002ghl-dfl-clu-000018-dfl-sea-0001k9.png,assets/images/1-fc-heidenheim-1846/julian-niehues.png,2024-2025,DFL-SEA-0001K8,8,0,0,2,1,1,30,1,0,0,24,29.91,0,1,115,12,2
Heidenheim,DFL-CLU-000003,https://assets.bundesliga.com/clublogos/DFL-SEA-0001K9/DFL-CLU-000003.svg,assets/logos/1-fc-heidenheim-1846.svg,Leart Paqarada,DFL-OBJ-0002EL,leart-paqarada,32,Defender,1994-10-08,184,76,"XKX , DEU , ALB",https://assets.bundesliga.com/player/dfl-obj-0002el-dfl-clu-000018-dfl-sea-0001k9.png,assets/images/1-fc-heidenheim-1846/leart-paqarada.png,2025-2026,DFL-SEA-0001K9,1,0,0,0,0,0,1,0,0,0,0.6,26.61,0,0,3,0,0
Heidenheim,DFL-CLU-000003,https://assets.bundesliga.com/clublogos/DFL-SEA-0001K9/DFL-CLU-000003.svg,assets/logos/1-fc-heidenheim-1846.svg,Leart Paqarada,DFL-OBJ-0002EL,leart-paqarada,32,Defender,1994-10-08,184,76,"XKX , DEU , ALB",https://assets.bundesliga.com/player/dfl-obj-0002el-dfl-clu-000018-dfl-sea-0001k9.png,assets/images/1-fc-heidenheim-1846/leart-paqarada.png,2023-2024,DFL-SEA-0001K7,17,0,0,10,4,6,264,0,0,0,129.8,33.17,40,7,872,93,13
Heidenheim,DFL-CLU-000003,https://assets.bundesliga.com/clublogos/DFL-SEA-0001K9/DFL-CLU-000003.svg,assets/logos/1-fc-heidenheim-1846.svg,Leonidas Stergiou,DFL-OBJ-J01RHC,leonidas-stergiou,25,Defender,2002-03-03,181,75,"CHE , GRC",https://assets.bundesliga.com/player/dfl-obj-j01rhc-dfl-clu-000018-dfl-sea-0001k9.png,assets/images/1-fc-heidenheim-1846/leonidas-stergiou.png,2025-2026,DFL-SEA-0001K9,6,0,0,1,0,1,35,0,0,0,25.8,34.27,1,3,123,21,6
Heidenheim,DFL-CLU-000003,https://assets.bundesliga.com/clublogos/DFL-SEA-0001K9/DFL-CLU-000003.svg,assets/logos/1-fc-heidenheim-1846.svg,Leonidas Stergiou,DFL-OBJ-J01RHC,leonidas-stergiou,25,Defender,2002-03-03,181,75,"CHE , GRC",https://assets.bundesliga.com/player/dfl-obj-j01rhc-dfl-clu-000018-dfl-sea-0001k9.png,assets/images/1-fc-heidenheim-1846/leonidas-stergiou.png,2024-2025,DFL-SEA-0001K8,12,1,2,3,1,2,256,0,0,0,105.2,34.29,10,6,660,71,10
Heidenheim,DFL-CLU-000003,https://assets.bundesliga.com/clublogos/DFL-SEA-0001K9/DFL-CLU-000003.svg,assets/logos/1-fc-heidenheim-1846.svg,Leonidas Stergiou,DFL-OBJ-J01RHC,leonidas-stergiou,25,Defender,2002-03-03,181,75,"CHE , GRC",https://assets.bundesliga.com/player/dfl-obj-j01rhc-dfl-clu-000018-dfl-sea-0001k9.png,assets/images/1-fc-heidenheim-1846/leonidas-stergiou.png,2023-2024,DFL-SEA-0001K7,15,1,0,3,1,2,173,0,0,0,73.1,32.69,12,5,439,44,5
Heidenheim,DFL-CLU-000003,https://assets.bundesliga.com/clublogos/DFL-SEA-0001K9/DFL-CLU-000003.svg,assets/logos/1-fc-heidenheim-1846.svg,Luca Kerber,DFL-OBJ-J01GHT,luca-kerber,20,Midfielder,2002-03-10,180,77,DEU,https://assets.bundesliga.com/player/dfl-obj-j01ght-dfl-clu-000018-dfl-sea-0001k9.png,assets/images/1-fc-heidenheim-1846/luca-kerber.png,2025-2026,DFL-SEA-0001K9,18,2,0,7,3,4,124,3,0,0,107.1,32.11,4,12,203,55,12
Heidenheim,DFL-CLU-000003,https://assets.bundesliga.com/clublogos/DFL-SEA-0001K9/DFL-CLU-000003.svg,assets/logos/1-fc-heidenheim-1846.svg,Luca Kerber,DFL-OBJ-J01GHT,luca-kerber,20,Midfielder,2002-03-10,180,77,DEU,https://assets.bundesliga.com/player/dfl-obj-j01ght-dfl-clu-000018-dfl-sea-0001k9.png,assets/images/1-fc-heidenheim-1846/luca-kerber.png,2024-2025,DFL-SEA-0001K8,23,2,0,7,5,2,232,4,0,0,118.3,32,4,22,370,76,10
Heidenheim,DFL-CLU-000003,https://assets.bundesliga.com/clublogos/DFL-SEA-0001K9/DFL-CLU-000003.svg,assets/logos/1-fc-heidenheim-1846.svg,Marnon-Thomas Busch,DFL-OBJ-0002JT,marnon-busch,2,Defender,1994-12-08,182,80,DEU,https://assets.bundesliga.com/player/dfl-obj-0002jt-dfl-clu-000018-dfl-sea-0001k9.png,assets/images/1-fc-heidenheim-1846/marnon-busch.png,2025-2026,DFL-SEA-0001K9,29,1,5,13,3,10,299,4,0,0,217.7,34.17,32,17,1178,139,31
Heidenheim,DFL-CLU-000003,https://assets.bundesliga.com/clublogos/DFL-SEA-0001K9/DFL-CLU-000003.svg,assets/logos/1-fc-heidenheim-1846.svg,Marnon-Thomas Busch,DFL-OBJ-0002JT,marnon-busch,2,Defender,1994-12-08,182,80,DEU,https://assets.bundesliga.com/player/dfl-obj-0002jt-dfl-clu-000018-dfl-sea-0001k9.png,assets/images/1-fc-heidenheim-1846/marnon-busch.png,2024-2025,DFL-SEA-0001K8,23,0,1,15,3,12,333,1,0,0,163.7,35.19,24,7,1081,98,16
Heidenheim,DFL-CLU-000003,https://assets.bundesliga.com/clublogos/DFL-SEA-0001K9/DFL-CLU-000003.svg,assets/logos/1-fc-heidenheim-1846.svg,Marnon-Thomas Busch,DFL-OBJ-0002JT,marnon-busch,2,Defender,1994-12-08,182,80,DEU,https://assets.bundesliga.com/player/dfl-obj-0002jt-dfl-clu-000018-dfl-sea-0001k9.png,assets/images/1-fc-heidenheim-1846/marnon-busch.png,2023-2024,DFL-SEA-0001K7,16,0,0,5,1,4,121,1,0,0,69.6,32.92,18,9,480,55,11
Heidenheim,DFL-CLU-000003,https://assets.bundesliga.com/clublogos/DFL-SEA-0001K9/DFL-CLU-000003.svg,assets/logos/1-fc-heidenheim-1846.svg,Marvin Pieringer,DFL-OBJ-0028T0,marvin-pieringer,18,Striker,1999-10-04,191,83,DEU,https://assets.bundesliga.com/player/dfl-obj-0028t0-dfl-clu-000018-dfl-sea-0001k9.png,assets/images/1-fc-heidenheim-1846/marvin-pieringer.png,2025-2026,DFL-SEA-0001K9,27,4,1,30,8,22,304,2,0,0,204.5,31.92,8,35,658,204,63
Heidenheim,DFL-CLU-000003,https://assets.bundesliga.com/clublogos/DFL-SEA-0001K9/DFL-CLU-000003.svg,assets/logos/1-fc-heidenheim-1846.svg,Marvin Pieringer,DFL-OBJ-0028T0,marvin-pieringer,18,Striker,1999-10-04,191,83,DEU,https://assets.bundesliga.com/player/dfl-obj-0028t0-dfl-clu-000018-dfl-sea-0001k9.png,assets/images/1-fc-heidenheim-1846/marvin-pieringer.png,2024-2025,DFL-SEA-0001K8,31,7,3,58,21,37,595,7,0,0,274.4,32.52,9,44,863,232,78
Heidenheim,DFL-CLU-000003,https://assets.bundesliga.com/clublogos/DFL-SEA-0001K9/DFL-CLU-000003.svg,assets/logos/1-fc-heidenheim-1846.svg,Marvin Pieringer,DFL-OBJ-0028T0,marvin-pieringer,18,Striker,1999-10-04,191,83,DEU,https://assets.bundesliga.com/player/dfl-obj-0028t0-dfl-clu-000018-dfl-sea-0001k9.png,assets/images/1-fc-heidenheim-1846/marvin-pieringer.png,2023-2024,DFL-SEA-0001K7,31,3,3,27,8,19,454,5,0,0,191.8,33.93,5,31,671,199,69
Heidenheim,DFL-CLU-000003,https://assets.bundesliga.com/clublogos/DFL-SEA-0001K9/DFL-CLU-000003.svg,assets/logos/1-fc-heidenheim-1846.svg,Mathias Honsak,DFL-OBJ-0028QV,mathias-honsak,17,Midfielder,1996-12-20,188,80,AUT,https://assets.bundesliga.com/player/dfl-obj-0028qv-dfl-clu-000018-dfl-sea-0001k9.png,assets/images/1-fc-heidenheim-1846/mathias-honsak.png,2025-2026,DFL-SEA-0001K9,27,2,1,33,11,22,244,1,0,0,155.4,34.67,23,10,606,132,27
Heidenheim,DFL-CLU-000003,https://assets.bundesliga.com/clublogos/DFL-SEA-0001K9/DFL-CLU-000003.svg,assets/logos/1-fc-heidenheim-1846.svg,Mathias Honsak,DFL-OBJ-0028QV,mathias-honsak,17,Midfielder,1996-12-20,188,80,AUT,https://assets.bundesliga.com/player/dfl-obj-0028qv-dfl-clu-000018-dfl-sea-0001k9.png,assets/images/1-fc-heidenheim-1846/mathias-honsak.png,2024-2025,DFL-SEA-0001K8,22,5,1,31,13,18,369,1,0,0,151.1,35.16,24,13,666,109,24
Heidenheim,DFL-CLU-000003,https://assets.bundesliga.com/clublogos/DFL-SEA-0001K9/DFL-CLU-000003.svg,assets/logos/1-fc-heidenheim-1846.svg,Mathias Honsak,DFL-OBJ-0028QV,mathias-honsak,17,Midfielder,1996-12-20,188,80,AUT,https://assets.bundesliga.com/player/dfl-obj-0028qv-dfl-clu-000018-dfl-sea-0001k9.png,assets/images/1-fc-heidenheim-1846/mathias-honsak.png,2023-2024,DFL-SEA-0001K7,23,1,1,24,6,18,265,1,0,0,124.8,33.79,7,14,472,91,21
Heidenheim,DFL-CLU-000003,https://assets.bundesliga.com/clublogos/DFL-SEA-0001K9/DFL-CLU-000003.svg,assets/logos/1-fc-heidenheim-1846.svg,Mikkel Kaufmann Sörensen,DFL-OBJ-J01EAQ,mikkel-kaufmann,29,Striker,2001-01-03,190,81,DNK,https://assets.bundesliga.com/player/dfl-obj-j01eaq-dfl-clu-000018-dfl-sea-0001k9.png,assets/images/1-fc-heidenheim-1846/mikkel-kaufmann.png,2025-2026,DFL-SEA-0001K9,16,1,1,11,3,8,142,2,0,0,69.9,34.41,0,12,180,68,24
Heidenheim,DFL-CLU-000003,https://assets.bundesliga.com/clublogos/DFL-SEA-0001K9/DFL-CLU-000003.svg,assets/logos/1-fc-heidenheim-1846.svg,Mikkel Kaufmann Sörensen,DFL-OBJ-J01EAQ,mikkel-kaufmann,29,Striker,2001-01-03,190,81,DNK,https://assets.bundesliga.com/player/dfl-obj-j01eaq-dfl-clu-000018-dfl-sea-0001k9.png,assets/images/1-fc-heidenheim-1846/mikkel-kaufmann.png,2024-2025,DFL-SEA-0001K8,9,0,0,4,3,1,135,2,0,0,48.1,33.79,2,5,148,51,17
Heidenheim,DFL-CLU-000003,https://assets.bundesliga.com/clublogos/DFL-SEA-0001K9/DFL-CLU-000003.svg,assets/logos/1-fc-heidenheim-1846.svg,Mikkel Kaufmann Sörensen,DFL-OBJ-J01EAQ,mikkel-kaufmann,29,Striker,2001-01-03,190,81,DNK,https://assets.bundesliga.com/player/dfl-obj-j01eaq-dfl-clu-000018-dfl-sea-0001k9.png,assets/images/1-fc-heidenheim-1846/mikkel-kaufmann.png,2023-2024,DFL-SEA-0001K7,18,1,0,14,6,8,199,0,0,0,65.7,34.11,3,8,237,78,24
Heidenheim,DFL-CLU-000003,https://assets.bundesliga.com/clublogos/DFL-SEA-0001K9/DFL-CLU-000003.svg,assets/logos/1-fc-heidenheim-1846.svg,Nick Rothweiler,DFL-OBJ-J02450,nick-rothweiler,33,Midfielder,2006-06-16,190,84,DEU,https://assets.bundesliga.com/player/dfl-obj-j02450-dfl-clu-000018-dfl-sea-0001k9.png,assets/images/1-fc-heidenheim-1846/nick-rothweiler.png,2025-2026,DFL-SEA-0001K9,,,,,,,,,,,,,,,,,
Heidenheim,DFL-CLU-000003,https://assets.bundesliga.com/clublogos/DFL-SEA-0001K9/DFL-CLU-000003.svg,assets/logos/1-fc-heidenheim-1846.svg,Niklas Bernd Dorsch,DFL-OBJ-0027BI,niklas-dorsch,30,Midfielder,1998-01-15,175,76,DEU,https://assets.bundesliga.com/player/dfl-obj-0027bi-dfl-clu-000018-dfl-sea-0001k9.png,assets/images/1-fc-heidenheim-1846/niklas-dorsch.png,2025-2026,DFL-SEA-0001K9,32,0,1,16,3,13,324,2,0,0,264.8,34.74,6,27,1358,221,17
Heidenheim,DFL-CLU-000003,https://assets.bundesliga.com/clublogos/DFL-SEA-0001K9/DFL-CLU-000003.svg,assets/logos/1-fc-heidenheim-1846.svg,Niklas Bernd Dorsch,DFL-OBJ-0027BI,niklas-dorsch,30,Midfielder,1998-01-15,175,76,DEU,https://assets.bundesliga.com/player/dfl-obj-0027bi-dfl-clu-000018-dfl-sea-0001k9.png,assets/images/1-fc-heidenheim-1846/niklas-dorsch.png,2024-2025,DFL-SEA-0001K8,23,2,2,9,3,6,266,5,0,0,170.4,32.99,9,14,887,122,10
Heidenheim,DFL-CLU-000003,https://assets.bundesliga.com/clublogos/DFL-SEA-0001K9/DFL-CLU-000003.svg,assets/logos/1-fc-heidenheim-1846.svg,Niklas Bernd Dorsch,DFL-OBJ-0027BI,niklas-dorsch,30,Midfielder,1998-01-15,175,76,DEU,https://assets.bundesliga.com/player/dfl-obj-0027bi-dfl-clu-000018-dfl-sea-0001k9.png,assets/images/1-fc-heidenheim-1846/niklas-dorsch.png,2023-2024,DFL-SEA-0001K7,21,0,0,14,0,14,227,5,0,0,171.3,32.85,2,18,840,133,17
Heidenheim,DFL-CLU-000003,https://assets.bundesliga.com/clublogos/DFL-SEA-0001K9/DFL-CLU-000003.svg,assets/logos/1-fc-heidenheim-1846.svg,Niklas Bernd Dorsch,DFL-OBJ-0027BI,niklas-dorsch,30,Midfielder,1998-01-15,175,76,DEU,https://assets.bundesliga.com/player/dfl-obj-0027bi-dfl-clu-000018-dfl-sea-0001k9.png,assets/images/1-fc-heidenheim-1846/niklas-dorsch.png,2022-2023,DFL-SEA-0001K6,11,0,0,0,0,0,74,1,0,0,52.6,32.01,0,9,262,56,4
Heidenheim,DFL-CLU-000003,https://assets.bundesliga.com/clublogos/DFL-SEA-0001K9/DFL-CLU-000003.svg,assets/logos/1-fc-heidenheim-1846.svg,Niklas Bernd Dorsch,DFL-OBJ-0027BI,niklas-dorsch,30,Midfielder,1998-01-15,175,76,DEU,https://assets.bundesliga.com/player/dfl-obj-0027bi-dfl-clu-000018-dfl-sea-0001k9.png,assets/images/1-fc-heidenheim-1846/niklas-dorsch.png,2021-2022,DFL-SEA-0001K5,30,1,0,12,1,11,377,8,0,0,277.4,33.09,1,53,1501,309,24
Heidenheim,DFL-CLU-000003,https://assets.bundesliga.com/clublogos/DFL-SEA-0001K9/DFL-CLU-000003.svg,assets/logos/1-fc-heidenheim-1846.svg,Omar Haktab Traoré,DFL-OBJ-J01AZQ,omar-haktab-traore,23,Defender,1998-02-04,187,78,"DEU , TGO",https://assets.bundesliga.com/player/dfl-obj-j01azq-dfl-clu-000018-dfl-sea-0001k9.png,assets/images/1-fc-heidenheim-1846/omar-haktab-traore.png,2025-2026,DFL-SEA-0001K9,26,0,2,10,2,8,291,2,0,0,171.7,33.77,29,20,975,134,15
Heidenheim,DFL-CLU-000003,https://assets.bundesliga.com/clublogos/DFL-SEA-0001K9/DFL-CLU-000003.svg,assets/logos/1-fc-heidenheim-1846.svg,Omar Haktab Traoré,DFL-OBJ-J01AZQ,omar-haktab-traore,23,Defender,1998-02-04,187,78,"DEU , TGO",https://assets.bundesliga.com/player/dfl-obj-j01azq-dfl-clu-000018-dfl-sea-0001k9.png,assets/images/1-fc-heidenheim-1846/omar-haktab-traore.png,2024-2025,DFL-SEA-0001K8,30,0,1,16,4,12,703,6,0,0,294.9,34.62,79,21,1799,240,19
Heidenheim,DFL-CLU-000003,https://assets.bundesliga.com/clublogos/DFL-SEA-0001K9/DFL-CLU-000003.svg,assets/logos/1-fc-heidenheim-1846.svg,Omar Haktab Traoré,DFL-OBJ-J01AZQ,omar-haktab-traore,23,Defender,1998-02-04,187,78,"DEU , TGO",https://assets.bundesliga.com/player/dfl-obj-j01azq-dfl-clu-000018-dfl-sea-0001k9.png,assets/images/1-fc-heidenheim-1846/omar-haktab-traore.png,2023-2024,DFL-SEA-0001K7,31,0,2,11,1,10,577,5,0,0,251.7,34.01,53,26,1624,227,19
Heidenheim,DFL-CLU-000003,https://assets.bundesliga.com/clublogos/DFL-SEA-0001K9/DFL-CLU-000003.svg,assets/logos/1-fc-heidenheim-1846.svg,Patrick Mainka,DFL-OBJ-0001K8,patrick-mainka,6,Defender,1994-11-06,194,86,DEU,https://assets.bundesliga.com/player/dfl-obj-0001k8-dfl-clu-000018-dfl-sea-0001k9.png,assets/images/1-fc-heidenheim-1846/patrick-mainka.png,2025-2026,DFL-SEA-0001K9,34,2,2,33,10,23,286,1,0,0,358.4,32.08,0,12,1937,345,165
Heidenheim,DFL-CLU-000003,https://assets.bundesliga.com/clublogos/DFL-SEA-0001K9/DFL-CLU-000003.svg,assets/logos/1-fc-heidenheim-1846.svg,Patrick Mainka,DFL-OBJ-0001K8,patrick-mainka,6,Defender,1994-11-06,194,86,DEU,https://assets.bundesliga.com/player/dfl-obj-0001k8-dfl-clu-000018-dfl-sea-0001k9.png,assets/images/1-fc-heidenheim-1846/patrick-mainka.png,2024-2025,DFL-SEA-0001K8,34,1,0,25,9,16,498,4,0,0,366.2,31.37,3,17,2250,338,124
Heidenheim,DFL-CLU-000003,https://assets.bundesliga.com/clublogos/DFL-SEA-0001K9/DFL-CLU-000003.svg,assets/logos/1-fc-heidenheim-1846.svg,Patrick Mainka,DFL-OBJ-0001K8,patrick-mainka,6,Defender,1994-11-06,194,86,DEU,https://assets.bundesliga.com/player/dfl-obj-0001k8-dfl-clu-000018-dfl-sea-0001k9.png,assets/images/1-fc-heidenheim-1846/patrick-mainka.png,2023-2024,DFL-SEA-0001K7,34,2,0,27,9,18,433,1,0,0,336.2,32.53,1,23,2042,368,134
Heidenheim,DFL-CLU-000003,https://assets.bundesliga.com/clublogos/DFL-SEA-0001K9/DFL-CLU-000003.svg,assets/logos/1-fc-heidenheim-1846.svg,Paul Tschernuth,DFL-OBJ-J01I8O,paul-tschernuth,34,Goalkeeper,2002-01-20,186,84,AUT,https://assets.bundesliga.com/player/dfl-obj-j01i8o-dfl-clu-000018-dfl-sea-0001k9.png,assets/images/1-fc-heidenheim-1846/paul-tschernuth.png,2025-2026,DFL-SEA-0001K9,,,,,,,,,,,,,,,,,
Heidenheim,DFL-CLU-000003,https://assets.bundesliga.com/clublogos/DFL-SEA-0001K9/DFL-CLU-000003.svg,assets/logos/1-fc-heidenheim-1846.svg,Sirlord Calvin Conteh,DFL-OBJ-0028HA,sirlord-conteh,31,Midfielder,1996-07-09,178,78,"DEU , GHA",https://assets.bundesliga.com/player/dfl-obj-0028ha-dfl-clu-000018-dfl-sea-0001k9.png,assets/images/1-fc-heidenheim-1846/sirlord-conteh.png,2025-2026,DFL-SEA-0001K9,15,2,1,10,3,7,206,1,0,0,73.8,35.29,10,7,240,57,6
Heidenheim,DFL-CLU-000003,https://assets.bundesliga.com/clublogos/DFL-SEA-0001K9/DFL-CLU-000003.svg,assets/logos/1-fc-heidenheim-1846.svg,Sirlord Calvin Conteh,DFL-OBJ-0028HA,sirlord-conteh,31,Midfielder,1996-07-09,178,78,"DEU , GHA",https://assets.bundesliga.com/player/dfl-obj-0028ha-dfl-clu-000018-dfl-sea-0001k9.png,assets/images/1-fc-heidenheim-1846/sirlord-conteh.png,2024-2025,DFL-SEA-0001K8,29,1,1,13,5,8,378,2,0,0,110.6,36.82,12,7,314,69,15
Heidenheim,DFL-CLU-000003,https://assets.bundesliga.com/clublogos/DFL-SEA-0001K9/DFL-CLU-000003.svg,assets/logos/1-fc-heidenheim-1846.svg,Stefan Schimmer,DFL-OBJ-002G56,stefan-schimmer,9,Striker,1994-04-28,185,87,DEU,https://assets.bundesliga.com/player/dfl-obj-002g56-dfl-clu-000018-dfl-sea-0001k9.png,assets/images/1-fc-heidenheim-1846/stefan-schimmer.png,2025-2026,DFL-SEA-0001K9,27,5,1,30,11,19,184,1,0,0,114.8,31.99,8,12,278,81,26
Heidenheim,DFL-CLU-000003,https://assets.bundesliga.com/clublogos/DFL-SEA-0001K9/DFL-CLU-000003.svg,assets/logos/1-fc-heidenheim-1846.svg,Stefan Schimmer,DFL-OBJ-002G56,stefan-schimmer,9,Striker,1994-04-28,185,87,DEU,https://assets.bundesliga.com/player/dfl-obj-002g56-dfl-clu-000018-dfl-sea-0001k9.png,assets/images/1-fc-heidenheim-1846/stefan-schimmer.png,2024-2025,DFL-SEA-0001K8,13,0,0,9,2,7,94,1,0,0,36.8,32.17,2,2,81,16,4
Heidenheim,DFL-CLU-000003,https://assets.bundesliga.com/clublogos/DFL-SEA-0001K9/DFL-CLU-000003.svg,assets/logos/1-fc-heidenheim-1846.svg,Stefan Schimmer,DFL-OBJ-002G56,stefan-schimmer,9,Striker,1994-04-28,185,87,DEU,https://assets.bundesliga.com/player/dfl-obj-002g56-dfl-clu-000018-dfl-sea-0001k9.png,assets/images/1-fc-heidenheim-1846/stefan-schimmer.png,2023-2024,DFL-SEA-0001K7,16,0,1,5,0,5,66,0,0,0,29.1,30.87,2,1,73,16,6
Heidenheim,DFL-CLU-000003,https://assets.bundesliga.com/clublogos/DFL-SEA-0001K9/DFL-CLU-000003.svg,assets/logos/1-fc-heidenheim-1846.svg,Tim Siersleben,DFL-OBJ-002G76,tim-siersleben,4,Defender,2000-03-09,187,80,DEU,https://assets.bundesliga.com/player/dfl-obj-002g76-dfl-clu-000018-dfl-sea-0001k9.png,assets/images/1-fc-heidenheim-1846/tim-siersleben.png,2025-2026,DFL-SEA-0001K9,15,0,0,4,3,1,114,2,0,0,133.8,31.95,10,12,750,84,20
Heidenheim,DFL-CLU-000003,https://assets.bundesliga.com/clublogos/DFL-SEA-0001K9/DFL-CLU-000003.svg,assets/logos/1-fc-heidenheim-1846.svg,Tim Siersleben,DFL-OBJ-002G76,tim-siersleben,4,Defender,2000-03-09,187,80,DEU,https://assets.bundesliga.com/player/dfl-obj-002g76-dfl-clu-000018-dfl-sea-0001k9.png,assets/images/1-fc-heidenheim-1846/tim-siersleben.png,2024-2025,DFL-SEA-0001K8,16,0,0,4,2,2,209,4,0,0,147.5,33.42,9,18,926,102,18
Heidenheim,DFL-CLU-000003,https://assets.bundesliga.com/clublogos/DFL-SEA-0001K9/DFL-CLU-000003.svg,assets/logos/1-fc-heidenheim-1846.svg,Tim Siersleben,DFL-OBJ-002G76,tim-siersleben,4,Defender,2000-03-09,187,80,DEU,https://assets.bundesliga.com/player/dfl-obj-002g76-dfl-clu-000018-dfl-sea-0001k9.png,assets/images/1-fc-heidenheim-1846/tim-siersleben.png,2023-2024,DFL-SEA-0001K7,14,0,0,3,0,3,97,1,0,0,104.1,31.66,0,14,677,70,11
Heidenheim,DFL-CLU-000003,https://assets.bundesliga.com/clublogos/DFL-SEA-0001K9/DFL-CLU-000003.svg,assets/logos/1-fc-heidenheim-1846.svg,Tim Siersleben,DFL-OBJ-002G76,tim-siersleben,4,Defender,2000-03-09,187,80,DEU,https://assets.bundesliga.com/player/dfl-obj-002g76-dfl-clu-000018-dfl-sea-0001k9.png,assets/images/1-fc-heidenheim-1846/tim-siersleben.png,2020-2021,DFL-SEA-0001K4,1,0,0,1,0,1,2,0,0,0,4,27.07,0,0,28,6,1
Heidenheim,DFL-CLU-000003,https://assets.bundesliga.com/clublogos/DFL-SEA-0001K9/DFL-CLU-000003.svg,assets/logos/1-fc-heidenheim-1846.svg,Tobias Weigel,DFL-OBJ-J024ZC,tobias-weigel,37,Striker,2007-04-26,175,,DEU,https://assets.bundesliga.com/player/dfl-obj-j024zc-dfl-clu-000018-dfl-sea-0001k9.png,assets/images/1-fc-heidenheim-1846/tobias-weigel.png,2025-2026,DFL-SEA-0001K9,1,0,0,0,0,0,0,0,0,0,0.6,22.66,0,0,2,0,0
Heidenheim,DFL-CLU-000003,https://assets.bundesliga.com/clublogos/DFL-SEA-0001K9/DFL-CLU-000003.svg,assets/logos/1-fc-heidenheim-1846.svg,Yannik Wagner,DFL-OBJ-J024K2,yannik-wagner,38,Striker,2007-05-09,182,73,DEU,https://assets.bundesliga.com/player/dfl-obj-j024k2-dfl-clu-000018-dfl-sea-0001k9.png,assets/images/1-fc-heidenheim-1846/yannik-wagner.png,2025-2026,DFL-SEA-0001K9,4,0,0,1,0,1,18,0,0,0,9.3,32.64,2,0,18,2,0
Cologne,DFL-CLU-00000L,https://assets.bundesliga.com/clublogos/DFL-SEA-0001K9/DFL-CLU-00000L.svg,assets/logos/1-fc-koeln.svg,Alessio Daniel Castro-Montes,DFL-OBJ-J01D5B,alessio-castro-montes,17,Midfielder,1997-05-17,175,67,"BEL , ESP",https://assets.bundesliga.com/player/dfl-obj-j01d5b-dfl-clu-000008-dfl-sea-0001k9.png,assets/images/1-fc-koeln/alessio-castro-montes.png,2025-2026,DFL-SEA-0001K9,14,1,3,7,1,6,155,2,0,0,81.6,32.17,16,12,543,83,13
Cologne,DFL-CLU-00000L,https://assets.bundesliga.com/clublogos/DFL-SEA-0001K9/DFL-CLU-00000L.svg,assets/logos/1-fc-koeln.svg,Cenk Özkacar,DFL-OBJ-J01T3R,cenk-ozkacar,39,Defender,2000-10-06,190,90,TUR,https://assets.bundesliga.com/player/dfl-obj-j01t3r-dfl-clu-000008-dfl-sea-0001k9.png,assets/images/1-fc-koeln/cenk-ozkacar.png,2025-2026,DFL-SEA-0001K9,25,0,0,10,4,6,223,2,0,0,202.3,33.76,1,12,1415,181,68
Cologne,DFL-CLU-00000L,https://assets.bundesliga.com/clublogos/DFL-SEA-0001K9/DFL-CLU-00000L.svg,assets/logos/1-fc-koeln.svg,Cenny Neumann,DFL-OBJ-J01NB6,cenny-neumann,36,Defender,2007-01-12,178,75,DEU,https://assets.bundesliga.com/player/dfl-obj-j01nb6-dfl-clu-000008-dfl-sea-0001k9.png,assets/images/1-fc-koeln/cenny-neumann.png,2025-2026,DFL-SEA-0001K9,2,0,0,0,0,0,14,0,0,0,10.3,29.35,0,1,38,3,1
Cologne,DFL-CLU-00000L,https://assets.bundesliga.com/clublogos/DFL-SEA-0001K9/DFL-CLU-00000L.svg,assets/logos/1-fc-koeln.svg,David Samuel Fürst,DFL-OBJ-J0259H,david-furst,49,Midfielder,2007-04-03,185,,"DEU , COD",https://assets.bundesliga.com/player/dfl-obj-j0259h-dfl-clu-000008-dfl-sea-0001k9.png,assets/images/1-fc-koeln/david-furst.png,2025-2026,DFL-SEA-0001K9,,,,,,,,,,,,,,,,,
Cologne,DFL-CLU-00000L,https://assets.bundesliga.com/clublogos/DFL-SEA-0001K9/DFL-CLU-00000L.svg,assets/logos/1-fc-koeln.svg,Denis Huseinbašić,DFL-OBJ-J01DVC,denis-huseinbasic,8,Midfielder,2001-07-03,184,76,"BIH , DEU",https://assets.bundesliga.com/player/dfl-obj-j01dvc-dfl-clu-000008-dfl-sea-0001k9.png,assets/images/1-fc-koeln/denis-huseinbasic.png,2025-2026,DFL-SEA-0001K9,15,0,0,6,0,6,104,1,0,0,99,32.47,0,7,502,47,5
Cologne,DFL-CLU-00000L,https://assets.bundesliga.com/clublogos/DFL-SEA-0001K9/DFL-CLU-00000L.svg,assets/logos/1-fc-koeln.svg,Denis Huseinbašić,DFL-OBJ-J01DVC,denis-huseinbasic,8,Midfielder,2001-07-03,184,76,"BIH , DEU",https://assets.bundesliga.com/player/dfl-obj-j01dvc-dfl-clu-000008-dfl-sea-0001k9.png,assets/images/1-fc-koeln/denis-huseinbasic.png,2023-2024,DFL-SEA-0001K7,26,0,3,12,3,9,353,5,0,0,213.5,33.59,11,25,991,141,9
Cologne,DFL-CLU-00000L,https://assets.bundesliga.com/clublogos/DFL-SEA-0001K9/DFL-CLU-00000L.svg,assets/logos/1-fc-koeln.svg,Denis Huseinbašić,DFL-OBJ-J01DVC,denis-huseinbasic,8,Midfielder,2001-07-03,184,76,"BIH , DEU",https://assets.bundesliga.com/player/dfl-obj-j01dvc-dfl-clu-000008-dfl-sea-0001k9.png,assets/images/1-fc-koeln/denis-huseinbasic.png,2022-2023,DFL-SEA-0001K6,24,4,1,16,4,12,245,3,0,0,108.4,32.19,8,14,419,95,4
Cologne,DFL-CLU-00000L,https://assets.bundesliga.com/clublogos/DFL-SEA-0001K9/DFL-CLU-00000L.svg,assets/logos/1-fc-koeln.svg,Dominique Heintz,DFL-OBJ-0000XU,dominique-heintz,3,Defender,1993-08-15,188,89,DEU,https://assets.bundesliga.com/player/dfl-obj-0000xu-dfl-clu-000008-dfl-sea-0001k9.png,assets/images/1-fc-koeln/dominique-heintz.png,2025-2026,DFL-SEA-0001K9,9,0,0,0,0,0,20,0,0,0,46.1,29.26,0,2,326,45,21
Cologne,DFL-CLU-00000L,https://assets.bundesliga.com/clublogos/DFL-SEA-0001K9/DFL-CLU-00000L.svg,assets/logos/1-fc-koeln.svg,Dominique Heintz,DFL-OBJ-0000XU,dominique-heintz,3,Defender,1993-08-15,188,89,DEU,https://assets.bundesliga.com/player/dfl-obj-0000xu-dfl-clu-000008-dfl-sea-0001k9.png,assets/images/1-fc-koeln/dominique-heintz.png,2023-2024,DFL-SEA-0001K7,12,0,0,0,0,0,75,0,0,0,72.5,31.16,18,7,506,40,12
Cologne,DFL-CLU-00000L,https://assets.bundesliga.com/clublogos/DFL-SEA-0001K9/DFL-CLU-00000L.svg,assets/logos/1-fc-koeln.svg,Dominique Heintz,DFL-OBJ-0000XU,dominique-heintz,3,Defender,1993-08-15,188,89,DEU,https://assets.bundesliga.com/player/dfl-obj-0000xu-dfl-clu-000008-dfl-sea-0001k9.png,assets/images/1-fc-koeln/dominique-heintz.png,2022-2023,DFL-SEA-0001K6,11,0,0,3,1,2,90,1,0,0,77.5,30.94,4,11,425,70,22
Cologne,DFL-CLU-00000L,https://assets.bundesliga.com/clublogos/DFL-SEA-0001K9/DFL-CLU-00000L.svg,assets/logos/1-fc-koeln.svg,Dominique Heintz,DFL-OBJ-0000XU,dominique-heintz,3,Defender,1993-08-15,188,89,DEU,https://assets.bundesliga.com/player/dfl-obj-0000xu-dfl-clu-000008-dfl-sea-0001k9.png,assets/images/1-fc-koeln/dominique-heintz.png,2021-2022,DFL-SEA-0001K5,8,0,0,1,1,0,60,0,0,0,57.2,29.99,2,5,355,53,12
Cologne,DFL-CLU-00000L,https://assets.bundesliga.com/clublogos/DFL-SEA-0001K9/DFL-CLU-00000L.svg,assets/logos/1-fc-koeln.svg,Dominique Heintz,DFL-OBJ-0000XU,dominique-heintz,3,Defender,1993-08-15,188,89,DEU,https://assets.bundesliga.com/player/dfl-obj-0000xu-dfl-clu-000008-dfl-sea-0001k9.png,assets/images/1-fc-koeln/dominique-heintz.png,2020-2021,DFL-SEA-0001K4,22,0,0,4,1,3,169,3,0,0,169.1,32.06,1,16,1160,126,38
Cologne,DFL-CLU-00000L,https://assets.bundesliga.com/clublogos/DFL-SEA-0001K9/DFL-CLU-00000L.svg,assets/logos/1-fc-koeln.svg,Dominique Heintz,DFL-OBJ-0000XU,dominique-heintz,3,Defender,1993-08-15,188,89,DEU,https://assets.bundesliga.com/player/dfl-obj-0000xu-dfl-clu-000008-dfl-sea-0001k9.png,assets/images/1-fc-koeln/dominique-heintz.png,2019-2020,DFL-SEA-0001K3,28,0,1,4,2,2,283,2,0,0,270.7,32.68,9,14,1702,230,45
Cologne,DFL-CLU-00000L,https://assets.bundesliga.com/clublogos/DFL-SEA-0001K9/DFL-CLU-00000L.svg,assets/logos/1-fc-koeln.svg,Eric Martel,DFL-OBJ-002GKO,eric-martel,6,Midfielder,2002-04-29,188,81,DEU,https://assets.bundesliga.com/player/dfl-obj-002gko-dfl-clu-000008-dfl-sea-0001k9.png,assets/images/1-fc-koeln/eric-martel.png,2025-2026,DFL-SEA-0001K9,31,2,2,21,5,16,216,10,0,0,325.6,31.53,7,41,1871,306,104
Cologne,DFL-CLU-00000L,https://assets.bundesliga.com/clublogos/DFL-SEA-0001K9/DFL-CLU-00000L.svg,assets/logos/1-fc-koeln.svg,Eric Martel,DFL-OBJ-002GKO,eric-martel,6,Midfielder,2002-04-29,188,81,DEU,https://assets.bundesliga.com/player/dfl-obj-002gko-dfl-clu-000008-dfl-sea-0001k9.png,assets/images/1-fc-koeln/eric-martel.png,2023-2024,DFL-SEA-0001K7,30,1,1,25,9,16,454,6,0,0,330.8,32.51,13,56,1563,340,93
Cologne,DFL-CLU-00000L,https://assets.bundesliga.com/clublogos/DFL-SEA-0001K9/DFL-CLU-00000L.svg,assets/logos/1-fc-koeln.svg,Eric Martel,DFL-OBJ-002GKO,eric-martel,6,Midfielder,2002-04-29,188,81,DEU,https://assets.bundesliga.com/player/dfl-obj-002gko-dfl-clu-000008-dfl-sea-0001k9.png,assets/images/1-fc-koeln/eric-martel.png,2022-2023,DFL-SEA-0001K6,29,1,1,27,7,20,476,6,0,0,256.4,32.04,16,37,1258,288,70
Cologne,DFL-CLU-00000L,https://assets.bundesliga.com/clublogos/DFL-SEA-0001K9/DFL-CLU-00000L.svg,assets/logos/1-fc-koeln.svg,Fayssal Harchaoui,DFL-OBJ-J01LAR,fayssal-harchaoui,34,Midfielder,2006-01-15,175,74,"DEU , MAR",https://assets.bundesliga.com/player/dfl-obj-j01lar-dfl-clu-000008-dfl-sea-0001k9.png,assets/images/1-fc-koeln/fayssal-harchaoui.png,2025-2026,DFL-SEA-0001K9,,,,,,,,,,,,,,,,,
Cologne,DFL-CLU-00000L,https://assets.bundesliga.com/clublogos/DFL-SEA-0001K9/DFL-CLU-00000L.svg,assets/logos/1-fc-koeln.svg,Felipe Marlon Chávez Somocursio,DFL-OBJ-J01NAG,felipe-chavez,27,Midfielder,2007-04-10,175,,"PER , DEU",https://assets.bundesliga.com/player/dfl-obj-j01nag-dfl-clu-000008-dfl-sea-0001k9.png,assets/images/1-fc-koeln/felipe-chavez.png,2025-2026,DFL-SEA-0001K9,9,0,0,6,1,5,23,0,0,0,21.1,31.2,0,1,107,10,1
Cologne,DFL-CLU-00000L,https://assets.bundesliga.com/clublogos/DFL-SEA-0001K9/DFL-CLU-00000L.svg,assets/logos/1-fc-koeln.svg,Florian Kainz,DFL-OBJ-0027AX,florian-kainz,11,Midfielder,1992-10-24,176,71,AUT,https://assets.bundesliga.com/player/dfl-obj-0027ax-dfl-clu-000008-dfl-sea-0001k9.png,assets/images/1-fc-koeln/florian-kainz.png,2025-2026,DFL-SEA-0001K9,15,1,1,8,4,4,38,1,0,0,41.2,28.97,3,4,246,27,2
Cologne,DFL-CLU-00000L,https://assets.bundesliga.com/clublogos/DFL-SEA-0001K9/DFL-CLU-00000L.svg,assets/logos/1-fc-koeln.svg,Florian Kainz,DFL-OBJ-0027AX,florian-kainz,11,Midfielder,1992-10-24,176,71,AUT,https://assets.bundesliga.com/player/dfl-obj-0027ax-dfl-clu-000008-dfl-sea-0001k9.png,assets/images/1-fc-koeln/florian-kainz.png,2023-2024,DFL-SEA-0001K7,33,5,4,28,9,19,548,4,0,0,274.3,32.98,63,18,1385,172,21
Cologne,DFL-CLU-00000L,https://assets.bundesliga.com/clublogos/DFL-SEA-0001K9/DFL-CLU-00000L.svg,assets/logos/1-fc-koeln.svg,Florian Kainz,DFL-OBJ-0027AX,florian-kainz,11,Midfielder,1992-10-24,176,71,AUT,https://assets.bundesliga.com/player/dfl-obj-0027ax-dfl-clu-000008-dfl-sea-0001k9.png,assets/images/1-fc-koeln/florian-kainz.png,2022-2023,DFL-SEA-0001K6,32,6,10,56,22,34,587,4,0,0,264.5,32.4,77,30,1595,233,16
Cologne,DFL-CLU-00000L,https://assets.bundesliga.com/clublogos/DFL-SEA-0001K9/DFL-CLU-00000L.svg,assets/logos/1-fc-koeln.svg,Florian Kainz,DFL-OBJ-0027AX,florian-kainz,11,Midfielder,1992-10-24,176,71,AUT,https://assets.bundesliga.com/player/dfl-obj-0027ax-dfl-clu-000008-dfl-sea-0001k9.png,assets/images/1-fc-koeln/florian-kainz.png,2021-2022,DFL-SEA-0001K5,32,4,4,39,15,24,762,2,0,0,281.7,31.63,103,35,1453,254,20
Cologne,DFL-CLU-00000L,https://assets.bundesliga.com/clublogos/DFL-SEA-0001K9/DFL-CLU-00000L.svg,assets/logos/1-fc-koeln.svg,Florian Kainz,DFL-OBJ-0027AX,florian-kainz,11,Midfielder,1992-10-24,176,71,AUT,https://assets.bundesliga.com/player/dfl-obj-0027ax-dfl-clu-000008-dfl-sea-0001k9.png,assets/images/1-fc-koeln/florian-kainz.png,2020-2021,DFL-SEA-0001K4,8,1,0,9,3,6,122,1,0,0,54.2,31.82,14,4,270,47,4
Cologne,DFL-CLU-00000L,https://assets.bundesliga.com/clublogos/DFL-SEA-0001K9/DFL-CLU-00000L.svg,assets/logos/1-fc-koeln.svg,Florian Kainz,DFL-OBJ-0027AX,florian-kainz,11,Midfielder,1992-10-24,176,71,AUT,https://assets.bundesliga.com/player/dfl-obj-0027ax-dfl-clu-000008-dfl-sea-0001k9.png,assets/images/1-fc-koeln/florian-kainz.png,2019-2020,DFL-SEA-0001K3,28,5,6,44,17,27,449,5,0,0,194.1,31.59,80,15,987,159,12
Cologne,DFL-CLU-00000L,https://assets.bundesliga.com/clublogos/DFL-SEA-0001K9/DFL-CLU-00000L.svg,assets/logos/1-fc-koeln.svg,Fynn Schenten,DFL-OBJ-J02579,fynn-schenten,40,Striker,2007-09-14,189,81,"DEU , FRA",https://assets.bundesliga.com/player/dfl-obj-j02579-dfl-clu-000008-dfl-sea-0001k9.png,assets/images/1-fc-koeln/fynn-schenten.png,2025-2026,DFL-SEA-0001K9,7,0,0,1,0,1,37,0,0,0,16.8,32.42,1,2,30,8,2
Cologne,DFL-CLU-00000L,https://assets.bundesliga.com/clublogos/DFL-SEA-0001K9/DFL-CLU-00000L.svg,assets/logos/1-fc-koeln.svg,Ísak Bergmann Jóhannesson,DFL-OBJ-J01GSF,isak-johannesson,18,Midfielder,2003-03-23,180,72,"ISL , ENG",https://assets.bundesliga.com/player/dfl-obj-j01gsf-dfl-clu-000008-dfl-sea-0001k9.png,assets/images/1-fc-koeln/isak-johannesson.png,2025-2026,DFL-SEA-0001K9,31,1,2,13,4,9,361,6,0,0,248.2,33.38,16,13,1149,118,16
Cologne,DFL-CLU-00000L,https://assets.bundesliga.com/clublogos/DFL-SEA-0001K9/DFL-CLU-00000L.svg,assets/logos/1-fc-koeln.svg,Jahmai Simpson-Pusey,DFL-OBJ-J01ZCA,jahmai-simpson-pusey,22,Defender,2005-11-04,187,70,ENG,https://assets.bundesliga.com/player/dfl-obj-j01zca-dfl-clu-000008-dfl-sea-0001k9.png,assets/images/1-fc-koeln/jahmai-simpson-pusey.png,2025-2026,DFL-SEA-0001K9,11,0,0,6,3,3,79,2,0,0,86.5,31.33,1,4,696,79,29
Cologne,DFL-CLU-00000L,https://assets.bundesliga.com/clublogos/DFL-SEA-0001K9/DFL-CLU-00000L.svg,assets/logos/1-fc-koeln.svg,Jakub Piotr Kamiński,DFL-OBJ-J01FYE,jakub-kaminski,16,Midfielder,2002-06-05,179,64,POL,https://assets.bundesliga.com/player/dfl-obj-j01fye-dfl-clu-000008-dfl-sea-0001k9.png,assets/images/1-fc-koeln/jakub-kaminski.png,2025-2026,DFL-SEA-0001K9,34,7,3,67,26,41,732,4,0,0,373.3,34.37,39,13,1611,253,15
Cologne,DFL-CLU-00000L,https://assets.bundesliga.com/clublogos/DFL-SEA-0001K9/DFL-CLU-00000L.svg,assets/logos/1-fc-koeln.svg,Jakub Piotr Kamiński,DFL-OBJ-J01FYE,jakub-kaminski,16,Midfielder,2002-06-05,179,64,POL,https://assets.bundesliga.com/player/dfl-obj-j01fye-dfl-clu-000008-dfl-sea-0001k9.png,assets/images/1-fc-koeln/jakub-kaminski.png,2024-2025,DFL-SEA-0001K8,22,0,2,16,3,13,399,2,0,0,141.4,34.66,22,10,615,83,9
Cologne,DFL-CLU-00000L,https://assets.bundesliga.com/clublogos/DFL-SEA-0001K9/DFL-CLU-00000L.svg,assets/logos/1-fc-koeln.svg,Jakub Piotr Kamiński,DFL-OBJ-J01FYE,jakub-kaminski,16,Midfielder,2002-06-05,179,64,POL,https://assets.bundesliga.com/player/dfl-obj-j01fye-dfl-clu-000008-dfl-sea-0001k9.png,assets/images/1-fc-koeln/jakub-kaminski.png,2023-2024,DFL-SEA-0001K7,17,0,2,10,3,7,183,0,0,0,67.5,33.78,11,2,275,43,5
Cologne,DFL-CLU-00000L,https://assets.bundesliga.com/clublogos/DFL-SEA-0001K9/DFL-CLU-00000L.svg,assets/logos/1-fc-koeln.svg,Jakub Piotr Kamiński,DFL-OBJ-J01FYE,jakub-kaminski,16,Midfielder,2002-06-05,179,64,POL,https://assets.bundesliga.com/player/dfl-obj-j01fye-dfl-clu-000008-dfl-sea-0001k9.png,assets/images/1-fc-koeln/jakub-kaminski.png,2022-2023,DFL-SEA-0001K6,31,4,2,40,18,22,717,0,0,0,248.1,34.66,33,9,956,183,14
Cologne,DFL-CLU-00000L,https://assets.bundesliga.com/clublogos/DFL-SEA-0001K9/DFL-CLU-00000L.svg,assets/logos/1-fc-koeln.svg,Jan Uwe Thielmann,DFL-OBJ-002G89,jan-thielmann,29,Midfielder,2002-05-26,178,72,DEU,https://assets.bundesliga.com/player/dfl-obj-002g89-dfl-clu-000008-dfl-sea-0001k9.png,assets/images/1-fc-koeln/jan-thielmann.png,2025-2026,DFL-SEA-0001K9,26,3,1,28,12,16,284,4,0,0,191.4,33.48,30,11,725,124,20
Cologne,DFL-CLU-00000L,https://assets.bundesliga.com/clublogos/DFL-SEA-0001K9/DFL-CLU-00000L.svg,assets/logos/1-fc-koeln.svg,Jan Uwe Thielmann,DFL-OBJ-002G89,jan-thielmann,29,Midfielder,2002-05-26,178,72,DEU,https://assets.bundesliga.com/player/dfl-obj-002g89-dfl-clu-000008-dfl-sea-0001k9.png,assets/images/1-fc-koeln/jan-thielmann.png,2023-2024,DFL-SEA-0001K7,22,1,0,35,12,23,529,4,0,0,192.9,34.3,34,27,813,192,23
Cologne,DFL-CLU-00000L,https://assets.bundesliga.com/clublogos/DFL-SEA-0001K9/DFL-CLU-00000L.svg,assets/logos/1-fc-koeln.svg,Jan Uwe Thielmann,DFL-OBJ-002G89,jan-thielmann,29,Midfielder,2002-05-26,178,72,DEU,https://assets.bundesliga.com/player/dfl-obj-002g89-dfl-clu-000008-dfl-sea-0001k9.png,assets/images/1-fc-koeln/jan-thielmann.png,2022-2023,DFL-SEA-0001K6,23,2,2,12,6,6,311,5,0,0,100.8,34.07,32,15,422,122,16
Cologne,DFL-CLU-00000L,https://assets.bundesliga.com/clublogos/DFL-SEA-0001K9/DFL-CLU-00000L.svg,assets/logos/1-fc-koeln.svg,Jan Uwe Thielmann,DFL-OBJ-002G89,jan-thielmann,29,Midfielder,2002-05-26,178,72,DEU,https://assets.bundesliga.com/player/dfl-obj-002g89-dfl-clu-000008-dfl-sea-0001k9.png,assets/images/1-fc-koeln/jan-thielmann.png,2021-2022,DFL-SEA-0001K5,29,3,3,15,6,9,503,6,0,0,152.4,34.36,40,11,614,130,17
Cologne,DFL-CLU-00000L,https://assets.bundesliga.com/clublogos/DFL-SEA-0001K9/DFL-CLU-00000L.svg,assets/logos/1-fc-koeln.svg,Jan Uwe Thielmann,DFL-OBJ-002G89,jan-thielmann,29,Midfielder,2002-05-26,178,72,DEU,https://assets.bundesliga.com/player/dfl-obj-002g89-dfl-clu-000008-dfl-sea-0001k9.png,assets/images/1-fc-koeln/jan-thielmann.png,2020-2021,DFL-SEA-0001K4,23,2,3,13,5,8,433,0,0,0,133.8,33.54,36,13,481,98,16
Cologne,DFL-CLU-00000L,https://assets.bundesliga.com/clublogos/DFL-SEA-0001K9/DFL-CLU-00000L.svg,assets/logos/1-fc-koeln.svg,Jan Uwe Thielmann,DFL-OBJ-002G89,jan-thielmann,29,Midfielder,2002-05-26,178,72,DEU,https://assets.bundesliga.com/player/dfl-obj-002g89-dfl-clu-000008-dfl-sea-0001k9.png,assets/images/1-fc-koeln/jan-thielmann.png,2019-2020,DFL-SEA-0001K3,12,0,1,8,2,6,219,2,0,0,73.4,33.5,17,7,255,56,6
Cologne,DFL-CLU-00000L,https://assets.bundesliga.com/clublogos/DFL-SEA-0001K9/DFL-CLU-00000L.svg,assets/logos/1-fc-koeln.svg,Joël Pascal Schmied,DFL-OBJ-J019VX,joel-schmied,2,Defender,1998-09-23,188,84,CHE,https://assets.bundesliga.com/player/dfl-obj-j019vx-dfl-clu-000008-dfl-sea-0001k9.png,assets/images/1-fc-koeln/joel-schmied.png,2025-2026,DFL-SEA-0001K9,16,0,0,3,0,3,128,5,0,0,122.6,34.34,4,16,624,95,24
Cologne,DFL-CLU-00000L,https://assets.bundesliga.com/clublogos/DFL-SEA-0001K9/DFL-CLU-00000L.svg,assets/logos/1-fc-koeln.svg,Kristoffer Lund Hansen,DFL-OBJ-J01XHG,kristoffer-lund,32,Defender,2002-05-14,184,80,"USA , DNK",https://assets.bundesliga.com/player/dfl-obj-j01xhg-dfl-clu-000008-dfl-sea-0001k9.png,assets/images/1-fc-koeln/kristoffer-lund.png,2025-2026,DFL-SEA-0001K9,33,0,2,20,4,16,550,2,0,0,274.3,35.11,55,12,1538,245,38
Cologne,DFL-CLU-00000L,https://assets.bundesliga.com/clublogos/DFL-SEA-0001K9/DFL-CLU-00000L.svg,assets/logos/1-fc-koeln.svg,Linton Maina,DFL-OBJ-0028BD,linton-maina,37,Midfielder,1999-06-23,173,70,"DEU , KEN",https://assets.bundesliga.com/player/dfl-obj-0028bd-dfl-clu-000008-dfl-sea-0001k9.png,assets/images/1-fc-koeln/linton-maina.png,2025-2026,DFL-SEA-0001K9,24,2,0,20,7,13,248,0,0,0,127.6,35.15,16,8,486,87,3
Cologne,DFL-CLU-00000L,https://assets.bundesliga.com/clublogos/DFL-SEA-0001K9/DFL-CLU-00000L.svg,assets/logos/1-fc-koeln.svg,Linton Maina,DFL-OBJ-0028BD,linton-maina,37,Midfielder,1999-06-23,173,70,"DEU , KEN",https://assets.bundesliga.com/player/dfl-obj-0028bd-dfl-clu-000008-dfl-sea-0001k9.png,assets/images/1-fc-koeln/linton-maina.png,2023-2024,DFL-SEA-0001K7,31,1,3,33,13,20,638,4,0,0,237.1,36.1,54,9,913,136,2
Cologne,DFL-CLU-00000L,https://assets.bundesliga.com/clublogos/DFL-SEA-0001K9/DFL-CLU-00000L.svg,assets/logos/1-fc-koeln.svg,Linton Maina,DFL-OBJ-0028BD,linton-maina,37,Midfielder,1999-06-23,173,70,"DEU , KEN",https://assets.bundesliga.com/player/dfl-obj-0028bd-dfl-clu-000008-dfl-sea-0001k9.png,assets/images/1-fc-koeln/linton-maina.png,2022-2023,DFL-SEA-0001K6,33,3,7,38,14,24,773,1,0,0,263.1,34.84,53,15,983,149,3
Cologne,DFL-CLU-00000L,https://assets.bundesliga.com/clublogos/DFL-SEA-0001K9/DFL-CLU-00000L.svg,assets/logos/1-fc-koeln.svg,Luca Jannis Kilian,DFL-OBJ-002G0R,luca-kilian,15,Defender,1999-09-01,192,91,DEU,https://assets.bundesliga.com/player/dfl-obj-002g0r-dfl-clu-000008-dfl-sea-0001k9.png,assets/images/1-fc-koeln/luca-kilian.png,2023-2024,DFL-SEA-0001K7,13,0,0,0,0,0,129,1,0,0,78,32.92,0,4,397,53,12
Cologne,DFL-CLU-00000L,https://assets.bundesliga.com/clublogos/DFL-SEA-0001K9/DFL-CLU-00000L.svg,assets/logos/1-fc-koeln.svg,Luca Jannis Kilian,DFL-OBJ-002G0R,luca-kilian,15,Defender,1999-09-01,192,91,DEU,https://assets.bundesliga.com/player/dfl-obj-002g0r-dfl-clu-000008-dfl-sea-0001k9.png,assets/images/1-fc-koeln/luca-kilian.png,2022-2023,DFL-SEA-0001K6,16,1,0,4,1,3,249,1,0,0,127.9,32.98,1,6,839,98,34
Cologne,DFL-CLU-00000L,https://assets.bundesliga.com/clublogos/DFL-SEA-0001K9/DFL-CLU-00000L.svg,assets/logos/1-fc-koeln.svg,Luca Jannis Kilian,DFL-OBJ-002G0R,luca-kilian,15,Defender,1999-09-01,192,91,DEU,https://assets.bundesliga.com/player/dfl-obj-002g0r-dfl-clu-000008-dfl-sea-0001k9.png,assets/images/1-fc-koeln/luca-kilian.png,2021-2022,DFL-SEA-0001K5,31,1,0,5,2,3,513,3,0,0,268.3,33.29,1,7,1702,224,64
Cologne,DFL-CLU-00000L,https://assets.bundesliga.com/clublogos/DFL-SEA-0001K9/DFL-CLU-00000L.svg,assets/logos/1-fc-koeln.svg,Luca Jannis Kilian,DFL-OBJ-002G0R,luca-kilian,15,Defender,1999-09-01,192,91,DEU,https://assets.bundesliga.com/player/dfl-obj-002g0r-dfl-clu-000008-dfl-sea-0001k9.png,assets/images/1-fc-koeln/luca-kilian.png,2020-2021,DFL-SEA-0001K4,6,0,0,2,0,2,69,1,0,0,47.7,31.64,0,4,267,41,14
Cologne,DFL-CLU-00000L,https://assets.bundesliga.com/clublogos/DFL-SEA-0001K9/DFL-CLU-00000L.svg,assets/logos/1-fc-koeln.svg,Luca Jannis Kilian,DFL-OBJ-002G0R,luca-kilian,15,Defender,1999-09-01,192,91,DEU,https://assets.bundesliga.com/player/dfl-obj-002g0r-dfl-clu-000008-dfl-sea-0001k9.png,assets/images/1-fc-koeln/luca-kilian.png,2019-2020,DFL-SEA-0001K3,15,0,0,2,1,1,252,1,0,0,155.1,33.12,0,4,907,115,35
Cologne,DFL-CLU-00000L,https://assets.bundesliga.com/clublogos/DFL-SEA-0001K9/DFL-CLU-00000L.svg,assets/logos/1-fc-koeln.svg,Gian-Luca Waldschmidt,DFL-OBJ-00021Q,luca-waldschmidt,7,Striker,1996-05-19,181,74,DEU,https://assets.bundesliga.com/player/dfl-obj-00021q-dfl-clu-000008-dfl-sea-0001k9.png,assets/images/1-fc-koeln/luca-waldschmidt.png,2025-2026,DFL-SEA-0001K9,24,5,4,26,12,14,142,1,0,0,102.5,32.85,4,9,364,60,10
Cologne,DFL-CLU-00000L,https://assets.bundesliga.com/clublogos/DFL-SEA-0001K9/DFL-CLU-00000L.svg,assets/logos/1-fc-koeln.svg,Gian-Luca Waldschmidt,DFL-OBJ-00021Q,luca-waldschmidt,7,Striker,1996-05-19,181,74,DEU,https://assets.bundesliga.com/player/dfl-obj-00021q-dfl-clu-000008-dfl-sea-0001k9.png,assets/images/1-fc-koeln/luca-waldschmidt.png,2023-2024,DFL-SEA-0001K7,22,3,0,45,15,30,331,0,0,0,158.7,33.35,11,19,640,107,10
Cologne,DFL-CLU-00000L,https://assets.bundesliga.com/clublogos/DFL-SEA-0001K9/DFL-CLU-00000L.svg,assets/logos/1-fc-koeln.svg,Gian-Luca Waldschmidt,DFL-OBJ-00021Q,luca-waldschmidt,7,Striker,1996-05-19,181,74,DEU,https://assets.bundesliga.com/player/dfl-obj-00021q-dfl-clu-000008-dfl-sea-0001k9.png,assets/images/1-fc-koeln/luca-waldschmidt.png,2022-2023,DFL-SEA-0001K6,18,4,0,12,6,6,161,0,0,0,74.1,32.06,0,12,205,35,3
Cologne,DFL-CLU-00000L,https://assets.bundesliga.com/clublogos/DFL-SEA-0001K9/DFL-CLU-00000L.svg,assets/logos/1-fc-koeln.svg,Gian-Luca Waldschmidt,DFL-OBJ-00021Q,luca-waldschmidt,7,Striker,1996-05-19,181,74,DEU,https://assets.bundesliga.com/player/dfl-obj-00021q-dfl-clu-000008-dfl-sea-0001k9.png,assets/images/1-fc-koeln/luca-waldschmidt.png,2021-2022,DFL-SEA-0001K5,14,1,2,15,3,12,171,2,0,0,92.5,31.41,4,9,352,63,6
Cologne,DFL-CLU-00000L,https://assets.bundesliga.com/clublogos/DFL-SEA-0001K9/DFL-CLU-00000L.svg,assets/logos/1-fc-koeln.svg,Gian-Luca Waldschmidt,DFL-OBJ-00021Q,luca-waldschmidt,7,Striker,1996-05-19,181,74,DEU,https://assets.bundesliga.com/player/dfl-obj-00021q-dfl-clu-000008-dfl-sea-0001k9.png,assets/images/1-fc-koeln/luca-waldschmidt.png,2019-2020,DFL-SEA-0001K3,23,7,1,42,13,29,289,3,0,0,162.9,33.12,4,15,556,120,10
Cologne,DFL-CLU-00000L,https://assets.bundesliga.com/clublogos/DFL-SEA-0001K9/DFL-CLU-00000L.svg,assets/logos/1-fc-koeln.svg,Malek El Mala,DFL-OBJ-J02001,malek-el-mala,19,Striker,2005-04-02,193,75,DEU,https://assets.bundesliga.com/player/dfl-obj-j02001-dfl-clu-000008-dfl-sea-0001k9.png,assets/images/1-fc-koeln/malek-el-mala.png,2025-2026,DFL-SEA-0001K9,,,,,,,,,,,,,,,,,
Cologne,DFL-CLU-00000L,https://assets.bundesliga.com/clublogos/DFL-SEA-0001K9/DFL-CLU-00000L.svg,assets/logos/1-fc-koeln.svg,Marius Bülter,DFL-OBJ-0028NR,marius-bulter,30,Striker,1993-03-29,188,85,DEU,https://assets.bundesliga.com/player/dfl-obj-0028nr-dfl-clu-000008-dfl-sea-0001k9.png,assets/images/1-fc-koeln/marius-bulter.png,2025-2026,DFL-SEA-0001K9,32,5,4,41,17,24,181,3,0,0,199.5,32.91,48,16,694,160,46
Cologne,DFL-CLU-00000L,https://assets.bundesliga.com/clublogos/DFL-SEA-0001K9/DFL-CLU-00000L.svg,assets/logos/1-fc-koeln.svg,Marius Bülter,DFL-OBJ-0028NR,marius-bulter,30,Striker,1993-03-29,188,85,DEU,https://assets.bundesliga.com/player/dfl-obj-0028nr-dfl-clu-000008-dfl-sea-0001k9.png,assets/images/1-fc-koeln/marius-bulter.png,2024-2025,DFL-SEA-0001K8,25,7,2,38,17,21,329,4,0,0,210.3,34.45,62,12,819,167,24
Cologne,DFL-CLU-00000L,https://assets.bundesliga.com/clublogos/DFL-SEA-0001K9/DFL-CLU-00000L.svg,assets/logos/1-fc-koeln.svg,Marius Bülter,DFL-OBJ-0028NR,marius-bulter,30,Striker,1993-03-29,188,85,DEU,https://assets.bundesliga.com/player/dfl-obj-0028nr-dfl-clu-000008-dfl-sea-0001k9.png,assets/images/1-fc-koeln/marius-bulter.png,2023-2024,DFL-SEA-0001K7,30,1,4,25,8,17,325,1,0,0,177.1,35.42,51,12,894,141,26
Cologne,DFL-CLU-00000L,https://assets.bundesliga.com/clublogos/DFL-SEA-0001K9/DFL-CLU-00000L.svg,assets/logos/1-fc-koeln.svg,Marius Bülter,DFL-OBJ-0028NR,marius-bulter,30,Striker,1993-03-29,188,85,DEU,https://assets.bundesliga.com/player/dfl-obj-0028nr-dfl-clu-000008-dfl-sea-0001k9.png,assets/images/1-fc-koeln/marius-bulter.png,2022-2023,DFL-SEA-0001K6,33,11,1,62,28,34,570,5,0,0,287.4,34.4,84,22,1174,276,50
Cologne,DFL-CLU-00000L,https://assets.bundesliga.com/clublogos/DFL-SEA-0001K9/DFL-CLU-00000L.svg,assets/logos/1-fc-koeln.svg,Marius Bülter,DFL-OBJ-0028NR,marius-bulter,30,Striker,1993-03-29,188,85,DEU,https://assets.bundesliga.com/player/dfl-obj-0028nr-dfl-clu-000008-dfl-sea-0001k9.png,assets/images/1-fc-koeln/marius-bulter.png,2020-2021,DFL-SEA-0001K4,25,1,0,19,7,12,303,1,0,0,131.6,33.33,29,8,486,131,19
Cologne,DFL-CLU-00000L,https://assets.bundesliga.com/clublogos/DFL-SEA-0001K9/DFL-CLU-00000L.svg,assets/logos/1-fc-koeln.svg,Marius Bülter,DFL-OBJ-0028NR,marius-bulter,30,Striker,1993-03-29,188,85,DEU,https://assets.bundesliga.com/player/dfl-obj-0028nr-dfl-clu-000008-dfl-sea-0001k9.png,assets/images/1-fc-koeln/marius-bulter.png,2019-2020,DFL-SEA-0001K3,32,7,1,42,16,26,575,1,0,0,300.4,34,53,32,1083,293,37
Cologne,DFL-CLU-00000L,https://assets.bundesliga.com/clublogos/DFL-SEA-0001K9/DFL-CLU-00000L.svg,assets/logos/1-fc-koeln.svg,Marvin Schwäbe,DFL-OBJ-0002HE,marvin-schwabe,1,Goalkeeper,1995-04-25,190,86,DEU,https://assets.bundesliga.com/player/dfl-obj-0002he-dfl-clu-000008-dfl-sea-0001k9.png,assets/images/1-fc-koeln/marvin-schwabe.png,2025-2026,DFL-SEA-0001K9,34,0,0,0,0,0,7,2,0,0,197.7,28.5,0,1,1953,0,0
Cologne,DFL-CLU-00000L,https://assets.bundesliga.com/clublogos/DFL-SEA-0001K9/DFL-CLU-00000L.svg,assets/logos/1-fc-koeln.svg,Marvin Schwäbe,DFL-OBJ-0002HE,marvin-schwabe,1,Goalkeeper,1995-04-25,190,86,DEU,https://assets.bundesliga.com/player/dfl-obj-0002he-dfl-clu-000008-dfl-sea-0001k9.png,assets/images/1-fc-koeln/marvin-schwabe.png,2023-2024,DFL-SEA-0001K7,34,0,0,0,0,0,16,0,0,0,182.3,30.42,0,0,1485,0,0
Cologne,DFL-CLU-00000L,https://assets.bundesliga.com/clublogos/DFL-SEA-0001K9/DFL-CLU-00000L.svg,assets/logos/1-fc-koeln.svg,Marvin Schwäbe,DFL-OBJ-0002HE,marvin-schwabe,1,Goalkeeper,1995-04-25,190,86,DEU,https://assets.bundesliga.com/player/dfl-obj-0002he-dfl-clu-000008-dfl-sea-0001k9.png,assets/images/1-fc-koeln/marvin-schwabe.png,2022-2023,DFL-SEA-0001K6,34,0,0,0,0,0,5,1,0,0,164.7,25.89,0,0,1542,0,0
Cologne,DFL-CLU-00000L,https://assets.bundesliga.com/clublogos/DFL-SEA-0001K9/DFL-CLU-00000L.svg,assets/logos/1-fc-koeln.svg,Marvin Schwäbe,DFL-OBJ-0002HE,marvin-schwabe,1,Goalkeeper,1995-04-25,190,86,DEU,https://assets.bundesliga.com/player/dfl-obj-0002he-dfl-clu-000008-dfl-sea-0001k9.png,assets/images/1-fc-koeln/marvin-schwabe.png,2021-2022,DFL-SEA-0001K5,21,0,0,0,0,0,4,1,0,0,107.1,27.79,0,0,1135,1,0
Cologne,DFL-CLU-00000L,https://assets.bundesliga.com/clublogos/DFL-SEA-0001K9/DFL-CLU-00000L.svg,assets/logos/1-fc-koeln.svg,Matthias Köbbing,DFL-OBJ-0027SX,matthias-kobbing,44,Goalkeeper,1997-05-28,196,94,DEU,https://assets.bundesliga.com/player/dfl-obj-0027sx-dfl-clu-000008-dfl-sea-0001k9.png,assets/images/1-fc-koeln/matthias-kobbing.png,2025-2026,DFL-SEA-0001K9,,,,,,,,,,,,,,,,,
Cologne,DFL-CLU-00000L,https://assets.bundesliga.com/clublogos/DFL-SEA-0001K9/DFL-CLU-00000L.svg,assets/logos/1-fc-koeln.svg,Ragnar Prince Friedel Ache,DFL-OBJ-002GDA,ragnar-ache,9,Striker,1998-07-28,183,81,"DEU , GHA",https://assets.bundesliga.com/player/dfl-obj-002gda-dfl-clu-000008-dfl-sea-0001k9.png,assets/images/1-fc-koeln/ragnar-ache.png,2025-2026,DFL-SEA-0001K9,29,7,3,47,21,26,261,3,0,0,199.9,33.23,1,16,584,250,136
Cologne,DFL-CLU-00000L,https://assets.bundesliga.com/clublogos/DFL-SEA-0001K9/DFL-CLU-00000L.svg,assets/logos/1-fc-koeln.svg,Ragnar Prince Friedel Ache,DFL-OBJ-002GDA,ragnar-ache,9,Striker,1998-07-28,183,81,"DEU , GHA",https://assets.bundesliga.com/player/dfl-obj-002gda-dfl-clu-000008-dfl-sea-0001k9.png,assets/images/1-fc-koeln/ragnar-ache.png,2021-2022,DFL-SEA-0001K5,13,0,1,11,2,9,111,0,0,0,38.7,34.25,4,4,128,54,21
Cologne,DFL-CLU-00000L,https://assets.bundesliga.com/clublogos/DFL-SEA-0001K9/DFL-CLU-00000L.svg,assets/logos/1-fc-koeln.svg,Ragnar Prince Friedel Ache,DFL-OBJ-002GDA,ragnar-ache,9,Striker,1998-07-28,183,81,"DEU , GHA",https://assets.bundesliga.com/player/dfl-obj-002gda-dfl-clu-000008-dfl-sea-0001k9.png,assets/images/1-fc-koeln/ragnar-ache.png,2020-2021,DFL-SEA-0001K4,7,1,0,2,2,0,47,1,0,0,15.2,35.54,1,5,55,21,13
Cologne,DFL-CLU-00000L,https://assets.bundesliga.com/clublogos/DFL-SEA-0001K9/DFL-CLU-00000L.svg,assets/logos/1-fc-koeln.svg,Rav Wiebe van den Berg,DFL-OBJ-J01N8X,rav-van-den-berg,33,Defender,2004-07-07,190,75,NLD,https://assets.bundesliga.com/player/dfl-obj-j01n8x-dfl-clu-000008-dfl-sea-0001k9.png,assets/images/1-fc-koeln/rav-van-den-berg.png,2025-2026,DFL-SEA-0001K9,14,0,1,1,0,1,129,0,0,0,126.8,34.09,1,7,866,75,34
Cologne,DFL-CLU-00000L,https://assets.bundesliga.com/clublogos/DFL-SEA-0001K9/DFL-CLU-00000L.svg,assets/logos/1-fc-koeln.svg,René Wagner,DFL-OBJ-J01PZ6,rene-wagner,,Cologne,1988-07-17,0,,DEU,https://assets.bundesliga.com/person/dfl-obj-j01pz6-dfl-clu-000008-dfl-sea-0001k9.png,assets/images/1-fc-koeln/rene-wagner.png,2025-2026,DFL-SEA-0001K9,,,,,,,,,,,,,,,,,
Cologne,DFL-CLU-00000L,https://assets.bundesliga.com/clublogos/DFL-SEA-0001K9/DFL-CLU-00000L.svg,assets/logos/1-fc-koeln.svg,Ron-Robert Zieler,DFL-OBJ-0000ST,ron-robert-zieler,20,Goalkeeper,1989-02-12,188,81,DEU,https://assets.bundesliga.com/player/dfl-obj-0000st-dfl-clu-000008-dfl-sea-0001k9.png,assets/images/1-fc-koeln/ron-robert-zieler.png,2025-2026,DFL-SEA-0001K9,0,0,0,0,0,0,0,1,0,0,0,0,0,0,0,0,0
Cologne,DFL-CLU-00000L,https://assets.bundesliga.com/clublogos/DFL-SEA-0001K9/DFL-CLU-00000L.svg,assets/logos/1-fc-koeln.svg,Ron-Robert Zieler,DFL-OBJ-0000ST,ron-robert-zieler,20,Goalkeeper,1989-02-12,188,81,DEU,https://assets.bundesliga.com/player/dfl-obj-0000st-dfl-clu-000008-dfl-sea-0001k9.png,assets/images/1-fc-koeln/ron-robert-zieler.png,2020-2021,DFL-SEA-0001K4,1,0,0,0,0,0,0,0,0,0,3,24.52,0,0,27,0,0
Cologne,DFL-CLU-00000L,https://assets.bundesliga.com/clublogos/DFL-SEA-0001K9/DFL-CLU-00000L.svg,assets/logos/1-fc-koeln.svg,Saïd El Mala,DFL-OBJ-J01ZQD,said-el-mala,13,Midfielder,2006-08-26,183,72,DEU,https://assets.bundesliga.com/player/dfl-obj-j01zqd-dfl-clu-000008-dfl-sea-0001k9.png,assets/images/1-fc-koeln/said-el-mala.png,2025-2026,DFL-SEA-0001K9,34,13,4,75,31,44,433,4,0,0,211.2,35.91,25,15,826,202,17
Cologne,DFL-CLU-00000L,https://assets.bundesliga.com/clublogos/DFL-SEA-0001K9/DFL-CLU-00000L.svg,assets/logos/1-fc-koeln.svg,Sargis Adamyan,DFL-OBJ-0027PP,sargis-adamyan,23,Striker,1993-05-23,184,75,ARM,https://assets.bundesliga.com/player/dfl-obj-0027pp-dfl-clu-000008-dfl-sea-0001k9.png,assets/images/1-fc-koeln/sargis-adamyan.png,2023-2024,DFL-SEA-0001K7,20,1,2,29,13,16,249,2,0,0,101.6,32.95,4,17,337,98,19
Cologne,DFL-CLU-00000L,https://assets.bundesliga.com/clublogos/DFL-SEA-0001K9/DFL-CLU-00000L.svg,assets/logos/1-fc-koeln.svg,Sargis Adamyan,DFL-OBJ-0027PP,sargis-adamyan,23,Striker,1993-05-23,184,75,ARM,https://assets.bundesliga.com/player/dfl-obj-0027pp-dfl-clu-000008-dfl-sea-0001k9.png,assets/images/1-fc-koeln/sargis-adamyan.png,2022-2023,DFL-SEA-0001K6,24,1,2,20,11,9,212,3,0,0,78.7,33.83,11,16,314,77,12
Cologne,DFL-CLU-00000L,https://assets.bundesliga.com/clublogos/DFL-SEA-0001K9/DFL-CLU-00000L.svg,assets/logos/1-fc-koeln.svg,Sargis Adamyan,DFL-OBJ-0027PP,sargis-adamyan,23,Striker,1993-05-23,184,75,ARM,https://assets.bundesliga.com/player/dfl-obj-0027pp-dfl-clu-000008-dfl-sea-0001k9.png,assets/images/1-fc-koeln/sargis-adamyan.png,2021-2022,DFL-SEA-0001K5,13,1,0,3,2,1,154,0,0,0,42.6,34.35,4,4,162,48,5
Cologne,DFL-CLU-00000L,https://assets.bundesliga.com/clublogos/DFL-SEA-0001K9/DFL-CLU-00000L.svg,assets/logos/1-fc-koeln.svg,Sargis Adamyan,DFL-OBJ-0027PP,sargis-adamyan,23,Striker,1993-05-23,184,75,ARM,https://assets.bundesliga.com/player/dfl-obj-0027pp-dfl-clu-000008-dfl-sea-0001k9.png,assets/images/1-fc-koeln/sargis-adamyan.png,2020-2021,DFL-SEA-0001K4,16,2,3,21,7,14,176,2,0,0,56.1,33.84,7,5,251,65,9
Cologne,DFL-CLU-00000L,https://assets.bundesliga.com/clublogos/DFL-SEA-0001K9/DFL-CLU-00000L.svg,assets/logos/1-fc-koeln.svg,Sargis Adamyan,DFL-OBJ-0027PP,sargis-adamyan,23,Striker,1993-05-23,184,75,ARM,https://assets.bundesliga.com/player/dfl-obj-0027pp-dfl-clu-000008-dfl-sea-0001k9.png,assets/images/1-fc-koeln/sargis-adamyan.png,2019-2020,DFL-SEA-0001K3,15,5,1,20,11,9,271,1,0,0,91.5,34.08,7,11,302,81,15
Cologne,DFL-CLU-00000L,https://assets.bundesliga.com/clublogos/DFL-SEA-0001K9/DFL-CLU-00000L.svg,assets/logos/1-fc-koeln.svg,Sebastian Söraas Sebulonsen,DFL-OBJ-J01UCR,sebastian-sebulonsen,28,Defender,2000-01-27,187,78,NOR,https://assets.bundesliga.com/player/dfl-obj-j01ucr-dfl-clu-000008-dfl-sea-0001k9.png,assets/images/1-fc-koeln/sebastian-sebulonsen.png,2025-2026,DFL-SEA-0001K9,31,0,0,29,5,24,475,5,0,0,302.6,34.51,53,12,1424,230,42
Cologne,DFL-CLU-00000L,https://assets.bundesliga.com/clublogos/DFL-SEA-0001K9/DFL-CLU-00000L.svg,assets/logos/1-fc-koeln.svg,Timo Bernd Hübers,DFL-OBJ-0027B6,timo-hubers,4,Defender,1996-07-20,190,82,DEU,https://assets.bundesliga.com/player/dfl-obj-0027b6-dfl-clu-000008-dfl-sea-0001k9.png,assets/images/1-fc-koeln/timo-hubers.png,2025-2026,DFL-SEA-0001K9,8,0,0,0,0,0,74,0,0,0,79.6,31.94,1,7,505,82,25
Cologne,DFL-CLU-00000L,https://assets.bundesliga.com/clublogos/DFL-SEA-0001K9/DFL-CLU-00000L.svg,assets/logos/1-fc-koeln.svg,Timo Bernd Hübers,DFL-OBJ-0027B6,timo-hubers,4,Defender,1996-07-20,190,82,DEU,https://assets.bundesliga.com/player/dfl-obj-0027b6-dfl-clu-000008-dfl-sea-0001k9.png,assets/images/1-fc-koeln/timo-hubers.png,2023-2024,DFL-SEA-0001K7,31,0,0,19,4,15,455,6,0,0,318.8,33.25,1,40,2228,329,108
Cologne,DFL-CLU-00000L,https://assets.bundesliga.com/clublogos/DFL-SEA-0001K9/DFL-CLU-00000L.svg,assets/logos/1-fc-koeln.svg,Timo Bernd Hübers,DFL-OBJ-0027B6,timo-hubers,4,Defender,1996-07-20,190,82,DEU,https://assets.bundesliga.com/player/dfl-obj-0027b6-dfl-clu-000008-dfl-sea-0001k9.png,assets/images/1-fc-koeln/timo-hubers.png,2022-2023,DFL-SEA-0001K6,29,3,0,14,6,8,402,8,0,0,267.9,33.66,1,30,2106,294,124
Cologne,DFL-CLU-00000L,https://assets.bundesliga.com/clublogos/DFL-SEA-0001K9/DFL-CLU-00000L.svg,assets/logos/1-fc-koeln.svg,Timo Bernd Hübers,DFL-OBJ-0027B6,timo-hubers,4,Defender,1996-07-20,190,82,DEU,https://assets.bundesliga.com/player/dfl-obj-0027b6-dfl-clu-000008-dfl-sea-0001k9.png,assets/images/1-fc-koeln/timo-hubers.png,2021-2022,DFL-SEA-0001K5,20,1,0,10,3,7,319,7,0,0,199.9,34.41,0,23,1615,242,73
Cologne,DFL-CLU-00000L,https://assets.bundesliga.com/clublogos/DFL-SEA-0001K9/DFL-CLU-00000L.svg,assets/logos/1-fc-koeln.svg,Tom Krauß,DFL-OBJ-0028TI,tom-kraus,5,Midfielder,2001-06-22,182,72,DEU,https://assets.bundesliga.com/player/dfl-obj-0028ti-dfl-clu-000008-dfl-sea-0001k9.png,assets/images/1-fc-koeln/tom-kraus.png,2025-2026,DFL-SEA-0001K9,26,0,2,8,2,6,358,4,0,0,218.8,33.97,9,24,1212,230,27
Cologne,DFL-CLU-00000L,https://assets.bundesliga.com/clublogos/DFL-SEA-0001K9/DFL-CLU-00000L.svg,assets/logos/1-fc-koeln.svg,Tom Krauß,DFL-OBJ-0028TI,tom-kraus,5,Midfielder,2001-06-22,182,72,DEU,https://assets.bundesliga.com/player/dfl-obj-0028ti-dfl-clu-000008-dfl-sea-0001k9.png,assets/images/1-fc-koeln/tom-kraus.png,2024-2025,DFL-SEA-0001K8,14,0,0,11,2,9,241,2,0,0,127.4,33.5,8,13,810,145,9
Cologne,DFL-CLU-00000L,https://assets.bundesliga.com/clublogos/DFL-SEA-0001K9/DFL-CLU-00000L.svg,assets/logos/1-fc-koeln.svg,Tom Krauß,DFL-OBJ-0028TI,tom-kraus,5,Midfielder,2001-06-22,182,72,DEU,https://assets.bundesliga.com/player/dfl-obj-0028ti-dfl-clu-000008-dfl-sea-0001k9.png,assets/images/1-fc-koeln/tom-kraus.png,2023-2024,DFL-SEA-0001K7,29,1,2,19,2,17,466,5,0,0,173.3,32.75,5,29,909,168,16
Cologne,DFL-CLU-00000L,https://assets.bundesliga.com/clublogos/DFL-SEA-0001K9/DFL-CLU-00000L.svg,assets/logos/1-fc-koeln.svg,Tom Krauß,DFL-OBJ-0028TI,tom-kraus,5,Midfielder,2001-06-22,182,72,DEU,https://assets.bundesliga.com/player/dfl-obj-0028ti-dfl-clu-000008-dfl-sea-0001k9.png,assets/images/1-fc-koeln/tom-kraus.png,2022-2023,DFL-SEA-0001K6,32,2,0,24,9,15,692,8,0,0,254.4,34.14,17,49,1211,346,43
Cologne,DFL-CLU-00000L,https://assets.bundesliga.com/clublogos/DFL-SEA-0001K9/DFL-CLU-00000L.svg,assets/logos/1-fc-koeln.svg,Tom Krauß,DFL-OBJ-0028TI,tom-kraus,5,Midfielder,2001-06-22,182,72,DEU,https://assets.bundesliga.com/player/dfl-obj-0028ti-dfl-clu-000008-dfl-sea-0001k9.png,assets/images/1-fc-koeln/tom-kraus.png,2019-2020,DFL-SEA-0001K3,1,0,0,0,0,0,4,0,0,0,1.2,27.84,0,0,9,3,0
Cologne,DFL-CLU-00000L,https://assets.bundesliga.com/clublogos/DFL-SEA-0001K9/DFL-CLU-00000L.svg,assets/logos/1-fc-koeln.svg,Youssoupha Niang,DFL-OBJ-J01LB6,youssoupha-niang,38,Striker,2006-03-25,185,,"DEU , SEN",https://assets.bundesliga.com/player/dfl-obj-j01lb6-dfl-clu-000008-dfl-sea-0001k9.png,assets/images/1-fc-koeln/youssoupha-niang.png,2025-2026,DFL-SEA-0001K9,10,0,0,5,1,4,56,0,0,0,27.2,34.57,2,5,94,32,14
Union Berlin,DFL-CLU-00000D,https://assets.bundesliga.com/clublogos/DFL-SEA-0001K9/DFL-CLU-00000D.svg,assets/logos/1-fc-union-berlin.svg,Alex Král,DFL-OBJ-J01BVQ,alex-kral,33,Midfielder,1998-05-19,187,80,"CZE , SVK",https://assets.bundesliga.com/player/dfl-obj-j01bvq-dfl-clu-00000v-dfl-sea-0001k9.png,assets/images/1-fc-union-berlin/alex-kral.png,2025-2026,DFL-SEA-0001K9,20,0,0,7,3,4,124,1,0,0,70.3,31.67,7,4,236,66,9
Union Berlin,DFL-CLU-00000D,https://assets.bundesliga.com/clublogos/DFL-SEA-0001K9/DFL-CLU-00000D.svg,assets/logos/1-fc-union-berlin.svg,Alex Král,DFL-OBJ-J01BVQ,alex-kral,33,Midfielder,1998-05-19,187,80,"CZE , SVK",https://assets.bundesliga.com/player/dfl-obj-j01bvq-dfl-clu-00000v-dfl-sea-0001k9.png,assets/images/1-fc-union-berlin/alex-kral.png,2023-2024,DFL-SEA-0001K7,24,0,0,18,6,12,303,2,0,0,182.7,33.32,11,13,657,113,15
Union Berlin,DFL-CLU-00000D,https://assets.bundesliga.com/clublogos/DFL-SEA-0001K9/DFL-CLU-00000D.svg,assets/logos/1-fc-union-berlin.svg,Alex Král,DFL-OBJ-J01BVQ,alex-kral,33,Midfielder,1998-05-19,187,80,"CZE , SVK",https://assets.bundesliga.com/player/dfl-obj-j01bvq-dfl-clu-00000v-dfl-sea-0001k9.png,assets/images/1-fc-union-berlin/alex-kral.png,2022-2023,DFL-SEA-0001K6,29,1,1,28,2,26,547,3,0,0,256.7,33.08,25,21,1191,263,62
Union Berlin,DFL-CLU-00000D,https://assets.bundesliga.com/clublogos/DFL-SEA-0001K9/DFL-CLU-00000D.svg,assets/logos/1-fc-union-berlin.svg,Aljoscha Kemlein,DFL-OBJ-J01ND9,aljoscha-kemlein,6,Midfielder,2004-08-02,185,78,DEU,https://assets.bundesliga.com/player/dfl-obj-j01nd9-dfl-clu-00000v-dfl-sea-0001k9.png,assets/images/1-fc-union-berlin/aljoscha-kemlein.png,2025-2026,DFL-SEA-0001K9,30,0,2,17,2,15,269,4,0,0,273.9,31.35,3,20,1220,177,37
Union Berlin,DFL-CLU-00000D,https://assets.bundesliga.com/clublogos/DFL-SEA-0001K9/DFL-CLU-00000D.svg,assets/logos/1-fc-union-berlin.svg,Aljoscha Kemlein,DFL-OBJ-J01ND9,aljoscha-kemlein,6,Midfielder,2004-08-02,185,78,DEU,https://assets.bundesliga.com/player/dfl-obj-j01nd9-dfl-clu-00000v-dfl-sea-0001k9.png,assets/images/1-fc-union-berlin/aljoscha-kemlein.png,2024-2025,DFL-SEA-0001K8,15,1,0,10,3,7,171,3,0,0,130.1,29.94,1,14,579,88,20
Union Berlin,DFL-CLU-00000D,https://assets.bundesliga.com/clublogos/DFL-SEA-0001K9/DFL-CLU-00000D.svg,assets/logos/1-fc-union-berlin.svg,Aljoscha Kemlein,DFL-OBJ-J01ND9,aljoscha-kemlein,6,Midfielder,2004-08-02,185,78,DEU,https://assets.bundesliga.com/player/dfl-obj-j01nd9-dfl-clu-00000v-dfl-sea-0001k9.png,assets/images/1-fc-union-berlin/aljoscha-kemlein.png,2023-2024,DFL-SEA-0001K7,2,0,0,1,0,1,8,0,0,0,5.4,29.73,0,2,13,3,0
Union Berlin,DFL-CLU-00000D,https://assets.bundesliga.com/clublogos/DFL-SEA-0001K9/DFL-CLU-00000D.svg,assets/logos/1-fc-union-berlin.svg,András Schäfer,DFL-OBJ-J01GUA,andras-schafer,13,Midfielder,1999-04-13,178,72,HUN,https://assets.bundesliga.com/player/dfl-obj-j01gua-dfl-clu-00000v-dfl-sea-0001k9.png,assets/images/1-fc-union-berlin/andras-schafer.png,2025-2026,DFL-SEA-0001K9,28,2,1,26,9,17,231,2,0,0,200.5,32.82,14,28,798,190,27
Union Berlin,DFL-CLU-00000D,https://assets.bundesliga.com/clublogos/DFL-SEA-0001K9/DFL-CLU-00000D.svg,assets/logos/1-fc-union-berlin.svg,András Schäfer,DFL-OBJ-J01GUA,andras-schafer,13,Midfielder,1999-04-13,178,72,HUN,https://assets.bundesliga.com/player/dfl-obj-j01gua-dfl-clu-00000v-dfl-sea-0001k9.png,assets/images/1-fc-union-berlin/andras-schafer.png,2024-2025,DFL-SEA-0001K8,26,1,1,13,1,12,379,3,0,0,211.5,33.15,10,28,849,207,31
Union Berlin,DFL-CLU-00000D,https://assets.bundesliga.com/clublogos/DFL-SEA-0001K9/DFL-CLU-00000D.svg,assets/logos/1-fc-union-berlin.svg,András Schäfer,DFL-OBJ-J01GUA,andras-schafer,13,Midfielder,1999-04-13,178,72,HUN,https://assets.bundesliga.com/player/dfl-obj-j01gua-dfl-clu-00000v-dfl-sea-0001k9.png,assets/images/1-fc-union-berlin/andras-schafer.png,2023-2024,DFL-SEA-0001K7,20,1,2,19,6,13,327,1,0,0,160.8,32.91,13,22,809,184,24
Union Berlin,DFL-CLU-00000D,https://assets.bundesliga.com/clublogos/DFL-SEA-0001K9/DFL-CLU-00000D.svg,assets/logos/1-fc-union-berlin.svg,András Schäfer,DFL-OBJ-J01GUA,andras-schafer,13,Midfielder,1999-04-13,178,72,HUN,https://assets.bundesliga.com/player/dfl-obj-j01gua-dfl-clu-00000v-dfl-sea-0001k9.png,assets/images/1-fc-union-berlin/andras-schafer.png,2022-2023,DFL-SEA-0001K6,16,0,0,9,1,8,185,0,0,0,102.8,33.3,6,13,428,87,12
Union Berlin,DFL-CLU-00000D,https://assets.bundesliga.com/clublogos/DFL-SEA-0001K9/DFL-CLU-00000D.svg,assets/logos/1-fc-union-berlin.svg,András Schäfer,DFL-OBJ-J01GUA,andras-schafer,13,Midfielder,1999-04-13,178,72,HUN,https://assets.bundesliga.com/player/dfl-obj-j01gua-dfl-clu-00000v-dfl-sea-0001k9.png,assets/images/1-fc-union-berlin/andras-schafer.png,2021-2022,DFL-SEA-0001K5,8,1,1,7,4,3,66,2,0,0,36.1,31.15,1,6,128,31,3
Union Berlin,DFL-CLU-00000D,https://assets.bundesliga.com/clublogos/DFL-SEA-0001K9/DFL-CLU-00000D.svg,assets/logos/1-fc-union-berlin.svg,Andrej Ilić,DFL-OBJ-J021ZE,andrej-ilic,23,Striker,2000-04-03,189,80,SRB,https://assets.bundesliga.com/player/dfl-obj-j021ze-dfl-clu-00000v-dfl-sea-0001k9.png,assets/images/1-fc-union-berlin/andrej-ilic.png,2025-2026,DFL-SEA-0001K9,32,5,9,64,26,38,471,5,0,0,265,33.83,15,36,767,302,165
Union Berlin,DFL-CLU-00000D,https://assets.bundesliga.com/clublogos/DFL-SEA-0001K9/DFL-CLU-00000D.svg,assets/logos/1-fc-union-berlin.svg,Andrej Ilić,DFL-OBJ-J021ZE,andrej-ilic,23,Striker,2000-04-03,189,80,SRB,https://assets.bundesliga.com/player/dfl-obj-j021ze-dfl-clu-00000v-dfl-sea-0001k9.png,assets/images/1-fc-union-berlin/andrej-ilic.png,2024-2025,DFL-SEA-0001K8,16,7,0,27,14,13,312,1,0,0,115.9,33.32,3,14,320,107,57
Union Berlin,DFL-CLU-00000D,https://assets.bundesliga.com/clublogos/DFL-SEA-0001K9/DFL-CLU-00000D.svg,assets/logos/1-fc-union-berlin.svg,Andrik Markgraf,DFL-OBJ-J021T8,andrik-markgraf,3,Defender,2006-03-07,172,66,DEU,https://assets.bundesliga.com/player/dfl-obj-j021t8-dfl-clu-00000v-dfl-sea-0001k9.png,assets/images/1-fc-union-berlin/andrik-markgraf.png,2025-2026,DFL-SEA-0001K9,,,,,,,,,,,,,,,,,
Union Berlin,DFL-CLU-00000D,https://assets.bundesliga.com/clublogos/DFL-SEA-0001K9/DFL-CLU-00000D.svg,assets/logos/1-fc-union-berlin.svg,Carl Klaus,DFL-OBJ-002G5E,carl-klaus,25,Goalkeeper,1994-01-16,189,86,DEU,https://assets.bundesliga.com/player/dfl-obj-002g5e-dfl-clu-00000v-dfl-sea-0001k9.png,assets/images/1-fc-union-berlin/carl-klaus.png,2025-2026,DFL-SEA-0001K9,4,0,0,0,0,0,1,0,0,0,19,26.4,0,0,151,0,0
Union Berlin,DFL-CLU-00000D,https://assets.bundesliga.com/clublogos/DFL-SEA-0001K9/DFL-CLU-00000D.svg,assets/logos/1-fc-union-berlin.svg,Christopher Trimmel,DFL-OBJ-0002FX,christopher-trimmel,28,Defender,1987-02-24,189,86,AUT,https://assets.bundesliga.com/player/dfl-obj-0002fx-dfl-clu-00000v-dfl-sea-0001k9.png,assets/images/1-fc-union-berlin/christopher-trimmel.png,2025-2026,DFL-SEA-0001K9,29,0,3,6,1,5,284,8,0,0,214.8,32.91,37,26,1262,104,19
Union Berlin,DFL-CLU-00000D,https://assets.bundesliga.com/clublogos/DFL-SEA-0001K9/DFL-CLU-00000D.svg,assets/logos/1-fc-union-berlin.svg,Christopher Trimmel,DFL-OBJ-0002FX,christopher-trimmel,28,Defender,1987-02-24,189,86,AUT,https://assets.bundesliga.com/player/dfl-obj-0002fx-dfl-clu-00000v-dfl-sea-0001k9.png,assets/images/1-fc-union-berlin/christopher-trimmel.png,2024-2025,DFL-SEA-0001K8,26,0,3,8,3,5,421,5,0,0,206.2,34.2,28,14,1009,134,27
Union Berlin,DFL-CLU-00000D,https://assets.bundesliga.com/clublogos/DFL-SEA-0001K9/DFL-CLU-00000D.svg,assets/logos/1-fc-union-berlin.svg,Christopher Trimmel,DFL-OBJ-0002FX,christopher-trimmel,28,Defender,1987-02-24,189,86,AUT,https://assets.bundesliga.com/player/dfl-obj-0002fx-dfl-clu-00000v-dfl-sea-0001k9.png,assets/images/1-fc-union-berlin/christopher-trimmel.png,2023-2024,DFL-SEA-0001K7,26,0,2,6,4,2,443,2,0,0,205.4,33.42,56,12,1144,122,25
Union Berlin,DFL-CLU-00000D,https://assets.bundesliga.com/clublogos/DFL-SEA-0001K9/DFL-CLU-00000D.svg,assets/logos/1-fc-union-berlin.svg,Christopher Trimmel,DFL-OBJ-0002FX,christopher-trimmel,28,Defender,1987-02-24,189,86,AUT,https://assets.bundesliga.com/player/dfl-obj-0002fx-dfl-clu-00000v-dfl-sea-0001k9.png,assets/images/1-fc-union-berlin/christopher-trimmel.png,2022-2023,DFL-SEA-0001K6,25,1,6,15,3,12,406,1,0,0,211.3,33.85,58,15,1256,148,32
Union Berlin,DFL-CLU-00000D,https://assets.bundesliga.com/clublogos/DFL-SEA-0001K9/DFL-CLU-00000D.svg,assets/logos/1-fc-union-berlin.svg,Christopher Trimmel,DFL-OBJ-0002FX,christopher-trimmel,28,Defender,1987-02-24,189,86,AUT,https://assets.bundesliga.com/player/dfl-obj-0002fx-dfl-clu-00000v-dfl-sea-0001k9.png,assets/images/1-fc-union-berlin/christopher-trimmel.png,2021-2022,DFL-SEA-0001K5,25,2,1,22,6,16,534,5,0,0,235.3,34.13,58,26,1454,211,39
Union Berlin,DFL-CLU-00000D,https://assets.bundesliga.com/clublogos/DFL-SEA-0001K9/DFL-CLU-00000D.svg,assets/logos/1-fc-union-berlin.svg,Christopher Trimmel,DFL-OBJ-0002FX,christopher-trimmel,28,Defender,1987-02-24,189,86,AUT,https://assets.bundesliga.com/player/dfl-obj-0002fx-dfl-clu-00000v-dfl-sea-0001k9.png,assets/images/1-fc-union-berlin/christopher-trimmel.png,2020-2021,DFL-SEA-0001K4,32,1,9,9,3,6,656,9,0,0,307.9,34.07,68,29,1904,253,38
Union Berlin,DFL-CLU-00000D,https://assets.bundesliga.com/clublogos/DFL-SEA-0001K9/DFL-CLU-00000D.svg,assets/logos/1-fc-union-berlin.svg,Christopher Trimmel,DFL-OBJ-0002FX,christopher-trimmel,28,Defender,1987-02-24,189,86,AUT,https://assets.bundesliga.com/player/dfl-obj-0002fx-dfl-clu-00000v-dfl-sea-0001k9.png,assets/images/1-fc-union-berlin/christopher-trimmel.png,2019-2020,DFL-SEA-0001K3,32,0,8,5,3,2,700,6,0,0,353.1,33.53,66,32,1960,290,55
Union Berlin,DFL-CLU-00000D,https://assets.bundesliga.com/clublogos/DFL-SEA-0001K9/DFL-CLU-00000D.svg,assets/logos/1-fc-union-berlin.svg,Danilho Raimundo Doekhi,DFL-OBJ-J01GQO,danilho-doekhi,5,Defender,1998-06-30,190,86,"NLD , SUR",https://assets.bundesliga.com/player/dfl-obj-j01gqo-dfl-clu-00000v-dfl-sea-0001k9.png,assets/images/1-fc-union-berlin/danilho-doekhi.png,2025-2026,DFL-SEA-0001K9,34,5,0,39,10,29,227,4,0,0,359.7,32.63,3,30,1749,341,160
Union Berlin,DFL-CLU-00000D,https://assets.bundesliga.com/clublogos/DFL-SEA-0001K9/DFL-CLU-00000D.svg,assets/logos/1-fc-union-berlin.svg,Danilho Raimundo Doekhi,DFL-OBJ-J01GQO,danilho-doekhi,5,Defender,1998-06-30,190,86,"NLD , SUR",https://assets.bundesliga.com/player/dfl-obj-j01gqo-dfl-clu-00000v-dfl-sea-0001k9.png,assets/images/1-fc-union-berlin/danilho-doekhi.png,2024-2025,DFL-SEA-0001K8,34,1,0,25,4,21,444,4,0,0,354.8,32.86,5,34,1708,286,106
Union Berlin,DFL-CLU-00000D,https://assets.bundesliga.com/clublogos/DFL-SEA-0001K9/DFL-CLU-00000D.svg,assets/logos/1-fc-union-berlin.svg,Danilho Raimundo Doekhi,DFL-OBJ-J01GQO,danilho-doekhi,5,Defender,1998-06-30,190,86,"NLD , SUR",https://assets.bundesliga.com/player/dfl-obj-j01gqo-dfl-clu-00000v-dfl-sea-0001k9.png,assets/images/1-fc-union-berlin/danilho-doekhi.png,2023-2024,DFL-SEA-0001K7,24,2,0,15,3,12,258,2,0,0,239.4,31.88,2,14,1256,229,70
Union Berlin,DFL-CLU-00000D,https://assets.bundesliga.com/clublogos/DFL-SEA-0001K9/DFL-CLU-00000D.svg,assets/logos/1-fc-union-berlin.svg,Danilho Raimundo Doekhi,DFL-OBJ-J01GQO,danilho-doekhi,5,Defender,1998-06-30,190,86,"NLD , SUR",https://assets.bundesliga.com/player/dfl-obj-j01gqo-dfl-clu-00000v-dfl-sea-0001k9.png,assets/images/1-fc-union-berlin/danilho-doekhi.png,2022-2023,DFL-SEA-0001K6,25,5,1,15,9,6,216,0,0,0,234.3,32.64,6,18,1246,217,71
Union Berlin,DFL-CLU-00000D,https://assets.bundesliga.com/clublogos/DFL-SEA-0001K9/DFL-CLU-00000D.svg,assets/logos/1-fc-union-berlin.svg,David Preu,DFL-OBJ-J02125,david-preu,17,Midfielder,2004-10-26,172,72,DEU,https://assets.bundesliga.com/player/dfl-obj-j02125-dfl-clu-00000v-dfl-sea-0001k9.png,assets/images/1-fc-union-berlin/david-preu.png,2024-2025,DFL-SEA-0001K8,5,0,0,2,0,2,51,1,0,0,17.8,32.74,1,1,64,11,1
Union Berlin,DFL-CLU-00000D,https://assets.bundesliga.com/clublogos/DFL-SEA-0001K9/DFL-CLU-00000D.svg,assets/logos/1-fc-union-berlin.svg,Derrick Arthur Köhn,DFL-OBJ-J01CAD,derrick-kohn,39,Defender,1999-02-04,180,73,"GHA , DEU",https://assets.bundesliga.com/player/dfl-obj-j01cad-dfl-clu-00000v-dfl-sea-0001k9.png,assets/images/1-fc-union-berlin/derrick-kohn.png,2025-2026,DFL-SEA-0001K9,29,1,2,27,5,22,312,5,0,0,220.3,34.58,50,32,1137,146,9
Union Berlin,DFL-CLU-00000D,https://assets.bundesliga.com/clublogos/DFL-SEA-0001K9/DFL-CLU-00000D.svg,assets/logos/1-fc-union-berlin.svg,Derrick Arthur Köhn,DFL-OBJ-J01CAD,derrick-kohn,39,Defender,1999-02-04,180,73,"GHA , DEU",https://assets.bundesliga.com/player/dfl-obj-j01cad-dfl-clu-00000v-dfl-sea-0001k9.png,assets/images/1-fc-union-berlin/derrick-kohn.png,2024-2025,DFL-SEA-0001K8,27,2,2,12,3,9,390,2,0,0,156.5,35.81,35,12,953,113,10
Union Berlin,DFL-CLU-00000D,https://assets.bundesliga.com/clublogos/DFL-SEA-0001K9/DFL-CLU-00000D.svg,assets/logos/1-fc-union-berlin.svg,Diogo Filipe Monteiro Pinto Leite,DFL-OBJ-J019T5,diogo-leite,4,Defender,1999-01-23,190,82,PRT,https://assets.bundesliga.com/player/dfl-obj-j019t5-dfl-clu-00000v-dfl-sea-0001k9.png,assets/images/1-fc-union-berlin/diogo-leite.png,2025-2026,DFL-SEA-0001K9,23,0,0,9,1,8,260,4,0,0,249.7,32.67,2,25,1450,216,77
Union Berlin,DFL-CLU-00000D,https://assets.bundesliga.com/clublogos/DFL-SEA-0001K9/DFL-CLU-00000D.svg,assets/logos/1-fc-union-berlin.svg,Diogo Filipe Monteiro Pinto Leite,DFL-OBJ-J019T5,diogo-leite,4,Defender,1999-01-23,190,82,PRT,https://assets.bundesliga.com/player/dfl-obj-j019t5-dfl-clu-00000v-dfl-sea-0001k9.png,assets/images/1-fc-union-berlin/diogo-leite.png,2024-2025,DFL-SEA-0001K8,30,1,2,17,8,9,605,3,0,0,324.1,33.39,5,24,1909,321,97
Union Berlin,DFL-CLU-00000D,https://assets.bundesliga.com/clublogos/DFL-SEA-0001K9/DFL-CLU-00000D.svg,assets/logos/1-fc-union-berlin.svg,Diogo Filipe Monteiro Pinto Leite,DFL-OBJ-J019T5,diogo-leite,4,Defender,1999-01-23,190,82,PRT,https://assets.bundesliga.com/player/dfl-obj-j019t5-dfl-clu-00000v-dfl-sea-0001k9.png,assets/images/1-fc-union-berlin/diogo-leite.png,2023-2024,DFL-SEA-0001K7,32,0,0,12,3,9,521,6,0,0,337.4,31.73,3,38,2073,288,83
Union Berlin,DFL-CLU-00000D,https://assets.bundesliga.com/clublogos/DFL-SEA-0001K9/DFL-CLU-00000D.svg,assets/logos/1-fc-union-berlin.svg,Diogo Filipe Monteiro Pinto Leite,DFL-OBJ-J019T5,diogo-leite,4,Defender,1999-01-23,190,82,PRT,https://assets.bundesliga.com/player/dfl-obj-j019t5-dfl-clu-00000v-dfl-sea-0001k9.png,assets/images/1-fc-union-berlin/diogo-leite.png,2022-2023,DFL-SEA-0001K6,28,0,1,8,1,8,394,6,0,0,271,31.55,3,43,1694,227,94
Union Berlin,DFL-CLU-00000D,https://assets.bundesliga.com/clublogos/DFL-SEA-0001K9/DFL-CLU-00000D.svg,assets/logos/1-fc-union-berlin.svg,Dmytro Bogdanov,DFL-OBJ-J01Y7C,dmytro-bogdanov,30,Striker,2007-03-06,187,78,UKR,https://assets.bundesliga.com/player/dfl-obj-j01y7c-dfl-clu-00000v-dfl-sea-0001k9.png,assets/images/1-fc-union-berlin/dmytro-bogdanov.png,2025-2026,DFL-SEA-0001K9,2,0,0,3,1,2,6,0,0,0,1.5,28.81,0,0,7,0,0
Union Berlin,DFL-CLU-00000D,https://assets.bundesliga.com/clublogos/DFL-SEA-0001K9/DFL-CLU-00000D.svg,assets/logos/1-fc-union-berlin.svg,Frederik Riis Rønnow,DFL-OBJ-0028P2,frederik-ronnow,1,Goalkeeper,1992-08-04,188,81,DNK,https://assets.bundesliga.com/player/dfl-obj-0028p2-dfl-clu-00000v-dfl-sea-0001k9.png,assets/images/1-fc-union-berlin/frederik-ronnow.png,2025-2026,DFL-SEA-0001K9,30,0,0,0,0,0,10,2,0,0,163.1,28.72,0,1,1259,0,0
Union Berlin,DFL-CLU-00000D,https://assets.bundesliga.com/clublogos/DFL-SEA-0001K9/DFL-CLU-00000D.svg,assets/logos/1-fc-union-berlin.svg,Frederik Riis Rønnow,DFL-OBJ-0028P2,frederik-ronnow,1,Goalkeeper,1992-08-04,188,81,DNK,https://assets.bundesliga.com/player/dfl-obj-0028p2-dfl-clu-00000v-dfl-sea-0001k9.png,assets/images/1-fc-union-berlin/frederik-ronnow.png,2024-2025,DFL-SEA-0001K8,28,0,0,1,0,1,11,2,0,0,159.8,27.96,0,0,1117,0,0
Union Berlin,DFL-CLU-00000D,https://assets.bundesliga.com/clublogos/DFL-SEA-0001K9/DFL-CLU-00000D.svg,assets/logos/1-fc-union-berlin.svg,Frederik Riis Rønnow,DFL-OBJ-0028P2,frederik-ronnow,1,Goalkeeper,1992-08-04,188,81,DNK,https://assets.bundesliga.com/player/dfl-obj-0028p2-dfl-clu-00000v-dfl-sea-0001k9.png,assets/images/1-fc-union-berlin/frederik-ronnow.png,2023-2024,DFL-SEA-0001K7,33,0,0,2,0,2,12,2,0,0,188.6,28.04,0,0,1580,0,0
Union Berlin,DFL-CLU-00000D,https://assets.bundesliga.com/clublogos/DFL-SEA-0001K9/DFL-CLU-00000D.svg,assets/logos/1-fc-union-berlin.svg,Frederik Riis Rønnow,DFL-OBJ-0028P2,frederik-ronnow,1,Goalkeeper,1992-08-04,188,81,DNK,https://assets.bundesliga.com/player/dfl-obj-0028p2-dfl-clu-00000v-dfl-sea-0001k9.png,assets/images/1-fc-union-berlin/frederik-ronnow.png,2022-2023,DFL-SEA-0001K6,29,0,0,0,0,0,6,2,0,0,154.9,28.06,1,0,1492,0,0
Union Berlin,DFL-CLU-00000D,https://assets.bundesliga.com/clublogos/DFL-SEA-0001K9/DFL-CLU-00000D.svg,assets/logos/1-fc-union-berlin.svg,Frederik Riis Rønnow,DFL-OBJ-0028P2,frederik-ronnow,1,Goalkeeper,1992-08-04,188,81,DNK,https://assets.bundesliga.com/player/dfl-obj-0028p2-dfl-clu-00000v-dfl-sea-0001k9.png,assets/images/1-fc-union-berlin/frederik-ronnow.png,2021-2022,DFL-SEA-0001K5,7,0,0,0,0,0,1,1,0,0,37.9,25.16,0,0,295,1,1
Union Berlin,DFL-CLU-00000D,https://assets.bundesliga.com/clublogos/DFL-SEA-0001K9/DFL-CLU-00000D.svg,assets/logos/1-fc-union-berlin.svg,Frederik Riis Rønnow,DFL-OBJ-0028P2,frederik-ronnow,1,Goalkeeper,1992-08-04,188,81,DNK,https://assets.bundesliga.com/player/dfl-obj-0028p2-dfl-clu-00000v-dfl-sea-0001k9.png,assets/images/1-fc-union-berlin/frederik-ronnow.png,2020-2021,DFL-SEA-0001K4,10,0,0,0,0,0,5,0,0,0,50.8,29.98,0,0,465,0,0
Union Berlin,DFL-CLU-00000D,https://assets.bundesliga.com/clublogos/DFL-SEA-0001K9/DFL-CLU-00000D.svg,assets/logos/1-fc-union-berlin.svg,Frederik Riis Rønnow,DFL-OBJ-0028P2,frederik-ronnow,1,Goalkeeper,1992-08-04,188,81,DNK,https://assets.bundesliga.com/player/dfl-obj-0028p2-dfl-clu-00000v-dfl-sea-0001k9.png,assets/images/1-fc-union-berlin/frederik-ronnow.png,2019-2020,DFL-SEA-0001K3,9,0,0,0,0,0,0,0,0,0,49.7,25.13,0,0,399,0,0
Union Berlin,DFL-CLU-00000D,https://assets.bundesliga.com/clublogos/DFL-SEA-0001K9/DFL-CLU-00000D.svg,assets/logos/1-fc-union-berlin.svg,Ilyas Ansah,DFL-OBJ-J01WS3,ilyas-ansah,10,Striker,2004-11-08,194,84,"DEU , GHA",https://assets.bundesliga.com/player/dfl-obj-j01ws3-dfl-clu-00000v-dfl-sea-0001k9.png,assets/images/1-fc-union-berlin/ilyas-ansah.png,2025-2026,DFL-SEA-0001K9,33,5,1,32,13,19,405,1,0,0,239.1,33.5,10,22,737,211,19
Union Berlin,DFL-CLU-00000D,https://assets.bundesliga.com/clublogos/DFL-SEA-0001K9/DFL-CLU-00000D.svg,assets/logos/1-fc-union-berlin.svg,Janik Haberer,DFL-OBJ-0002DW,janik-haberer,19,Midfielder,1994-04-02,186,79,DEU,https://assets.bundesliga.com/player/dfl-obj-0002dw-dfl-clu-00000v-dfl-sea-0001k9.png,assets/images/1-fc-union-berlin/janik-haberer.png,2025-2026,DFL-SEA-0001K9,28,0,1,11,1,10,188,8,0,0,212.7,32.99,19,24,983,137,23
Union Berlin,DFL-CLU-00000D,https://assets.bundesliga.com/clublogos/DFL-SEA-0001K9/DFL-CLU-00000D.svg,assets/logos/1-fc-union-berlin.svg,Janik Haberer,DFL-OBJ-0002DW,janik-haberer,19,Midfielder,1994-04-02,186,79,DEU,https://assets.bundesliga.com/player/dfl-obj-0002dw-dfl-clu-00000v-dfl-sea-0001k9.png,assets/images/1-fc-union-berlin/janik-haberer.png,2024-2025,DFL-SEA-0001K8,28,0,0,16,3,13,332,1,0,0,225.4,32.15,9,20,937,145,14
Union Berlin,DFL-CLU-00000D,https://assets.bundesliga.com/clublogos/DFL-SEA-0001K9/DFL-CLU-00000D.svg,assets/logos/1-fc-union-berlin.svg,Janik Haberer,DFL-OBJ-0002DW,janik-haberer,19,Midfielder,1994-04-02,186,79,DEU,https://assets.bundesliga.com/player/dfl-obj-0002dw-dfl-clu-00000v-dfl-sea-0001k9.png,assets/images/1-fc-union-berlin/janik-haberer.png,2023-2024,DFL-SEA-0001K7,21,1,1,15,4,11,258,7,0,0,167.2,30.96,11,22,723,124,19
Union Berlin,DFL-CLU-00000D,https://assets.bundesliga.com/clublogos/DFL-SEA-0001K9/DFL-CLU-00000D.svg,assets/logos/1-fc-union-berlin.svg,Janik Haberer,DFL-OBJ-0002DW,janik-haberer,19,Midfielder,1994-04-02,186,79,DEU,https://assets.bundesliga.com/player/dfl-obj-0002dw-dfl-clu-00000v-dfl-sea-0001k9.png,assets/images/1-fc-union-berlin/janik-haberer.png,2022-2023,DFL-SEA-0001K6,32,5,1,31,14,17,506,1,0,0,262.2,32.3,11,30,960,222,40
Union Berlin,DFL-CLU-00000D,https://assets.bundesliga.com/clublogos/DFL-SEA-0001K9/DFL-CLU-00000D.svg,assets/logos/1-fc-union-berlin.svg,Janik Haberer,DFL-OBJ-0002DW,janik-haberer,19,Midfielder,1994-04-02,186,79,DEU,https://assets.bundesliga.com/player/dfl-obj-0002dw-dfl-clu-00000v-dfl-sea-0001k9.png,assets/images/1-fc-union-berlin/janik-haberer.png,2021-2022,DFL-SEA-0001K5,26,3,0,14,3,11,223,1,0,0,116.5,32.42,1,19,440,86,21
Union Berlin,DFL-CLU-00000D,https://assets.bundesliga.com/clublogos/DFL-SEA-0001K9/DFL-CLU-00000D.svg,assets/logos/1-fc-union-berlin.svg,Janik Haberer,DFL-OBJ-0002DW,janik-haberer,19,Midfielder,1994-04-02,186,79,DEU,https://assets.bundesliga.com/player/dfl-obj-0002dw-dfl-clu-00000v-dfl-sea-0001k9.png,assets/images/1-fc-union-berlin/janik-haberer.png,2020-2021,DFL-SEA-0001K4,14,0,0,8,3,5,148,1,0,0,68.5,31.51,7,14,295,60,11
Union Berlin,DFL-CLU-00000D,https://assets.bundesliga.com/clublogos/DFL-SEA-0001K9/DFL-CLU-00000D.svg,assets/logos/1-fc-union-berlin.svg,Janik Haberer,DFL-OBJ-0002DW,janik-haberer,19,Midfielder,1994-04-02,186,79,DEU,https://assets.bundesliga.com/player/dfl-obj-0002dw-dfl-clu-00000v-dfl-sea-0001k9.png,assets/images/1-fc-union-berlin/janik-haberer.png,2019-2020,DFL-SEA-0001K3,26,2,2,13,4,9,342,3,0,0,227.3,31.66,10,33,1158,233,47
Union Berlin,DFL-CLU-00000D,https://assets.bundesliga.com/clublogos/DFL-SEA-0001K9/DFL-CLU-00000D.svg,assets/logos/1-fc-union-berlin.svg,Josip Juranovic,DFL-OBJ-J01GSO,josip-juranovic,18,Defender,1995-08-16,173,68,HRV,https://assets.bundesliga.com/player/dfl-obj-j01gso-dfl-clu-00000v-dfl-sea-0001k9.png,assets/images/1-fc-union-berlin/josip-juranovic.png,2025-2026,DFL-SEA-0001K9,11,1,1,5,2,3,65,1,0,0,41.8,33.08,9,0,245,14,2
Union Berlin,DFL-CLU-00000D,https://assets.bundesliga.com/clublogos/DFL-SEA-0001K9/DFL-CLU-00000D.svg,assets/logos/1-fc-union-berlin.svg,Josip Juranovic,DFL-OBJ-J01GSO,josip-juranovic,18,Defender,1995-08-16,173,68,HRV,https://assets.bundesliga.com/player/dfl-obj-j01gso-dfl-clu-00000v-dfl-sea-0001k9.png,assets/images/1-fc-union-berlin/josip-juranovic.png,2024-2025,DFL-SEA-0001K8,17,0,0,6,2,4,300,4,0,0,134,34.19,38,6,745,69,3
Union Berlin,DFL-CLU-00000D,https://assets.bundesliga.com/clublogos/DFL-SEA-0001K9/DFL-CLU-00000D.svg,assets/logos/1-fc-union-berlin.svg,Josip Juranovic,DFL-OBJ-J01GSO,josip-juranovic,18,Defender,1995-08-16,173,68,HRV,https://assets.bundesliga.com/player/dfl-obj-j01gso-dfl-clu-00000v-dfl-sea-0001k9.png,assets/images/1-fc-union-berlin/josip-juranovic.png,2023-2024,DFL-SEA-0001K7,21,0,2,12,3,9,278,4,0,0,145.1,34.62,26,4,879,86,6
Union Berlin,DFL-CLU-00000D,https://assets.bundesliga.com/clublogos/DFL-SEA-0001K9/DFL-CLU-00000D.svg,assets/logos/1-fc-union-berlin.svg,Josip Juranovic,DFL-OBJ-J01GSO,josip-juranovic,18,Defender,1995-08-16,173,68,HRV,https://assets.bundesliga.com/player/dfl-obj-j01gso-dfl-clu-00000v-dfl-sea-0001k9.png,assets/images/1-fc-union-berlin/josip-juranovic.png,2022-2023,DFL-SEA-0001K6,12,2,1,8,3,5,216,0,0,0,112.3,34.9,23,1,589,48,4
Union Berlin,DFL-CLU-00000D,https://assets.bundesliga.com/clublogos/DFL-SEA-0001K9/DFL-CLU-00000D.svg,assets/logos/1-fc-union-berlin.svg,Leopold Querfeld,DFL-OBJ-J020KQ,leopold-querfeld,14,Defender,2003-12-20,190,83,AUT,https://assets.bundesliga.com/player/dfl-obj-j020kq-dfl-clu-00000v-dfl-sea-0001k9.png,assets/images/1-fc-union-berlin/leopold-querfeld.png,2025-2026,DFL-SEA-0001K9,31,3,0,25,10,15,169,6,0,0,309.2,32.26,2,43,1742,333,153
Union Berlin,DFL-CLU-00000D,https://assets.bundesliga.com/clublogos/DFL-SEA-0001K9/DFL-CLU-00000D.svg,assets/logos/1-fc-union-berlin.svg,Leopold Querfeld,DFL-OBJ-J020KQ,leopold-querfeld,14,Defender,2003-12-20,190,83,AUT,https://assets.bundesliga.com/player/dfl-obj-j020kq-dfl-clu-00000v-dfl-sea-0001k9.png,assets/images/1-fc-union-berlin/leopold-querfeld.png,2024-2025,DFL-SEA-0001K8,27,2,2,15,4,11,235,8,0,0,205,30.72,0,21,1100,169,73
Union Berlin,DFL-CLU-00000D,https://assets.bundesliga.com/clublogos/DFL-SEA-0001K9/DFL-CLU-00000D.svg,assets/logos/1-fc-union-berlin.svg,Linus Güther,DFL-OBJ-J023U1,linus-guther,49,Midfielder,2010-04-08,0,,DEU,https://assets.bundesliga.com/player/dfl-obj-j023u1-dfl-clu-00000v-dfl-sea-0001k9.png,assets/images/1-fc-union-berlin/linus-guther.png,2025-2026,DFL-SEA-0001K9,1,0,0,0,0,0,3,1,0,0,1.9,28.99,0,1,3,0,0
Union Berlin,DFL-CLU-00000D,https://assets.bundesliga.com/clublogos/DFL-SEA-0001K9/DFL-CLU-00000D.svg,assets/logos/1-fc-union-berlin.svg,Livan Baha Burcu,DFL-OBJ-J01VYC,livan-burcu,9,Striker,2004-09-28,178,68,"DEU , TUR",https://assets.bundesliga.com/player/dfl-obj-j01vyc-dfl-clu-00000v-dfl-sea-0001k9.png,assets/images/1-fc-union-berlin/livan-burcu.png,2025-2026,DFL-SEA-0001K9,18,1,1,16,5,11,154,4,0,0,88.2,32.69,13,6,357,66,2
Union Berlin,DFL-CLU-00000D,https://assets.bundesliga.com/clublogos/DFL-SEA-0001K9/DFL-CLU-00000D.svg,assets/logos/1-fc-union-berlin.svg,Marie-Louise Eta,DFL-OBJ-J00V41,marie-louise-eta,,Union Berlin,1991-07-07,165,,DEU,https://assets.bundesliga.com/person/dfl-obj-j00v41-dfl-clu-00000v-dfl-sea-0001k9.png,assets/images/1-fc-union-berlin/marie-louise-eta.png,2025-2026,DFL-SEA-0001K9,,,,,,,,,,,,,,,,,
Union Berlin,DFL-CLU-00000D,https://assets.bundesliga.com/clublogos/DFL-SEA-0001K9/DFL-CLU-00000D.svg,assets/logos/1-fc-union-berlin.svg,Matheo Raab,DFL-OBJ-J017CZ,matheo-raab,31,Goalkeeper,1998-12-18,186,82,DEU,https://assets.bundesliga.com/player/dfl-obj-j017cz-dfl-clu-00000v-dfl-sea-0001k9.png,assets/images/1-fc-union-berlin/matheo-raab.png,2025-2026,DFL-SEA-0001K9,1,0,0,0,0,0,0,0,0,0,5.1,22.19,0,0,47,0,0
Union Berlin,DFL-CLU-00000D,https://assets.bundesliga.com/clublogos/DFL-SEA-0001K9/DFL-CLU-00000D.svg,assets/logos/1-fc-union-berlin.svg,Oliver Jasen Burke,DFL-OBJ-0027FW,oliver-burke,7,Striker,1997-04-07,188,74,SCT,https://assets.bundesliga.com/player/dfl-obj-0027fw-dfl-clu-00000v-dfl-sea-0001k9.png,assets/images/1-fc-union-berlin/oliver-burke.png,2025-2026,DFL-SEA-0001K9,29,6,2,32,15,17,644,4,0,0,200.5,37,33,11,597,119,24
Union Berlin,DFL-CLU-00000D,https://assets.bundesliga.com/clublogos/DFL-SEA-0001K9/DFL-CLU-00000D.svg,assets/logos/1-fc-union-berlin.svg,Oliver Jasen Burke,DFL-OBJ-0027FW,oliver-burke,7,Striker,1997-04-07,188,74,SCT,https://assets.bundesliga.com/player/dfl-obj-0027fw-dfl-clu-00000v-dfl-sea-0001k9.png,assets/images/1-fc-union-berlin/oliver-burke.png,2024-2025,DFL-SEA-0001K8,25,5,0,30,10,20,505,4,0,0,115.7,36.72,15,11,443,116,35
Union Berlin,DFL-CLU-00000D,https://assets.bundesliga.com/clublogos/DFL-SEA-0001K9/DFL-CLU-00000D.svg,assets/logos/1-fc-union-berlin.svg,Oliver Jasen Burke,DFL-OBJ-0027FW,oliver-burke,7,Striker,1997-04-07,188,74,SCT,https://assets.bundesliga.com/player/dfl-obj-0027fw-dfl-clu-00000v-dfl-sea-0001k9.png,assets/images/1-fc-union-berlin/oliver-burke.png,2023-2024,DFL-SEA-0001K7,1,0,0,0,0,0,10,0,0,0,4,33.07,1,0,13,2,0
Union Berlin,DFL-CLU-00000D,https://assets.bundesliga.com/clublogos/DFL-SEA-0001K9/DFL-CLU-00000D.svg,assets/logos/1-fc-union-berlin.svg,Oliver Jasen Burke,DFL-OBJ-0027FW,oliver-burke,7,Striker,1997-04-07,188,74,SCT,https://assets.bundesliga.com/player/dfl-obj-0027fw-dfl-clu-00000v-dfl-sea-0001k9.png,assets/images/1-fc-union-berlin/oliver-burke.png,2022-2023,DFL-SEA-0001K6,15,2,0,7,4,3,114,0,0,0,24,34.34,3,2,128,37,13
Union Berlin,DFL-CLU-00000D,https://assets.bundesliga.com/clublogos/DFL-SEA-0001K9/DFL-CLU-00000D.svg,assets/logos/1-fc-union-berlin.svg,Rani Khedira,DFL-OBJ-0001EA,rani-khedira,8,Midfielder,1994-01-27,189,86,"TUN , DEU",https://assets.bundesliga.com/player/dfl-obj-0001ea-dfl-clu-00000v-dfl-sea-0001k9.png,assets/images/1-fc-union-berlin/rani-khedira.png,2025-2026,DFL-SEA-0001K9,32,5,1,24,10,14,311,7,0,0,353.6,33.61,20,52,1062,235,43
Union Berlin,DFL-CLU-00000D,https://assets.bundesliga.com/clublogos/DFL-SEA-0001K9/DFL-CLU-00000D.svg,assets/logos/1-fc-union-berlin.svg,Rani Khedira,DFL-OBJ-0001EA,rani-khedira,8,Midfielder,1994-01-27,189,86,"TUN , DEU",https://assets.bundesliga.com/player/dfl-obj-0001ea-dfl-clu-00000v-dfl-sea-0001k9.png,assets/images/1-fc-union-berlin/rani-khedira.png,2024-2025,DFL-SEA-0001K8,32,1,1,14,1,13,553,7,0,0,346.9,32.08,17,45,1331,299,59
Union Berlin,DFL-CLU-00000D,https://assets.bundesliga.com/clublogos/DFL-SEA-0001K9/DFL-CLU-00000D.svg,assets/logos/1-fc-union-berlin.svg,Rani Khedira,DFL-OBJ-0001EA,rani-khedira,8,Midfielder,1994-01-27,189,86,"TUN , DEU",https://assets.bundesliga.com/player/dfl-obj-0001ea-dfl-clu-00000v-dfl-sea-0001k9.png,assets/images/1-fc-union-berlin/rani-khedira.png,2023-2024,DFL-SEA-0001K7,20,0,0,3,1,2,194,5,0,0,154.3,31.53,6,23,632,146,27
Union Berlin,DFL-CLU-00000D,https://assets.bundesliga.com/clublogos/DFL-SEA-0001K9/DFL-CLU-00000D.svg,assets/logos/1-fc-union-berlin.svg,Rani Khedira,DFL-OBJ-0001EA,rani-khedira,8,Midfielder,1994-01-27,189,86,"TUN , DEU",https://assets.bundesliga.com/player/dfl-obj-0001ea-dfl-clu-00000v-dfl-sea-0001k9.png,assets/images/1-fc-union-berlin/rani-khedira.png,2022-2023,DFL-SEA-0001K6,33,2,0,23,3,20,388,8,0,0,324.8,32.55,9,53,1385,292,51
Union Berlin,DFL-CLU-00000D,https://assets.bundesliga.com/clublogos/DFL-SEA-0001K9/DFL-CLU-00000D.svg,assets/logos/1-fc-union-berlin.svg,Rani Khedira,DFL-OBJ-0001EA,rani-khedira,8,Midfielder,1994-01-27,189,86,"TUN , DEU",https://assets.bundesliga.com/player/dfl-obj-0001ea-dfl-clu-00000v-dfl-sea-0001k9.png,assets/images/1-fc-union-berlin/rani-khedira.png,2021-2022,DFL-SEA-0001K5,32,0,1,13,3,10,489,6,0,0,352.4,32.35,18,57,1275,299,50
Union Berlin,DFL-CLU-00000D,https://assets.bundesliga.com/clublogos/DFL-SEA-0001K9/DFL-CLU-00000D.svg,assets/logos/1-fc-union-berlin.svg,Rani Khedira,DFL-OBJ-0001EA,rani-khedira,8,Midfielder,1994-01-27,189,86,"TUN , DEU",https://assets.bundesliga.com/player/dfl-obj-0001ea-dfl-clu-00000v-dfl-sea-0001k9.png,assets/images/1-fc-union-berlin/rani-khedira.png,2020-2021,DFL-SEA-0001K4,29,1,0,9,4,5,412,5,0,0,265.2,30.91,6,23,874,196,42
Union Berlin,DFL-CLU-00000D,https://assets.bundesliga.com/clublogos/DFL-SEA-0001K9/DFL-CLU-00000D.svg,assets/logos/1-fc-union-berlin.svg,Rani Khedira,DFL-OBJ-0001EA,rani-khedira,8,Midfielder,1994-01-27,189,86,"TUN , DEU",https://assets.bundesliga.com/player/dfl-obj-0001ea-dfl-clu-00000v-dfl-sea-0001k9.png,assets/images/1-fc-union-berlin/rani-khedira.png,2019-2020,DFL-SEA-0001K3,32,0,2,10,0,10,522,8,0,0,337,31.33,9,35,1216,302,66
Union Berlin,DFL-CLU-00000D,https://assets.bundesliga.com/clublogos/DFL-SEA-0001K9/DFL-CLU-00000D.svg,assets/logos/1-fc-union-berlin.svg,Robert Faxe Skov,DFL-OBJ-002G4B,robert-skov,24,Midfielder,1996-05-20,185,81,DNK,https://assets.bundesliga.com/player/dfl-obj-002g4b-dfl-clu-00000v-dfl-sea-0001k9.png,assets/images/1-fc-union-berlin/robert-skov.png,2025-2026,DFL-SEA-0001K9,3,0,0,1,0,1,29,0,0,0,24.5,30.8,9,5,113,17,1
Union Berlin,DFL-CLU-00000D,https://assets.bundesliga.com/clublogos/DFL-SEA-0001K9/DFL-CLU-00000D.svg,assets/logos/1-fc-union-berlin.svg,Robert Faxe Skov,DFL-OBJ-002G4B,robert-skov,24,Midfielder,1996-05-20,185,81,DNK,https://assets.bundesliga.com/player/dfl-obj-002g4b-dfl-clu-00000v-dfl-sea-0001k9.png,assets/images/1-fc-union-berlin/robert-skov.png,2024-2025,DFL-SEA-0001K8,15,2,2,19,7,12,238,1,0,0,102.7,33.9,16,14,584,85,13
Union Berlin,DFL-CLU-00000D,https://assets.bundesliga.com/clublogos/DFL-SEA-0001K9/DFL-CLU-00000D.svg,assets/logos/1-fc-union-berlin.svg,Robert Faxe Skov,DFL-OBJ-002G4B,robert-skov,24,Midfielder,1996-05-20,185,81,DNK,https://assets.bundesliga.com/player/dfl-obj-002g4b-dfl-clu-00000v-dfl-sea-0001k9.png,assets/images/1-fc-union-berlin/robert-skov.png,2023-2024,DFL-SEA-0001K7,25,3,4,33,9,24,321,2,0,0,154.8,33.48,25,15,955,126,19
Union Berlin,DFL-CLU-00000D,https://assets.bundesliga.com/clublogos/DFL-SEA-0001K9/DFL-CLU-00000D.svg,assets/logos/1-fc-union-berlin.svg,Robert Faxe Skov,DFL-OBJ-002G4B,robert-skov,24,Midfielder,1996-05-20,185,81,DNK,https://assets.bundesliga.com/player/dfl-obj-002g4b-dfl-clu-00000v-dfl-sea-0001k9.png,assets/images/1-fc-union-berlin/robert-skov.png,2022-2023,DFL-SEA-0001K6,23,3,2,46,16,30,375,1,0,0,155.5,33.19,33,16,953,138,19
Union Berlin,DFL-CLU-00000D,https://assets.bundesliga.com/clublogos/DFL-SEA-0001K9/DFL-CLU-00000D.svg,assets/logos/1-fc-union-berlin.svg,Robert Faxe Skov,DFL-OBJ-002G4B,robert-skov,24,Midfielder,1996-05-20,185,81,DNK,https://assets.bundesliga.com/player/dfl-obj-002g4b-dfl-clu-00000v-dfl-sea-0001k9.png,assets/images/1-fc-union-berlin/robert-skov.png,2021-2022,DFL-SEA-0001K5,12,0,1,12,2,10,131,1,0,0,46.2,34.34,7,6,225,34,4
Union Berlin,DFL-CLU-00000D,https://assets.bundesliga.com/clublogos/DFL-SEA-0001K9/DFL-CLU-00000D.svg,assets/logos/1-fc-union-berlin.svg,Robert Faxe Skov,DFL-OBJ-002G4B,robert-skov,24,Midfielder,1996-05-20,185,81,DNK,https://assets.bundesliga.com/player/dfl-obj-002g4b-dfl-clu-00000v-dfl-sea-0001k9.png,assets/images/1-fc-union-berlin/robert-skov.png,2020-2021,DFL-SEA-0001K4,23,1,0,35,8,27,366,0,0,0,146.9,32.88,32,7,714,124,15
Union Berlin,DFL-CLU-00000D,https://assets.bundesliga.com/clublogos/DFL-SEA-0001K9/DFL-CLU-00000D.svg,assets/logos/1-fc-union-berlin.svg,Robert Faxe Skov,DFL-OBJ-002G4B,robert-skov,24,Midfielder,1996-05-20,185,81,DNK,https://assets.bundesliga.com/player/dfl-obj-002g4b-dfl-clu-00000v-dfl-sea-0001k9.png,assets/images/1-fc-union-berlin/robert-skov.png,2019-2020,DFL-SEA-0001K3,31,4,7,63,21,42,655,4,0,0,304.2,34.05,50,20,1737,278,20
Union Berlin,DFL-CLU-00000D,https://assets.bundesliga.com/clublogos/DFL-SEA-0001K9/DFL-CLU-00000D.svg,assets/logos/1-fc-union-berlin.svg,Stanley Pierre Nsoki,DFL-OBJ-J019UO,stanley-nsoki,34,Defender,1999-04-09,184,83,"FRA , COD",https://assets.bundesliga.com/player/dfl-obj-j019uo-dfl-clu-00000v-dfl-sea-0001k9.png,assets/images/1-fc-union-berlin/stanley-nsoki.png,2025-2026,DFL-SEA-0001K9,13,1,2,3,1,2,125,2,0,0,92.7,34.56,9,8,503,65,14
Union Berlin,DFL-CLU-00000D,https://assets.bundesliga.com/clublogos/DFL-SEA-0001K9/DFL-CLU-00000D.svg,assets/logos/1-fc-union-berlin.svg,Stanley Pierre Nsoki,DFL-OBJ-J019UO,stanley-nsoki,34,Defender,1999-04-09,184,83,"FRA , COD",https://assets.bundesliga.com/player/dfl-obj-j019uo-dfl-clu-00000v-dfl-sea-0001k9.png,assets/images/1-fc-union-berlin/stanley-nsoki.png,2024-2025,DFL-SEA-0001K8,22,0,0,3,1,2,293,3,0,0,151.9,34.89,1,12,1057,131,26
Union Berlin,DFL-CLU-00000D,https://assets.bundesliga.com/clublogos/DFL-SEA-0001K9/DFL-CLU-00000D.svg,assets/logos/1-fc-union-berlin.svg,Stanley Pierre Nsoki,DFL-OBJ-J019UO,stanley-nsoki,34,Defender,1999-04-09,184,83,"FRA , COD",https://assets.bundesliga.com/player/dfl-obj-j019uo-dfl-clu-00000v-dfl-sea-0001k9.png,assets/images/1-fc-union-berlin/stanley-nsoki.png,2023-2024,DFL-SEA-0001K7,11,0,0,0,0,0,162,1,0,0,76.3,33.83,2,12,527,83,17
Union Berlin,DFL-CLU-00000D,https://assets.bundesliga.com/clublogos/DFL-SEA-0001K9/DFL-CLU-00000D.svg,assets/logos/1-fc-union-berlin.svg,Stanley Pierre Nsoki,DFL-OBJ-J019UO,stanley-nsoki,34,Defender,1999-04-09,184,83,"FRA , COD",https://assets.bundesliga.com/player/dfl-obj-j019uo-dfl-clu-00000v-dfl-sea-0001k9.png,assets/images/1-fc-union-berlin/stanley-nsoki.png,2022-2023,DFL-SEA-0001K6,19,1,0,7,3,4,268,2,0,0,147.3,34.66,0,13,977,137,30
Union Berlin,DFL-CLU-00000D,https://assets.bundesliga.com/clublogos/DFL-SEA-0001K9/DFL-CLU-00000D.svg,assets/logos/1-fc-union-berlin.svg,Tim Skarke,DFL-OBJ-002659,tim-skarke,21,Midfielder,1996-09-07,181,79,DEU,https://assets.bundesliga.com/player/dfl-obj-002659-dfl-clu-00000v-dfl-sea-0001k9.png,assets/images/1-fc-union-berlin/tim-skarke.png,2025-2026,DFL-SEA-0001K9,22,1,1,16,6,10,167,0,0,0,86.9,35.11,13,9,269,46,7
Union Berlin,DFL-CLU-00000D,https://assets.bundesliga.com/clublogos/DFL-SEA-0001K9/DFL-CLU-00000D.svg,assets/logos/1-fc-union-berlin.svg,Tim Skarke,DFL-OBJ-002659,tim-skarke,21,Midfielder,1996-09-07,181,79,DEU,https://assets.bundesliga.com/player/dfl-obj-002659-dfl-clu-00000v-dfl-sea-0001k9.png,assets/images/1-fc-union-berlin/tim-skarke.png,2024-2025,DFL-SEA-0001K8,33,0,2,20,8,12,442,1,0,0,157.5,35.56,23,10,518,108,15
Union Berlin,DFL-CLU-00000D,https://assets.bundesliga.com/clublogos/DFL-SEA-0001K9/DFL-CLU-00000D.svg,assets/logos/1-fc-union-berlin.svg,Tim Skarke,DFL-OBJ-002659,tim-skarke,21,Midfielder,1996-09-07,181,79,DEU,https://assets.bundesliga.com/player/dfl-obj-002659-dfl-clu-00000v-dfl-sea-0001k9.png,assets/images/1-fc-union-berlin/tim-skarke.png,2023-2024,DFL-SEA-0001K7,30,8,0,70,21,49,666,7,0,0,263.1,34.85,63,30,1190,193,18
Union Berlin,DFL-CLU-00000D,https://assets.bundesliga.com/clublogos/DFL-SEA-0001K9/DFL-CLU-00000D.svg,assets/logos/1-fc-union-berlin.svg,Tim Skarke,DFL-OBJ-002659,tim-skarke,21,Midfielder,1996-09-07,181,79,DEU,https://assets.bundesliga.com/player/dfl-obj-002659-dfl-clu-00000v-dfl-sea-0001k9.png,assets/images/1-fc-union-berlin/tim-skarke.png,2022-2023,DFL-SEA-0001K6,12,1,1,15,6,9,120,1,0,0,46.7,32.61,17,7,269,45,3
Union Berlin,DFL-CLU-00000D,https://assets.bundesliga.com/clublogos/DFL-SEA-0001K9/DFL-CLU-00000D.svg,assets/logos/1-fc-union-berlin.svg,Tom Alexander Rothe,DFL-OBJ-J01KAI,tom-rothe,15,Defender,2004-10-29,193,85,DEU,https://assets.bundesliga.com/player/dfl-obj-j01kai-dfl-clu-00000v-dfl-sea-0001k9.png,assets/images/1-fc-union-berlin/tom-rothe.png,2025-2026,DFL-SEA-0001K9,21,2,0,18,5,13,180,1,0,0,140.3,32.04,26,11,725,127,37
Union Berlin,DFL-CLU-00000D,https://assets.bundesliga.com/clublogos/DFL-SEA-0001K9/DFL-CLU-00000D.svg,assets/logos/1-fc-union-berlin.svg,Tom Alexander Rothe,DFL-OBJ-J01KAI,tom-rothe,15,Defender,2004-10-29,193,85,DEU,https://assets.bundesliga.com/player/dfl-obj-j01kai-dfl-clu-00000v-dfl-sea-0001k9.png,assets/images/1-fc-union-berlin/tom-rothe.png,2024-2025,DFL-SEA-0001K8,26,3,3,22,9,13,548,4,0,0,221.2,31.36,37,23,1118,193,43
Union Berlin,DFL-CLU-00000D,https://assets.bundesliga.com/clublogos/DFL-SEA-0001K9/DFL-CLU-00000D.svg,assets/logos/1-fc-union-berlin.svg,Tom Alexander Rothe,DFL-OBJ-J01KAI,tom-rothe,15,Defender,2004-10-29,193,85,DEU,https://assets.bundesliga.com/player/dfl-obj-j01kai-dfl-clu-00000v-dfl-sea-0001k9.png,assets/images/1-fc-union-berlin/tom-rothe.png,2022-2023,DFL-SEA-0001K6,2,0,0,1,0,1,7,0,0,0,4.2,31.03,2,2,23,4,2
Union Berlin,DFL-CLU-00000D,https://assets.bundesliga.com/clublogos/DFL-SEA-0001K9/DFL-CLU-00000D.svg,assets/logos/1-fc-union-berlin.svg,Tom Alexander Rothe,DFL-OBJ-J01KAI,tom-rothe,15,Defender,2004-10-29,193,85,DEU,https://assets.bundesliga.com/player/dfl-obj-j01kai-dfl-clu-00000v-dfl-sea-0001k9.png,assets/images/1-fc-union-berlin/tom-rothe.png,2021-2022,DFL-SEA-0001K5,2,1,0,2,1,1,31,1,0,0,12,31.18,6,2,76,13,2
Union Berlin,DFL-CLU-00000D,https://assets.bundesliga.com/clublogos/DFL-SEA-0001K9/DFL-CLU-00000D.svg,assets/logos/1-fc-union-berlin.svg,Tom Heinz Wisbereit,DFL-OBJ-J022FK,tom-wisbereit,48,Goalkeeper,2007-11-17,195,,DEU,https://assets.bundesliga.com/player/dfl-obj-j022fk-dfl-clu-00000v-dfl-sea-0001k9.png,assets/images/1-fc-union-berlin/tom-wisbereit.png,2025-2026,DFL-SEA-0001K9,,,,,,,,,,,,,,,,,
Union Berlin,DFL-CLU-00000D,https://assets.bundesliga.com/clublogos/DFL-SEA-0001K9/DFL-CLU-00000D.svg,assets/logos/1-fc-union-berlin.svg,Wooyeong Jeong,DFL-OBJ-002FVR,wooyeong-jeong,11,Midfielder,1999-09-20,179,71,KOR,https://assets.bundesliga.com/player/dfl-obj-002fvr-dfl-clu-00000v-dfl-sea-0001k9.png,assets/images/1-fc-union-berlin/wooyeong-jeong.png,2025-2026,DFL-SEA-0001K9,28,4,1,23,8,15,415,0,0,0,165.8,33.72,21,13,534,91,10
Union Berlin,DFL-CLU-00000D,https://assets.bundesliga.com/clublogos/DFL-SEA-0001K9/DFL-CLU-00000D.svg,assets/logos/1-fc-union-berlin.svg,Wooyeong Jeong,DFL-OBJ-002FVR,wooyeong-jeong,11,Midfielder,1999-09-20,179,71,KOR,https://assets.bundesliga.com/player/dfl-obj-002fvr-dfl-clu-00000v-dfl-sea-0001k9.png,assets/images/1-fc-union-berlin/wooyeong-jeong.png,2024-2025,DFL-SEA-0001K8,23,3,2,25,7,18,579,2,0,0,168.2,33.94,24,16,659,106,14
Union Berlin,DFL-CLU-00000D,https://assets.bundesliga.com/clublogos/DFL-SEA-0001K9/DFL-CLU-00000D.svg,assets/logos/1-fc-union-berlin.svg,Wooyeong Jeong,DFL-OBJ-002FVR,wooyeong-jeong,11,Midfielder,1999-09-20,179,71,KOR,https://assets.bundesliga.com/player/dfl-obj-002fvr-dfl-clu-00000v-dfl-sea-0001k9.png,assets/images/1-fc-union-berlin/wooyeong-jeong.png,2023-2024,DFL-SEA-0001K7,26,2,3,18,8,10,311,1,0,0,92.7,34.36,6,4,438,56,4
Union Berlin,DFL-CLU-00000D,https://assets.bundesliga.com/clublogos/DFL-SEA-0001K9/DFL-CLU-00000D.svg,assets/logos/1-fc-union-berlin.svg,Wooyeong Jeong,DFL-OBJ-002FVR,wooyeong-jeong,11,Midfielder,1999-09-20,179,71,KOR,https://assets.bundesliga.com/player/dfl-obj-002fvr-dfl-clu-00000v-dfl-sea-0001k9.png,assets/images/1-fc-union-berlin/wooyeong-jeong.png,2022-2023,DFL-SEA-0001K6,26,1,1,13,4,9,239,2,0,0,77.9,33.79,8,13,329,52,3
Union Berlin,DFL-CLU-00000D,https://assets.bundesliga.com/clublogos/DFL-SEA-0001K9/DFL-CLU-00000D.svg,assets/logos/1-fc-union-berlin.svg,Wooyeong Jeong,DFL-OBJ-002FVR,wooyeong-jeong,11,Midfielder,1999-09-20,179,71,KOR,https://assets.bundesliga.com/player/dfl-obj-002fvr-dfl-clu-00000v-dfl-sea-0001k9.png,assets/images/1-fc-union-berlin/wooyeong-jeong.png,2021-2022,DFL-SEA-0001K5,32,5,2,49,18,31,736,1,0,0,243.3,34.47,27,10,841,133,17
Union Berlin,DFL-CLU-00000D,https://assets.bundesliga.com/clublogos/DFL-SEA-0001K9/DFL-CLU-00000D.svg,assets/logos/1-fc-union-berlin.svg,Wooyeong Jeong,DFL-OBJ-002FVR,wooyeong-jeong,11,Midfielder,1999-09-20,179,71,KOR,https://assets.bundesliga.com/player/dfl-obj-002fvr-dfl-clu-00000v-dfl-sea-0001k9.png,assets/images/1-fc-union-berlin/wooyeong-jeong.png,2020-2021,DFL-SEA-0001K4,26,4,0,15,7,8,377,0,0,0,118.6,34.25,9,11,513,94,19
Mainz,DFL-CLU-00000L,https://assets.bundesliga.com/clublogos/DFL-SEA-0001K9/DFL-CLU-00000L.svg,assets/logos/1-fsv-mainz-05.svg,Andreas Schjölberg Hanche-Olsen,DFL-OBJ-J019XM,andreas-hanche-olsen,25,Defender,1997-01-17,185,79,NOR,https://assets.bundesliga.com/player/dfl-obj-j019xm-dfl-clu-000006-dfl-sea-0001k9.png,assets/images/1-fsv-mainz-05/andreas-hanche-olsen.png,2025-2026,DFL-SEA-0001K9,13,0,1,4,2,2,152,3,0,0,103.3,33.13,0,13,630,106,55
Mainz,DFL-CLU-00000L,https://assets.bundesliga.com/clublogos/DFL-SEA-0001K9/DFL-CLU-00000L.svg,assets/logos/1-fsv-mainz-05.svg,Andreas Schjölberg Hanche-Olsen,DFL-OBJ-J019XM,andreas-hanche-olsen,25,Defender,1997-01-17,185,79,NOR,https://assets.bundesliga.com/player/dfl-obj-j019xm-dfl-clu-000006-dfl-sea-0001k9.png,assets/images/1-fsv-mainz-05/andreas-hanche-olsen.png,2024-2025,DFL-SEA-0001K8,22,1,1,9,2,7,297,2,0,0,154.2,33.67,0,23,850,151,66
Mainz,DFL-CLU-00000L,https://assets.bundesliga.com/clublogos/DFL-SEA-0001K9/DFL-CLU-00000L.svg,assets/logos/1-fsv-mainz-05.svg,Andreas Schjölberg Hanche-Olsen,DFL-OBJ-J019XM,andreas-hanche-olsen,25,Defender,1997-01-17,185,79,NOR,https://assets.bundesliga.com/player/dfl-obj-j019xm-dfl-clu-000006-dfl-sea-0001k9.png,assets/images/1-fsv-mainz-05/andreas-hanche-olsen.png,2023-2024,DFL-SEA-0001K7,15,1,0,3,1,2,218,5,0,0,118.4,32.94,0,12,568,99,37
Mainz,DFL-CLU-00000L,https://assets.bundesliga.com/clublogos/DFL-SEA-0001K9/DFL-CLU-00000L.svg,assets/logos/1-fsv-mainz-05.svg,Andreas Schjölberg Hanche-Olsen,DFL-OBJ-J019XM,andreas-hanche-olsen,25,Defender,1997-01-17,185,79,NOR,https://assets.bundesliga.com/player/dfl-obj-j019xm-dfl-clu-000006-dfl-sea-0001k9.png,assets/images/1-fsv-mainz-05/andreas-hanche-olsen.png,2022-2023,DFL-SEA-0001K6,17,1,2,9,3,6,390,5,0,0,188,33.9,4,21,1011,232,93
Mainz,DFL-CLU-00000L,https://assets.bundesliga.com/clublogos/DFL-SEA-0001K9/DFL-CLU-00000L.svg,assets/logos/1-fsv-mainz-05.svg,Anthony Caci,DFL-OBJ-J01C5K,anthony-caci,19,Defender,1997-07-01,184,76,FRA,https://assets.bundesliga.com/player/dfl-obj-j01c5k-dfl-clu-000006-dfl-sea-0001k9.png,assets/images/1-fsv-mainz-05/anthony-caci.png,2025-2026,DFL-SEA-0001K9,10,0,0,5,0,5,85,3,0,0,62.7,33.32,33,8,520,56,5
Mainz,DFL-CLU-00000L,https://assets.bundesliga.com/clublogos/DFL-SEA-0001K9/DFL-CLU-00000L.svg,assets/logos/1-fsv-mainz-05.svg,Anthony Caci,DFL-OBJ-J01C5K,anthony-caci,19,Defender,1997-07-01,184,76,FRA,https://assets.bundesliga.com/player/dfl-obj-j01c5k-dfl-clu-000006-dfl-sea-0001k9.png,assets/images/1-fsv-mainz-05/anthony-caci.png,2024-2025,DFL-SEA-0001K8,33,1,7,31,11,20,713,6,0,0,328.5,33.74,83,35,2021,270,40
Mainz,DFL-CLU-00000L,https://assets.bundesliga.com/clublogos/DFL-SEA-0001K9/DFL-CLU-00000L.svg,assets/logos/1-fsv-mainz-05.svg,Anthony Caci,DFL-OBJ-J01C5K,anthony-caci,19,Defender,1997-07-01,184,76,FRA,https://assets.bundesliga.com/player/dfl-obj-j01c5k-dfl-clu-000006-dfl-sea-0001k9.png,assets/images/1-fsv-mainz-05/anthony-caci.png,2023-2024,DFL-SEA-0001K7,31,2,3,31,6,25,651,8,0,0,310,33.08,42,35,1831,212,43
Mainz,DFL-CLU-00000L,https://assets.bundesliga.com/clublogos/DFL-SEA-0001K9/DFL-CLU-00000L.svg,assets/logos/1-fsv-mainz-05.svg,Anthony Caci,DFL-OBJ-J01C5K,anthony-caci,19,Defender,1997-07-01,184,76,FRA,https://assets.bundesliga.com/player/dfl-obj-j01c5k-dfl-clu-000006-dfl-sea-0001k9.png,assets/images/1-fsv-mainz-05/anthony-caci.png,2022-2023,DFL-SEA-0001K6,31,2,1,9,5,4,499,4,0,0,231.2,33.06,35,18,1441,206,28
Mainz,DFL-CLU-00000L,https://assets.bundesliga.com/clublogos/DFL-SEA-0001K9/DFL-CLU-00000L.svg,assets/logos/1-fsv-mainz-05.svg,Armindo Sieb,DFL-OBJ-002GCC,armindo-sieb,11,Striker,2003-02-17,175,75,"DEU , MOZ",https://assets.bundesliga.com/player/dfl-obj-002gcc-dfl-clu-000006-dfl-sea-0001k9.png,assets/images/1-fsv-mainz-05/armindo-sieb.png,2025-2026,DFL-SEA-0001K9,22,2,0,18,6,12,139,1,0,0,71.9,32.26,9,14,282,56,14
Mainz,DFL-CLU-00000L,https://assets.bundesliga.com/clublogos/DFL-SEA-0001K9/DFL-CLU-00000L.svg,assets/logos/1-fsv-mainz-05.svg,Armindo Sieb,DFL-OBJ-002GCC,armindo-sieb,11,Striker,2003-02-17,175,75,"DEU , MOZ",https://assets.bundesliga.com/player/dfl-obj-002gcc-dfl-clu-000006-dfl-sea-0001k9.png,assets/images/1-fsv-mainz-05/armindo-sieb.png,2024-2025,DFL-SEA-0001K8,27,2,2,29,7,22,250,2,0,0,100.6,34.47,2,12,349,87,11
Mainz,DFL-CLU-00000L,https://assets.bundesliga.com/clublogos/DFL-SEA-0001K9/DFL-CLU-00000L.svg,assets/logos/1-fsv-mainz-05.svg,Benedict Hollerbach,DFL-OBJ-J01DKU,benedict-hollerbach,17,Striker,2001-05-17,181,81,DEU,https://assets.bundesliga.com/player/dfl-obj-j01dku-dfl-clu-000006-dfl-sea-0001k9.png,assets/images/1-fsv-mainz-05/benedict-hollerbach.png,2025-2026,DFL-SEA-0001K9,14,1,2,23,5,18,230,0,0,0,121.2,34.72,17,18,385,110,22
Mainz,DFL-CLU-00000L,https://assets.bundesliga.com/clublogos/DFL-SEA-0001K9/DFL-CLU-00000L.svg,assets/logos/1-fsv-mainz-05.svg,Benedict Hollerbach,DFL-OBJ-J01DKU,benedict-hollerbach,17,Striker,2001-05-17,181,81,DEU,https://assets.bundesliga.com/player/dfl-obj-j01dku-dfl-clu-000006-dfl-sea-0001k9.png,assets/images/1-fsv-mainz-05/benedict-hollerbach.png,2024-2025,DFL-SEA-0001K8,34,9,0,73,25,48,928,3,0,0,352,34.82,56,37,1240,348,37
Mainz,DFL-CLU-00000L,https://assets.bundesliga.com/clublogos/DFL-SEA-0001K9/DFL-CLU-00000L.svg,assets/logos/1-fsv-mainz-05.svg,Benedict Hollerbach,DFL-OBJ-J01DKU,benedict-hollerbach,17,Striker,2001-05-17,181,81,DEU,https://assets.bundesliga.com/player/dfl-obj-j01dku-dfl-clu-000006-dfl-sea-0001k9.png,assets/images/1-fsv-mainz-05/benedict-hollerbach.png,2023-2024,DFL-SEA-0001K7,28,5,0,34,9,25,589,2,0,0,183.1,34.6,30,27,710,210,15
Mainz,DFL-CLU-00000L,https://assets.bundesliga.com/clublogos/DFL-SEA-0001K9/DFL-CLU-00000L.svg,assets/logos/1-fsv-mainz-05.svg,Daniel Batz,DFL-OBJ-0000QS,daniel-batz,33,Goalkeeper,1991-01-12,191,87,DEU,https://assets.bundesliga.com/player/dfl-obj-0000qs-dfl-clu-000006-dfl-sea-0001k9.png,assets/images/1-fsv-mainz-05/daniel-batz.png,2025-2026,DFL-SEA-0001K9,21,0,0,0,0,0,8,2,0,0,104.2,29.51,0,0,907,0,0
Mainz,DFL-CLU-00000L,https://assets.bundesliga.com/clublogos/DFL-SEA-0001K9/DFL-CLU-00000L.svg,assets/logos/1-fsv-mainz-05.svg,Daniel Batz,DFL-OBJ-0000QS,daniel-batz,33,Goalkeeper,1991-01-12,191,87,DEU,https://assets.bundesliga.com/player/dfl-obj-0000qs-dfl-clu-000006-dfl-sea-0001k9.png,assets/images/1-fsv-mainz-05/daniel-batz.png,2023-2024,DFL-SEA-0001K7,4,0,0,0,0,0,2,0,0,0,22.5,28.43,0,0,182,0,0
Mainz,DFL-CLU-00000L,https://assets.bundesliga.com/clublogos/DFL-SEA-0001K9/DFL-CLU-00000L.svg,assets/logos/1-fsv-mainz-05.svg,Daniel Gleiber,DFL-OBJ-J01S1Z,daniel-gleiber,42,Midfielder,2005-02-01,181,78,DEU,https://assets.bundesliga.com/player/dfl-obj-j01s1z-dfl-clu-000006-dfl-sea-0001k9.png,assets/images/1-fsv-mainz-05/daniel-gleiber.png,2025-2026,DFL-SEA-0001K9,,,,,,,,,,,,,,,,,
Mainz,DFL-CLU-00000L,https://assets.bundesliga.com/clublogos/DFL-SEA-0001K9/DFL-CLU-00000L.svg,assets/logos/1-fsv-mainz-05.svg,Daniel Idemudia Imafidon,DFL-OBJ-J022G8,daniel-imafidon,34,Midfielder,2007-03-24,0,,DEU,https://assets.bundesliga.com/player/dfl-obj-j022g8-dfl-clu-000006-dfl-sea-0001k9.png,assets/images/1-fsv-mainz-05/daniel-imafidon.png,2025-2026,DFL-SEA-0001K9,,,,,,,,,,,,,,,,,
Mainz,DFL-CLU-00000L,https://assets.bundesliga.com/clublogos/DFL-SEA-0001K9/DFL-CLU-00000L.svg,assets/logos/1-fsv-mainz-05.svg,Danny Vieira da Costa,DFL-OBJ-0000NB,danny-da-costa,21,Defender,1993-07-13,187,87,"DEU , AGO",https://assets.bundesliga.com/player/dfl-obj-0000nb-dfl-clu-000006-dfl-sea-0001k9.png,assets/images/1-fsv-mainz-05/danny-da-costa.png,2025-2026,DFL-SEA-0001K9,34,2,3,11,4,7,391,3,0,0,306.4,34.49,42,21,1775,256,68
Mainz,DFL-CLU-00000L,https://assets.bundesliga.com/clublogos/DFL-SEA-0001K9/DFL-CLU-00000L.svg,assets/logos/1-fsv-mainz-05.svg,Danny Vieira da Costa,DFL-OBJ-0000NB,danny-da-costa,21,Defender,1993-07-13,187,87,"DEU , AGO",https://assets.bundesliga.com/player/dfl-obj-0000nb-dfl-clu-000006-dfl-sea-0001k9.png,assets/images/1-fsv-mainz-05/danny-da-costa.png,2024-2025,DFL-SEA-0001K8,25,0,1,5,1,4,423,0,0,0,220.2,34.78,17,20,1487,180,47
Mainz,DFL-CLU-00000L,https://assets.bundesliga.com/clublogos/DFL-SEA-0001K9/DFL-CLU-00000L.svg,assets/logos/1-fsv-mainz-05.svg,Danny Vieira da Costa,DFL-OBJ-0000NB,danny-da-costa,21,Defender,1993-07-13,187,87,"DEU , AGO",https://assets.bundesliga.com/player/dfl-obj-0000nb-dfl-clu-000006-dfl-sea-0001k9.png,assets/images/1-fsv-mainz-05/danny-da-costa.png,2023-2024,DFL-SEA-0001K7,19,0,1,5,1,4,281,1,0,0,101.7,33.52,35,7,609,91,21
Mainz,DFL-CLU-00000L,https://assets.bundesliga.com/clublogos/DFL-SEA-0001K9/DFL-CLU-00000L.svg,assets/logos/1-fsv-mainz-05.svg,Danny Vieira da Costa,DFL-OBJ-0000NB,danny-da-costa,21,Defender,1993-07-13,187,87,"DEU , AGO",https://assets.bundesliga.com/player/dfl-obj-0000nb-dfl-clu-000006-dfl-sea-0001k9.png,assets/images/1-fsv-mainz-05/danny-da-costa.png,2022-2023,DFL-SEA-0001K6,23,0,2,7,2,5,373,0,0,0,128.9,34.1,36,9,788,125,31
Mainz,DFL-CLU-00000L,https://assets.bundesliga.com/clublogos/DFL-SEA-0001K9/DFL-CLU-00000L.svg,assets/logos/1-fsv-mainz-05.svg,Danny Vieira da Costa,DFL-OBJ-0000NB,danny-da-costa,21,Defender,1993-07-13,187,87,"DEU , AGO",https://assets.bundesliga.com/player/dfl-obj-0000nb-dfl-clu-000006-dfl-sea-0001k9.png,assets/images/1-fsv-mainz-05/danny-da-costa.png,2021-2022,DFL-SEA-0001K5,11,0,0,3,0,3,218,2,0,0,86.3,33.23,16,8,428,78,15
Mainz,DFL-CLU-00000L,https://assets.bundesliga.com/clublogos/DFL-SEA-0001K9/DFL-CLU-00000L.svg,assets/logos/1-fsv-mainz-05.svg,Danny Vieira da Costa,DFL-OBJ-0000NB,danny-da-costa,21,Defender,1993-07-13,187,87,"DEU , AGO",https://assets.bundesliga.com/player/dfl-obj-0000nb-dfl-clu-000006-dfl-sea-0001k9.png,assets/images/1-fsv-mainz-05/danny-da-costa.png,2020-2021,DFL-SEA-0001K4,25,0,1,7,0,7,420,2,0,0,166.3,32.92,35,7,756,134,20
Mainz,DFL-CLU-00000L,https://assets.bundesliga.com/clublogos/DFL-SEA-0001K9/DFL-CLU-00000L.svg,assets/logos/1-fsv-mainz-05.svg,Danny Vieira da Costa,DFL-OBJ-0000NB,danny-da-costa,21,Defender,1993-07-13,187,87,"DEU , AGO",https://assets.bundesliga.com/player/dfl-obj-0000nb-dfl-clu-000006-dfl-sea-0001k9.png,assets/images/1-fsv-mainz-05/danny-da-costa.png,2019-2020,DFL-SEA-0001K3,19,1,4,16,4,12,429,0,0,0,165.3,33.55,74,6,826,140,29
Mainz,DFL-CLU-00000L,https://assets.bundesliga.com/clublogos/DFL-SEA-0001K9/DFL-CLU-00000L.svg,assets/logos/1-fsv-mainz-05.svg,Dominik Kohr,DFL-OBJ-00015H,dominik-kohr,31,Defender,1994-01-31,183,77,DEU,https://assets.bundesliga.com/player/dfl-obj-00015h-dfl-clu-000006-dfl-sea-0001k9.png,assets/images/1-fsv-mainz-05/dominik-kohr.png,2025-2026,DFL-SEA-0001K9,29,2,0,16,4,12,297,9,0,0,260.4,33.19,13,38,1616,257,54
Mainz,DFL-CLU-00000L,https://assets.bundesliga.com/clublogos/DFL-SEA-0001K9/DFL-CLU-00000L.svg,assets/logos/1-fsv-mainz-05.svg,Dominik Kohr,DFL-OBJ-00015H,dominik-kohr,31,Defender,1994-01-31,183,77,DEU,https://assets.bundesliga.com/player/dfl-obj-00015h-dfl-clu-000006-dfl-sea-0001k9.png,assets/images/1-fsv-mainz-05/dominik-kohr.png,2024-2025,DFL-SEA-0001K8,28,2,0,14,5,9,437,11,0,0,257.6,33.9,4,44,1753,245,49
Mainz,DFL-CLU-00000L,https://assets.bundesliga.com/clublogos/DFL-SEA-0001K9/DFL-CLU-00000L.svg,assets/logos/1-fsv-mainz-05.svg,Dominik Kohr,DFL-OBJ-00015H,dominik-kohr,31,Defender,1994-01-31,183,77,DEU,https://assets.bundesliga.com/player/dfl-obj-00015h-dfl-clu-000006-dfl-sea-0001k9.png,assets/images/1-fsv-mainz-05/dominik-kohr.png,2023-2024,DFL-SEA-0001K7,31,1,0,23,7,16,396,13,0,0,258.3,34.76,11,46,1484,256,62
Mainz,DFL-CLU-00000L,https://assets.bundesliga.com/clublogos/DFL-SEA-0001K9/DFL-CLU-00000L.svg,assets/logos/1-fsv-mainz-05.svg,Dominik Kohr,DFL-OBJ-00015H,dominik-kohr,31,Defender,1994-01-31,183,77,DEU,https://assets.bundesliga.com/player/dfl-obj-00015h-dfl-clu-000006-dfl-sea-0001k9.png,assets/images/1-fsv-mainz-05/dominik-kohr.png,2022-2023,DFL-SEA-0001K6,30,3,0,37,9,28,364,11,0,0,250.9,35.34,3,45,1527,289,50
Mainz,DFL-CLU-00000L,https://assets.bundesliga.com/clublogos/DFL-SEA-0001K9/DFL-CLU-00000L.svg,assets/logos/1-fsv-mainz-05.svg,Dominik Kohr,DFL-OBJ-00015H,dominik-kohr,31,Defender,1994-01-31,183,77,DEU,https://assets.bundesliga.com/player/dfl-obj-00015h-dfl-clu-000006-dfl-sea-0001k9.png,assets/images/1-fsv-mainz-05/dominik-kohr.png,2021-2022,DFL-SEA-0001K5,22,0,3,17,2,15,275,6,0,0,192.2,34.61,2,45,1065,198,35
Mainz,DFL-CLU-00000L,https://assets.bundesliga.com/clublogos/DFL-SEA-0001K9/DFL-CLU-00000L.svg,assets/logos/1-fsv-mainz-05.svg,Dominik Kohr,DFL-OBJ-00015H,dominik-kohr,31,Defender,1994-01-31,183,77,DEU,https://assets.bundesliga.com/player/dfl-obj-00015h-dfl-clu-000006-dfl-sea-0001k9.png,assets/images/1-fsv-mainz-05/dominik-kohr.png,2020-2021,DFL-SEA-0001K4,27,1,1,22,4,18,354,4,0,0,222.7,34,7,36,978,206,43
Mainz,DFL-CLU-00000L,https://assets.bundesliga.com/clublogos/DFL-SEA-0001K9/DFL-CLU-00000L.svg,assets/logos/1-fsv-mainz-05.svg,Dominik Kohr,DFL-OBJ-00015H,dominik-kohr,31,Defender,1994-01-31,183,77,DEU,https://assets.bundesliga.com/player/dfl-obj-00015h-dfl-clu-000006-dfl-sea-0001k9.png,assets/images/1-fsv-mainz-05/dominik-kohr.png,2019-2020,DFL-SEA-0001K3,26,0,3,27,13,14,339,5,0,0,185,34.27,2,32,1037,205,30
Mainz,DFL-CLU-00000L,https://assets.bundesliga.com/clublogos/DFL-SEA-0001K9/DFL-CLU-00000L.svg,assets/logos/1-fsv-mainz-05.svg,Fabio Moreno Y Fell,DFL-OBJ-J01FMC,fabio-moreno-fell,36,Striker,2000-06-04,189,82,"DEU , ESP",https://assets.bundesliga.com/player/dfl-obj-j01fmc-dfl-clu-000006-dfl-sea-0001k9.png,assets/images/1-fsv-mainz-05/fabio-moreno-fell.png,2025-2026,DFL-SEA-0001K9,2,0,0,0,0,0,16,0,0,0,10.7,30.47,0,0,33,8,2
Mainz,DFL-CLU-00000L,https://assets.bundesliga.com/clublogos/DFL-SEA-0001K9/DFL-CLU-00000L.svg,assets/logos/1-fsv-mainz-05.svg,Jae-sung Lee,DFL-OBJ-0028RJ,jae-sung-lee,7,Midfielder,1992-08-10,180,70,KOR,https://assets.bundesliga.com/player/dfl-obj-0028rj-dfl-clu-000006-dfl-sea-0001k9.png,assets/images/1-fsv-mainz-05/jae-sung-lee.png,2025-2026,DFL-SEA-0001K9,28,4,2,28,8,20,344,4,0,0,280.1,31.95,17,17,1031,212,39
Mainz,DFL-CLU-00000L,https://assets.bundesliga.com/clublogos/DFL-SEA-0001K9/DFL-CLU-00000L.svg,assets/logos/1-fsv-mainz-05.svg,Jae-sung Lee,DFL-OBJ-0028RJ,jae-sung-lee,7,Midfielder,1992-08-10,180,70,KOR,https://assets.bundesliga.com/player/dfl-obj-0028rj-dfl-clu-000006-dfl-sea-0001k9.png,assets/images/1-fsv-mainz-05/jae-sung-lee.png,2024-2025,DFL-SEA-0001K8,33,7,6,38,15,23,844,4,0,0,337.1,33.37,22,23,1437,286,54
Mainz,DFL-CLU-00000L,https://assets.bundesliga.com/clublogos/DFL-SEA-0001K9/DFL-CLU-00000L.svg,assets/logos/1-fsv-mainz-05.svg,Jae-sung Lee,DFL-OBJ-0028RJ,jae-sung-lee,7,Midfielder,1992-08-10,180,70,KOR,https://assets.bundesliga.com/player/dfl-obj-0028rj-dfl-clu-000006-dfl-sea-0001k9.png,assets/images/1-fsv-mainz-05/jae-sung-lee.png,2023-2024,DFL-SEA-0001K7,29,6,3,36,13,23,710,6,0,0,275.6,32.48,11,17,1078,204,36
Mainz,DFL-CLU-00000L,https://assets.bundesliga.com/clublogos/DFL-SEA-0001K9/DFL-CLU-00000L.svg,assets/logos/1-fsv-mainz-05.svg,Jae-sung Lee,DFL-OBJ-0028RJ,jae-sung-lee,7,Midfielder,1992-08-10,180,70,KOR,https://assets.bundesliga.com/player/dfl-obj-0028rj-dfl-clu-000006-dfl-sea-0001k9.png,assets/images/1-fsv-mainz-05/jae-sung-lee.png,2022-2023,DFL-SEA-0001K6,34,7,4,34,17,17,662,2,0,0,231.6,31.83,26,17,1069,235,44
Mainz,DFL-CLU-00000L,https://assets.bundesliga.com/clublogos/DFL-SEA-0001K9/DFL-CLU-00000L.svg,assets/logos/1-fsv-mainz-05.svg,Jae-sung Lee,DFL-OBJ-0028RJ,jae-sung-lee,7,Midfielder,1992-08-10,180,70,KOR,https://assets.bundesliga.com/player/dfl-obj-0028rj-dfl-clu-000006-dfl-sea-0001k9.png,assets/images/1-fsv-mainz-05/jae-sung-lee.png,2021-2022,DFL-SEA-0001K5,27,4,3,25,10,15,482,3,0,0,192.2,32.49,15,19,900,188,34
Mainz,DFL-CLU-00000L,https://assets.bundesliga.com/clublogos/DFL-SEA-0001K9/DFL-CLU-00000L.svg,assets/logos/1-fsv-mainz-05.svg,Jeremiah Gyekye Addo Debrah,DFL-OBJ-J020R8,jeremiah-debrah,38,Midfielder,2009-01-06,0,,"DEU , GHA",https://assets.bundesliga.com/player/dfl-obj-j020r8-dfl-clu-000006-dfl-sea-0001k9.png,assets/images/1-fsv-mainz-05/jeremiah-debrah.png,2025-2026,DFL-SEA-0001K9,,,,,,,,,,,,,,,,,
Mainz,DFL-CLU-00000L,https://assets.bundesliga.com/clublogos/DFL-SEA-0001K9/DFL-CLU-00000L.svg,assets/logos/1-fsv-mainz-05.svg,Kacper Potulski,DFL-OBJ-J01R6O,kacper-potulski,48,Defender,2007-10-19,195,85,POL,https://assets.bundesliga.com/player/dfl-obj-j01r6o-dfl-clu-000006-dfl-sea-0001k9.png,assets/images/1-fsv-mainz-05/kacper-potulski.png,2025-2026,DFL-SEA-0001K9,15,1,0,13,5,8,111,3,0,0,116.6,33.78,1,18,654,114,45
Mainz,DFL-CLU-00000L,https://assets.bundesliga.com/clublogos/DFL-SEA-0001K9/DFL-CLU-00000L.svg,assets/logos/1-fsv-mainz-05.svg,Kaishu Sano,DFL-OBJ-J021EE,kaishu-sano,6,Midfielder,2000-12-30,176,67,JPN,https://assets.bundesliga.com/player/dfl-obj-j021ee-dfl-clu-000006-dfl-sea-0001k9.png,assets/images/1-fsv-mainz-05/kaishu-sano.png,2025-2026,DFL-SEA-0001K9,34,1,2,25,6,19,414,1,0,0,388.9,34.61,9,13,1795,362,78
Mainz,DFL-CLU-00000L,https://assets.bundesliga.com/clublogos/DFL-SEA-0001K9/DFL-CLU-00000L.svg,assets/logos/1-fsv-mainz-05.svg,Kaishu Sano,DFL-OBJ-J021EE,kaishu-sano,6,Midfielder,2000-12-30,176,67,JPN,https://assets.bundesliga.com/player/dfl-obj-j021ee-dfl-clu-000006-dfl-sea-0001k9.png,assets/images/1-fsv-mainz-05/kaishu-sano.png,2024-2025,DFL-SEA-0001K8,34,0,0,19,2,17,764,3,0,0,393.7,34.42,9,15,1911,369,93
Mainz,DFL-CLU-00000L,https://assets.bundesliga.com/clublogos/DFL-SEA-0001K9/DFL-CLU-00000L.svg,assets/logos/1-fsv-mainz-05.svg,Kasey Bos,DFL-OBJ-J0244P,kasey-bos,18,Defender,2004-05-08,186,76,"AUS , NLD",https://assets.bundesliga.com/player/dfl-obj-j0244p-dfl-clu-000006-dfl-sea-0001k9.png,assets/images/1-fsv-mainz-05/kasey-bos.png,2025-2026,DFL-SEA-0001K9,,,,,,,,,,,,,,,,,
Mainz,DFL-CLU-00000L,https://assets.bundesliga.com/clublogos/DFL-SEA-0001K9/DFL-CLU-00000L.svg,assets/logos/1-fsv-mainz-05.svg,Lasse Finn Rieß,DFL-OBJ-J01CX5,lasse-ries,1,Goalkeeper,2001-07-27,191,88,DEU,https://assets.bundesliga.com/player/dfl-obj-j01cx5-dfl-clu-000006-dfl-sea-0001k9.png,assets/images/1-fsv-mainz-05/lasse-ries.png,2025-2026,DFL-SEA-0001K9,4,0,0,0,0,0,2,0,0,0,16.9,29.56,0,0,129,0,0
Mainz,DFL-CLU-00000L,https://assets.bundesliga.com/clublogos/DFL-SEA-0001K9/DFL-CLU-00000L.svg,assets/logos/1-fsv-mainz-05.svg,Lasse Finn Rieß,DFL-OBJ-J01CX5,lasse-ries,1,Goalkeeper,2001-07-27,191,88,DEU,https://assets.bundesliga.com/player/dfl-obj-j01cx5-dfl-clu-000006-dfl-sea-0001k9.png,assets/images/1-fsv-mainz-05/lasse-ries.png,2024-2025,DFL-SEA-0001K8,2,0,0,0,0,0,2,1,0,0,10.7,28.55,0,0,106,0,0
Mainz,DFL-CLU-00000L,https://assets.bundesliga.com/clublogos/DFL-SEA-0001K9/DFL-CLU-00000L.svg,assets/logos/1-fsv-mainz-05.svg,Lennard Patrick Maloney,DFL-OBJ-0028BP,lennard-maloney,15,Midfielder,1999-10-08,188,89,"USA , DEU",https://assets.bundesliga.com/player/dfl-obj-0028bp-dfl-clu-000006-dfl-sea-0001k9.png,assets/images/1-fsv-mainz-05/lennard-maloney.png,2025-2026,DFL-SEA-0001K9,21,0,0,5,1,4,124,1,0,0,76.5,32.09,1,12,248,48,19
Mainz,DFL-CLU-00000L,https://assets.bundesliga.com/clublogos/DFL-SEA-0001K9/DFL-CLU-00000L.svg,assets/logos/1-fsv-mainz-05.svg,Lennard Patrick Maloney,DFL-OBJ-0028BP,lennard-maloney,15,Midfielder,1999-10-08,188,89,"USA , DEU",https://assets.bundesliga.com/player/dfl-obj-0028bp-dfl-clu-000006-dfl-sea-0001k9.png,assets/images/1-fsv-mainz-05/lennard-maloney.png,2024-2025,DFL-SEA-0001K8,16,0,0,2,0,2,190,2,0,0,109.3,32.55,0,13,414,83,26
Mainz,DFL-CLU-00000L,https://assets.bundesliga.com/clublogos/DFL-SEA-0001K9/DFL-CLU-00000L.svg,assets/logos/1-fsv-mainz-05.svg,Lennard Patrick Maloney,DFL-OBJ-0028BP,lennard-maloney,15,Midfielder,1999-10-08,188,89,"USA , DEU",https://assets.bundesliga.com/player/dfl-obj-0028bp-dfl-clu-000006-dfl-sea-0001k9.png,assets/images/1-fsv-mainz-05/lennard-maloney.png,2023-2024,DFL-SEA-0001K7,29,1,1,14,3,11,519,1,0,0,286.4,33.15,3,47,1271,230,86
Mainz,DFL-CLU-00000L,https://assets.bundesliga.com/clublogos/DFL-SEA-0001K9/DFL-CLU-00000L.svg,assets/logos/1-fsv-mainz-05.svg,Lennard Patrick Maloney,DFL-OBJ-0028BP,lennard-maloney,15,Midfielder,1999-10-08,188,89,"USA , DEU",https://assets.bundesliga.com/player/dfl-obj-0028bp-dfl-clu-000006-dfl-sea-0001k9.png,assets/images/1-fsv-mainz-05/lennard-maloney.png,2021-2022,DFL-SEA-0001K5,2,0,0,0,0,0,4,0,0,0,2.3,30.56,1,0,17,1,1
Mainz,DFL-CLU-00000L,https://assets.bundesliga.com/clublogos/DFL-SEA-0001K9/DFL-CLU-00000L.svg,assets/logos/1-fsv-mainz-05.svg,Louis Marlon Babatz,DFL-OBJ-J01XEG,louis-babatz,35,Goalkeeper,2006-01-14,188,,DEU,https://assets.bundesliga.com/player/dfl-obj-j01xeg-dfl-clu-000006-dfl-sea-0001k9.png,assets/images/1-fsv-mainz-05/louis-babatz.png,2025-2026,DFL-SEA-0001K9,,,,,,,,,,,,,,,,,
Mainz,DFL-CLU-00000L,https://assets.bundesliga.com/clublogos/DFL-SEA-0001K9/DFL-CLU-00000L.svg,assets/logos/1-fsv-mainz-05.svg,Maxim Bora Dal,DFL-OBJ-J01LR5,maxim-dal,47,Defender,2006-01-26,189,85,DEU,https://assets.bundesliga.com/player/dfl-obj-j01lr5-dfl-clu-000006-dfl-sea-0001k9.png,assets/images/1-fsv-mainz-05/maxim-dal.png,2025-2026,DFL-SEA-0001K9,,,,,,,,,,,,,,,,,
Mainz,DFL-CLU-00000L,https://assets.bundesliga.com/clublogos/DFL-SEA-0001K9/DFL-CLU-00000L.svg,assets/logos/1-fsv-mainz-05.svg,Maxim Leitsch,DFL-OBJ-002708,maxim-leitsch,5,Defender,1998-05-18,188,75,DEU,https://assets.bundesliga.com/player/dfl-obj-002708-dfl-clu-000006-dfl-sea-0001k9.png,assets/images/1-fsv-mainz-05/maxim-leitsch.png,2025-2026,DFL-SEA-0001K9,3,0,0,1,0,1,30,0,0,0,20.4,31.74,1,2,128,17,5
Mainz,DFL-CLU-00000L,https://assets.bundesliga.com/clublogos/DFL-SEA-0001K9/DFL-CLU-00000L.svg,assets/logos/1-fsv-mainz-05.svg,Maxim Leitsch,DFL-OBJ-002708,maxim-leitsch,5,Defender,1998-05-18,188,75,DEU,https://assets.bundesliga.com/player/dfl-obj-002708-dfl-clu-000006-dfl-sea-0001k9.png,assets/images/1-fsv-mainz-05/maxim-leitsch.png,2024-2025,DFL-SEA-0001K8,14,1,0,6,1,5,154,2,0,0,83.2,32.22,2,10,475,66,23
Mainz,DFL-CLU-00000L,https://assets.bundesliga.com/clublogos/DFL-SEA-0001K9/DFL-CLU-00000L.svg,assets/logos/1-fsv-mainz-05.svg,Maxim Leitsch,DFL-OBJ-002708,maxim-leitsch,5,Defender,1998-05-18,188,75,DEU,https://assets.bundesliga.com/player/dfl-obj-002708-dfl-clu-000006-dfl-sea-0001k9.png,assets/images/1-fsv-mainz-05/maxim-leitsch.png,2023-2024,DFL-SEA-0001K7,7,0,0,1,1,0,72,0,0,0,45.6,32.39,0,2,214,33,15
Mainz,DFL-CLU-00000L,https://assets.bundesliga.com/clublogos/DFL-SEA-0001K9/DFL-CLU-00000L.svg,assets/logos/1-fsv-mainz-05.svg,Maxim Leitsch,DFL-OBJ-002708,maxim-leitsch,5,Defender,1998-05-18,188,75,DEU,https://assets.bundesliga.com/player/dfl-obj-002708-dfl-clu-000006-dfl-sea-0001k9.png,assets/images/1-fsv-mainz-05/maxim-leitsch.png,2022-2023,DFL-SEA-0001K6,9,0,0,2,1,1,134,0,0,0,76.3,32.92,1,3,426,57,20
Mainz,DFL-CLU-00000L,https://assets.bundesliga.com/clublogos/DFL-SEA-0001K9/DFL-CLU-00000L.svg,assets/logos/1-fsv-mainz-05.svg,Maxim Leitsch,DFL-OBJ-002708,maxim-leitsch,5,Defender,1998-05-18,188,75,DEU,https://assets.bundesliga.com/player/dfl-obj-002708-dfl-clu-000006-dfl-sea-0001k9.png,assets/images/1-fsv-mainz-05/maxim-leitsch.png,2021-2022,DFL-SEA-0001K5,19,1,0,4,2,2,348,2,0,0,180.3,33.52,4,7,1075,140,47
Mainz,DFL-CLU-00000L,https://assets.bundesliga.com/clublogos/DFL-SEA-0001K9/DFL-CLU-00000L.svg,assets/logos/1-fsv-mainz-05.svg,Nadiem Amiri,DFL-OBJ-0002LI,nadiem-amiri,10,Midfielder,1996-10-27,180,75,"DEU , AFG",https://assets.bundesliga.com/player/dfl-obj-0002li-dfl-clu-000006-dfl-sea-0001k9.png,assets/images/1-fsv-mainz-05/nadiem-amiri.png,2025-2026,DFL-SEA-0001K9,26,12,2,60,24,36,303,6,0,0,248.2,32.26,23,19,1607,179,9
Mainz,DFL-CLU-00000L,https://assets.bundesliga.com/clublogos/DFL-SEA-0001K9/DFL-CLU-00000L.svg,assets/logos/1-fsv-mainz-05.svg,Nadiem Amiri,DFL-OBJ-0002LI,nadiem-amiri,10,Midfielder,1996-10-27,180,75,"DEU , AFG",https://assets.bundesliga.com/player/dfl-obj-0002li-dfl-clu-000006-dfl-sea-0001k9.png,assets/images/1-fsv-mainz-05/nadiem-amiri.png,2024-2025,DFL-SEA-0001K8,30,7,5,66,29,37,545,7,0,0,305.9,31.52,23,39,2238,259,24
Mainz,DFL-CLU-00000L,https://assets.bundesliga.com/clublogos/DFL-SEA-0001K9/DFL-CLU-00000L.svg,assets/logos/1-fsv-mainz-05.svg,Nadiem Amiri,DFL-OBJ-0002LI,nadiem-amiri,10,Midfielder,1996-10-27,180,75,"DEU , AFG",https://assets.bundesliga.com/player/dfl-obj-0002li-dfl-clu-000006-dfl-sea-0001k9.png,assets/images/1-fsv-mainz-05/nadiem-amiri.png,2023-2024,DFL-SEA-0001K7,23,1,4,40,11,29,298,5,0,0,175.8,31.95,10,11,1175,167,6
Mainz,DFL-CLU-00000L,https://assets.bundesliga.com/clublogos/DFL-SEA-0001K9/DFL-CLU-00000L.svg,assets/logos/1-fsv-mainz-05.svg,Nadiem Amiri,DFL-OBJ-0002LI,nadiem-amiri,10,Midfielder,1996-10-27,180,75,"DEU , AFG",https://assets.bundesliga.com/player/dfl-obj-0002li-dfl-clu-000006-dfl-sea-0001k9.png,assets/images/1-fsv-mainz-05/nadiem-amiri.png,2022-2023,DFL-SEA-0001K6,25,4,1,25,10,15,229,6,0,0,121.7,31.78,1,14,671,107,4
Mainz,DFL-CLU-00000L,https://assets.bundesliga.com/clublogos/DFL-SEA-0001K9/DFL-CLU-00000L.svg,assets/logos/1-fsv-mainz-05.svg,Nadiem Amiri,DFL-OBJ-0002LI,nadiem-amiri,10,Midfielder,1996-10-27,180,75,"DEU , AFG",https://assets.bundesliga.com/player/dfl-obj-0002li-dfl-clu-000006-dfl-sea-0001k9.png,assets/images/1-fsv-mainz-05/nadiem-amiri.png,2021-2022,DFL-SEA-0001K5,13,1,0,8,2,6,121,0,0,0,48.2,30.93,2,2,285,44,2
Mainz,DFL-CLU-00000L,https://assets.bundesliga.com/clublogos/DFL-SEA-0001K9/DFL-CLU-00000L.svg,assets/logos/1-fsv-mainz-05.svg,Nadiem Amiri,DFL-OBJ-0002LI,nadiem-amiri,10,Midfielder,1996-10-27,180,75,"DEU , AFG",https://assets.bundesliga.com/player/dfl-obj-0002li-dfl-clu-000006-dfl-sea-0001k9.png,assets/images/1-fsv-mainz-05/nadiem-amiri.png,2020-2021,DFL-SEA-0001K4,32,2,6,45,15,30,507,5,0,0,269.3,32.05,16,20,1405,170,8
Mainz,DFL-CLU-00000L,https://assets.bundesliga.com/clublogos/DFL-SEA-0001K9/DFL-CLU-00000L.svg,assets/logos/1-fsv-mainz-05.svg,Nadiem Amiri,DFL-OBJ-0002LI,nadiem-amiri,10,Midfielder,1996-10-27,180,75,"DEU , AFG",https://assets.bundesliga.com/player/dfl-obj-0002li-dfl-clu-000006-dfl-sea-0001k9.png,assets/images/1-fsv-mainz-05/nadiem-amiri.png,2019-2020,DFL-SEA-0001K3,30,1,2,43,19,24,472,3,0,0,242.2,31.88,17,23,1399,192,11
Mainz,DFL-CLU-00000L,https://assets.bundesliga.com/clublogos/DFL-SEA-0001K9/DFL-CLU-00000L.svg,assets/logos/1-fsv-mainz-05.svg,Nelson Felix Patrick Weiper,DFL-OBJ-J01KEM,nelson-weiper,44,Striker,2005-03-17,191,82,"DEU , ALB",https://assets.bundesliga.com/player/dfl-obj-j01kem-dfl-clu-000006-dfl-sea-0001k9.png,assets/images/1-fsv-mainz-05/nelson-weiper.png,2025-2026,DFL-SEA-0001K9,24,0,0,11,6,5,132,1,0,0,85,33.08,4,7,235,67,31
Mainz,DFL-CLU-00000L,https://assets.bundesliga.com/clublogos/DFL-SEA-0001K9/DFL-CLU-00000L.svg,assets/logos/1-fsv-mainz-05.svg,Nelson Felix Patrick Weiper,DFL-OBJ-J01KEM,nelson-weiper,44,Striker,2005-03-17,191,82,"DEU , ALB",https://assets.bundesliga.com/player/dfl-obj-j01kem-dfl-clu-000006-dfl-sea-0001k9.png,assets/images/1-fsv-mainz-05/nelson-weiper.png,2024-2025,DFL-SEA-0001K8,23,3,2,23,13,10,231,2,0,0,98.2,34.75,7,19,317,87,35
Mainz,DFL-CLU-00000L,https://assets.bundesliga.com/clublogos/DFL-SEA-0001K9/DFL-CLU-00000L.svg,assets/logos/1-fsv-mainz-05.svg,Nelson Felix Patrick Weiper,DFL-OBJ-J01KEM,nelson-weiper,44,Striker,2005-03-17,191,82,"DEU , ALB",https://assets.bundesliga.com/player/dfl-obj-j01kem-dfl-clu-000006-dfl-sea-0001k9.png,assets/images/1-fsv-mainz-05/nelson-weiper.png,2023-2024,DFL-SEA-0001K7,5,0,0,2,0,2,54,0,0,0,17.9,33.42,0,0,60,11,1
Mainz,DFL-CLU-00000L,https://assets.bundesliga.com/clublogos/DFL-SEA-0001K9/DFL-CLU-00000L.svg,assets/logos/1-fsv-mainz-05.svg,Nelson Felix Patrick Weiper,DFL-OBJ-J01KEM,nelson-weiper,44,Striker,2005-03-17,191,82,"DEU , ALB",https://assets.bundesliga.com/player/dfl-obj-j01kem-dfl-clu-000006-dfl-sea-0001k9.png,assets/images/1-fsv-mainz-05/nelson-weiper.png,2022-2023,DFL-SEA-0001K6,9,2,0,5,4,1,53,0,0,0,16.6,32.74,2,2,64,19,7
Mainz,DFL-CLU-00000L,https://assets.bundesliga.com/clublogos/DFL-SEA-0001K9/DFL-CLU-00000L.svg,assets/logos/1-fsv-mainz-05.svg,Nikolas Konrad Veratschnig,DFL-OBJ-J021B9,nikolas-veratschnig,22,Midfielder,2003-01-24,180,75,AUT,https://assets.bundesliga.com/player/dfl-obj-j021b9-dfl-clu-000006-dfl-sea-0001k9.png,assets/images/1-fsv-mainz-05/nikolas-veratschnig.png,2025-2026,DFL-SEA-0001K9,21,0,1,4,1,3,173,3,0,0,89.7,35.67,16,12,418,78,12
Mainz,DFL-CLU-00000L,https://assets.bundesliga.com/clublogos/DFL-SEA-0001K9/DFL-CLU-00000L.svg,assets/logos/1-fsv-mainz-05.svg,Nikolas Konrad Veratschnig,DFL-OBJ-J021B9,nikolas-veratschnig,22,Midfielder,2003-01-24,180,75,AUT,https://assets.bundesliga.com/player/dfl-obj-j021b9-dfl-clu-000006-dfl-sea-0001k9.png,assets/images/1-fsv-mainz-05/nikolas-veratschnig.png,2024-2025,DFL-SEA-0001K8,15,0,0,5,1,4,170,1,0,0,47.3,35.74,3,9,216,34,3
Mainz,DFL-CLU-00000L,https://assets.bundesliga.com/clublogos/DFL-SEA-0001K9/DFL-CLU-00000L.svg,assets/logos/1-fsv-mainz-05.svg,Paul Nebel,DFL-OBJ-002G5B,paul-nebel,8,Midfielder,2002-10-10,169,66,"DEU , IRL",https://assets.bundesliga.com/player/dfl-obj-002g5b-dfl-clu-000006-dfl-sea-0001k9.png,assets/images/1-fsv-mainz-05/paul-nebel.png,2025-2026,DFL-SEA-0001K9,30,5,2,33,9,24,443,2,0,0,278.2,33.87,63,28,1255,217,16
Mainz,DFL-CLU-00000L,https://assets.bundesliga.com/clublogos/DFL-SEA-0001K9/DFL-CLU-00000L.svg,assets/logos/1-fsv-mainz-05.svg,Paul Nebel,DFL-OBJ-002G5B,paul-nebel,8,Midfielder,2002-10-10,169,66,"DEU , IRL",https://assets.bundesliga.com/player/dfl-obj-002g5b-dfl-clu-000006-dfl-sea-0001k9.png,assets/images/1-fsv-mainz-05/paul-nebel.png,2024-2025,DFL-SEA-0001K8,31,10,4,45,18,27,809,3,0,0,326.2,32.44,74,37,1577,296,23
Mainz,DFL-CLU-00000L,https://assets.bundesliga.com/clublogos/DFL-SEA-0001K9/DFL-CLU-00000L.svg,assets/logos/1-fsv-mainz-05.svg,Paul Nebel,DFL-OBJ-002G5B,paul-nebel,8,Midfielder,2002-10-10,169,66,"DEU , IRL",https://assets.bundesliga.com/player/dfl-obj-002g5b-dfl-clu-000006-dfl-sea-0001k9.png,assets/images/1-fsv-mainz-05/paul-nebel.png,2021-2022,DFL-SEA-0001K5,10,0,1,3,2,1,84,3,0,0,32.9,31.62,1,9,129,28,3
Mainz,DFL-CLU-00000L,https://assets.bundesliga.com/clublogos/DFL-SEA-0001K9/DFL-CLU-00000L.svg,assets/logos/1-fsv-mainz-05.svg,Paul Nebel,DFL-OBJ-002G5B,paul-nebel,8,Midfielder,2002-10-10,169,66,"DEU , IRL",https://assets.bundesliga.com/player/dfl-obj-002g5b-dfl-clu-000006-dfl-sea-0001k9.png,assets/images/1-fsv-mainz-05/paul-nebel.png,2020-2021,DFL-SEA-0001K4,6,0,0,0,0,0,33,0,0,0,10.9,29.76,0,2,33,5,0
Mainz,DFL-CLU-00000L,https://assets.bundesliga.com/clublogos/DFL-SEA-0001K9/DFL-CLU-00000L.svg,assets/logos/1-fsv-mainz-05.svg,Phillip Tietz,DFL-OBJ-0026VB,phillip-tietz,20,Striker,1997-07-09,190,86,DEU,https://assets.bundesliga.com/player/dfl-obj-0026vb-dfl-clu-000006-dfl-sea-0001k9.png,assets/images/1-fsv-mainz-05/phillip-tietz.png,2025-2026,DFL-SEA-0001K9,29,6,3,47,23,24,199,4,0,0,210.2,31.44,6,40,785,250,94
Mainz,DFL-CLU-00000L,https://assets.bundesliga.com/clublogos/DFL-SEA-0001K9/DFL-CLU-00000L.svg,assets/logos/1-fsv-mainz-05.svg,Phillip Tietz,DFL-OBJ-0026VB,phillip-tietz,20,Striker,1997-07-09,190,86,DEU,https://assets.bundesliga.com/player/dfl-obj-0026vb-dfl-clu-000006-dfl-sea-0001k9.png,assets/images/1-fsv-mainz-05/phillip-tietz.png,2024-2025,DFL-SEA-0001K8,34,7,2,52,20,32,313,4,0,0,205.4,31.18,3,34,700,223,88
Mainz,DFL-CLU-00000L,https://assets.bundesliga.com/clublogos/DFL-SEA-0001K9/DFL-CLU-00000L.svg,assets/logos/1-fsv-mainz-05.svg,Phillip Tietz,DFL-OBJ-0026VB,phillip-tietz,20,Striker,1997-07-09,190,86,DEU,https://assets.bundesliga.com/player/dfl-obj-0026vb-dfl-clu-000006-dfl-sea-0001k9.png,assets/images/1-fsv-mainz-05/phillip-tietz.png,2023-2024,DFL-SEA-0001K7,34,8,4,54,20,34,486,1,0,0,275.3,31.66,7,41,834,275,125
Mainz,DFL-CLU-00000L,https://assets.bundesliga.com/clublogos/DFL-SEA-0001K9/DFL-CLU-00000L.svg,assets/logos/1-fsv-mainz-05.svg,Phillipp Mwene,DFL-OBJ-00278Q,phillipp-mwene,2,Defender,1994-01-29,170,68,"AUT , KEN",https://assets.bundesliga.com/player/dfl-obj-00278q-dfl-clu-000006-dfl-sea-0001k9.png,assets/images/1-fsv-mainz-05/phillipp-mwene.png,2025-2026,DFL-SEA-0001K9,29,1,2,12,3,9,433,4,0,0,250.1,33.82,58,19,1145,182,17
Mainz,DFL-CLU-00000L,https://assets.bundesliga.com/clublogos/DFL-SEA-0001K9/DFL-CLU-00000L.svg,assets/logos/1-fsv-mainz-05.svg,Phillipp Mwene,DFL-OBJ-00278Q,phillipp-mwene,2,Defender,1994-01-29,170,68,"AUT , KEN",https://assets.bundesliga.com/player/dfl-obj-00278q-dfl-clu-000006-dfl-sea-0001k9.png,assets/images/1-fsv-mainz-05/phillipp-mwene.png,2024-2025,DFL-SEA-0001K8,32,1,4,20,5,15,821,7,0,0,321.9,33.77,53,24,1607,209,26
Mainz,DFL-CLU-00000L,https://assets.bundesliga.com/clublogos/DFL-SEA-0001K9/DFL-CLU-00000L.svg,assets/logos/1-fsv-mainz-05.svg,Phillipp Mwene,DFL-OBJ-00278Q,phillipp-mwene,2,Defender,1994-01-29,170,68,"AUT , KEN",https://assets.bundesliga.com/player/dfl-obj-00278q-dfl-clu-000006-dfl-sea-0001k9.png,assets/images/1-fsv-mainz-05/phillipp-mwene.png,2023-2024,DFL-SEA-0001K7,23,1,2,24,11,13,717,4,0,0,252,34.38,52,31,1196,162,23
Mainz,DFL-CLU-00000L,https://assets.bundesliga.com/clublogos/DFL-SEA-0001K9/DFL-CLU-00000L.svg,assets/logos/1-fsv-mainz-05.svg,Phillipp Mwene,DFL-OBJ-00278Q,phillipp-mwene,2,Defender,1994-01-29,170,68,"AUT , KEN",https://assets.bundesliga.com/player/dfl-obj-00278q-dfl-clu-000006-dfl-sea-0001k9.png,assets/images/1-fsv-mainz-05/phillipp-mwene.png,2020-2021,DFL-SEA-0001K4,23,1,2,6,2,4,652,3,0,0,242.7,33.25,58,28,815,172,15
Mainz,DFL-CLU-00000L,https://assets.bundesliga.com/clublogos/DFL-SEA-0001K9/DFL-CLU-00000L.svg,assets/logos/1-fsv-mainz-05.svg,Phillipp Mwene,DFL-OBJ-00278Q,phillipp-mwene,2,Defender,1994-01-29,170,68,"AUT , KEN",https://assets.bundesliga.com/player/dfl-obj-00278q-dfl-clu-000006-dfl-sea-0001k9.png,assets/images/1-fsv-mainz-05/phillipp-mwene.png,2019-2020,DFL-SEA-0001K3,4,0,0,0,0,0,96,1,0,0,40.4,31.73,4,2,206,38,5
Mainz,DFL-CLU-00000L,https://assets.bundesliga.com/clublogos/DFL-SEA-0001K9/DFL-CLU-00000L.svg,assets/logos/1-fsv-mainz-05.svg,Robin Zentner,DFL-OBJ-0027WD,robin-zentner,27,Goalkeeper,1994-10-28,194,96,DEU,https://assets.bundesliga.com/player/dfl-obj-0027wd-dfl-clu-000006-dfl-sea-0001k9.png,assets/images/1-fsv-mainz-05/robin-zentner.png,2025-2026,DFL-SEA-0001K9,10,0,0,0,0,0,7,2,0,0,54.9,30.97,0,2,467,0,0
Mainz,DFL-CLU-00000L,https://assets.bundesliga.com/clublogos/DFL-SEA-0001K9/DFL-CLU-00000L.svg,assets/logos/1-fsv-mainz-05.svg,Robin Zentner,DFL-OBJ-0027WD,robin-zentner,27,Goalkeeper,1994-10-28,194,96,DEU,https://assets.bundesliga.com/player/dfl-obj-0027wd-dfl-clu-000006-dfl-sea-0001k9.png,assets/images/1-fsv-mainz-05/robin-zentner.png,2024-2025,DFL-SEA-0001K8,32,0,0,0,0,0,25,3,0,0,179.6,31.96,0,1,1407,0,0
Mainz,DFL-CLU-00000L,https://assets.bundesliga.com/clublogos/DFL-SEA-0001K9/DFL-CLU-00000L.svg,assets/logos/1-fsv-mainz-05.svg,Robin Zentner,DFL-OBJ-0027WD,robin-zentner,27,Goalkeeper,1994-10-28,194,96,DEU,https://assets.bundesliga.com/player/dfl-obj-0027wd-dfl-clu-000006-dfl-sea-0001k9.png,assets/images/1-fsv-mainz-05/robin-zentner.png,2023-2024,DFL-SEA-0001K7,30,0,0,0,0,0,31,3,0,0,170.2,30.97,0,1,1262,0,0
Mainz,DFL-CLU-00000L,https://assets.bundesliga.com/clublogos/DFL-SEA-0001K9/DFL-CLU-00000L.svg,assets/logos/1-fsv-mainz-05.svg,Robin Zentner,DFL-OBJ-0027WD,robin-zentner,27,Goalkeeper,1994-10-28,194,96,DEU,https://assets.bundesliga.com/player/dfl-obj-0027wd-dfl-clu-000006-dfl-sea-0001k9.png,assets/images/1-fsv-mainz-05/robin-zentner.png,2022-2023,DFL-SEA-0001K6,26,0,0,1,1,1,29,1,0,0,128.7,33.97,0,0,1063,0,0
Mainz,DFL-CLU-00000L,https://assets.bundesliga.com/clublogos/DFL-SEA-0001K9/DFL-CLU-00000L.svg,assets/logos/1-fsv-mainz-05.svg,Robin Zentner,DFL-OBJ-0027WD,robin-zentner,27,Goalkeeper,1994-10-28,194,96,DEU,https://assets.bundesliga.com/player/dfl-obj-0027wd-dfl-clu-000006-dfl-sea-0001k9.png,assets/images/1-fsv-mainz-05/robin-zentner.png,2021-2022,DFL-SEA-0001K5,32,0,0,0,0,0,34,1,0,0,168.4,31.94,0,1,1218,0,0
Mainz,DFL-CLU-00000L,https://assets.bundesliga.com/clublogos/DFL-SEA-0001K9/DFL-CLU-00000L.svg,assets/logos/1-fsv-mainz-05.svg,Robin Zentner,DFL-OBJ-0027WD,robin-zentner,27,Goalkeeper,1994-10-28,194,96,DEU,https://assets.bundesliga.com/player/dfl-obj-0027wd-dfl-clu-000006-dfl-sea-0001k9.png,assets/images/1-fsv-mainz-05/robin-zentner.png,2020-2021,DFL-SEA-0001K4,34,0,0,2,0,2,31,2,0,0,162.4,31.24,0,0,1318,0,0
Mainz,DFL-CLU-00000L,https://assets.bundesliga.com/clublogos/DFL-SEA-0001K9/DFL-CLU-00000L.svg,assets/logos/1-fsv-mainz-05.svg,Robin Zentner,DFL-OBJ-0027WD,robin-zentner,27,Goalkeeper,1994-10-28,194,96,DEU,https://assets.bundesliga.com/player/dfl-obj-0027wd-dfl-clu-000006-dfl-sea-0001k9.png,assets/images/1-fsv-mainz-05/robin-zentner.png,2019-2020,DFL-SEA-0001K3,22,0,0,0,0,0,24,1,0,0,116.3,32.72,0,0,965,0,0
Mainz,DFL-CLU-00000L,https://assets.bundesliga.com/clublogos/DFL-SEA-0001K9/DFL-CLU-00000L.svg,assets/logos/1-fsv-mainz-05.svg,Sheraldo Rudi Salomo Willem Becker,DFL-OBJ-002G1Y,sheraldo-becker,23,Striker,1995-02-09,180,77,"SUR , NLD",https://assets.bundesliga.com/player/dfl-obj-002g1y-dfl-clu-000006-dfl-sea-0001k9.png,assets/images/1-fsv-mainz-05/sheraldo-becker.png,2025-2026,DFL-SEA-0001K9,14,3,3,28,17,11,242,2,0,0,102.6,34.61,20,13,311,64,7
Mainz,DFL-CLU-00000L,https://assets.bundesliga.com/clublogos/DFL-SEA-0001K9/DFL-CLU-00000L.svg,assets/logos/1-fsv-mainz-05.svg,Sheraldo Rudi Salomo Willem Becker,DFL-OBJ-002G1Y,sheraldo-becker,23,Striker,1995-02-09,180,77,"SUR , NLD",https://assets.bundesliga.com/player/dfl-obj-002g1y-dfl-clu-000006-dfl-sea-0001k9.png,assets/images/1-fsv-mainz-05/sheraldo-becker.png,2023-2024,DFL-SEA-0001K7,11,0,1,18,4,14,278,0,0,0,75.3,36.07,50,4,354,43,3
Mainz,DFL-CLU-00000L,https://assets.bundesliga.com/clublogos/DFL-SEA-0001K9/DFL-CLU-00000L.svg,assets/logos/1-fsv-mainz-05.svg,Sheraldo Rudi Salomo Willem Becker,DFL-OBJ-002G1Y,sheraldo-becker,23,Striker,1995-02-09,180,77,"SUR , NLD",https://assets.bundesliga.com/player/dfl-obj-002g1y-dfl-clu-000006-dfl-sea-0001k9.png,assets/images/1-fsv-mainz-05/sheraldo-becker.png,2022-2023,DFL-SEA-0001K6,34,11,7,70,29,41,1014,4,0,0,267.1,36.57,119,29,947,171,18
Mainz,DFL-CLU-00000L,https://assets.bundesliga.com/clublogos/DFL-SEA-0001K9/DFL-CLU-00000L.svg,assets/logos/1-fsv-mainz-05.svg,Sheraldo Rudi Salomo Willem Becker,DFL-OBJ-002G1Y,sheraldo-becker,23,Striker,1995-02-09,180,77,"SUR , NLD",https://assets.bundesliga.com/player/dfl-obj-002g1y-dfl-clu-000006-dfl-sea-0001k9.png,assets/images/1-fsv-mainz-05/sheraldo-becker.png,2021-2022,DFL-SEA-0001K5,28,4,6,38,18,20,718,4,0,0,208.7,36.39,107,22,842,151,15
Mainz,DFL-CLU-00000L,https://assets.bundesliga.com/clublogos/DFL-SEA-0001K9/DFL-CLU-00000L.svg,assets/logos/1-fsv-mainz-05.svg,Sheraldo Rudi Salomo Willem Becker,DFL-OBJ-002G1Y,sheraldo-becker,23,Striker,1995-02-09,180,77,"SUR , NLD",https://assets.bundesliga.com/player/dfl-obj-002g1y-dfl-clu-000006-dfl-sea-0001k9.png,assets/images/1-fsv-mainz-05/sheraldo-becker.png,2020-2021,DFL-SEA-0001K4,19,3,3,31,10,21,451,2,0,0,135.6,35.36,47,20,468,89,8
Mainz,DFL-CLU-00000L,https://assets.bundesliga.com/clublogos/DFL-SEA-0001K9/DFL-CLU-00000L.svg,assets/logos/1-fsv-mainz-05.svg,Sheraldo Rudi Salomo Willem Becker,DFL-OBJ-002G1Y,sheraldo-becker,23,Striker,1995-02-09,180,77,"SUR , NLD",https://assets.bundesliga.com/player/dfl-obj-002g1y-dfl-clu-000006-dfl-sea-0001k9.png,assets/images/1-fsv-mainz-05/sheraldo-becker.png,2019-2020,DFL-SEA-0001K3,13,0,2,7,4,3,204,1,0,0,67.3,35.43,14,9,172,35,5
Mainz,DFL-CLU-00000L,https://assets.bundesliga.com/clublogos/DFL-SEA-0001K9/DFL-CLU-00000L.svg,assets/logos/1-fsv-mainz-05.svg,Silas Katompa Mvumpa,DFL-OBJ-002G5R,silas-katompa-mvumpa,26,Midfielder,1998-10-06,189,82,COD,https://assets.bundesliga.com/player/dfl-obj-002g5r-dfl-clu-000006-dfl-sea-0001k9.png,assets/images/1-fsv-mainz-05/silas-katompa-mvumpa.png,2025-2026,DFL-SEA-0001K9,8,1,0,8,7,1,88,1,0,0,41.3,33.89,6,4,134,40,1
Mainz,DFL-CLU-00000L,https://assets.bundesliga.com/clublogos/DFL-SEA-0001K9/DFL-CLU-00000L.svg,assets/logos/1-fsv-mainz-05.svg,Silas Katompa Mvumpa,DFL-OBJ-002G5R,silas-katompa-mvumpa,26,Midfielder,1998-10-06,189,82,COD,https://assets.bundesliga.com/player/dfl-obj-002g5r-dfl-clu-000006-dfl-sea-0001k9.png,assets/images/1-fsv-mainz-05/silas-katompa-mvumpa.png,2023-2024,DFL-SEA-0001K7,27,5,2,23,9,14,250,0,0,0,99.1,36.15,18,12,471,112,7
Mainz,DFL-CLU-00000L,https://assets.bundesliga.com/clublogos/DFL-SEA-0001K9/DFL-CLU-00000L.svg,assets/logos/1-fsv-mainz-05.svg,Silas Katompa Mvumpa,DFL-OBJ-002G5R,silas-katompa-mvumpa,26,Midfielder,1998-10-06,189,82,COD,https://assets.bundesliga.com/player/dfl-obj-002g5r-dfl-clu-000006-dfl-sea-0001k9.png,assets/images/1-fsv-mainz-05/silas-katompa-mvumpa.png,2022-2023,DFL-SEA-0001K6,30,5,2,44,19,25,452,4,0,0,162.9,35.62,21,37,743,210,16
Mainz,DFL-CLU-00000L,https://assets.bundesliga.com/clublogos/DFL-SEA-0001K9/DFL-CLU-00000L.svg,assets/logos/1-fsv-mainz-05.svg,Silas Katompa Mvumpa,DFL-OBJ-002G5R,silas-katompa-mvumpa,26,Midfielder,1998-10-06,189,82,COD,https://assets.bundesliga.com/player/dfl-obj-002g5r-dfl-clu-000006-dfl-sea-0001k9.png,assets/images/1-fsv-mainz-05/silas-katompa-mvumpa.png,2021-2022,DFL-SEA-0001K5,9,0,0,3,1,2,96,0,0,0,30.2,34.24,4,3,135,42,3
Mainz,DFL-CLU-00000L,https://assets.bundesliga.com/clublogos/DFL-SEA-0001K9/DFL-CLU-00000L.svg,assets/logos/1-fsv-mainz-05.svg,Silas Katompa Mvumpa,DFL-OBJ-002G5R,silas-katompa-mvumpa,26,Midfielder,1998-10-06,189,82,COD,https://assets.bundesliga.com/player/dfl-obj-002g5r-dfl-clu-000006-dfl-sea-0001k9.png,assets/images/1-fsv-mainz-05/silas-katompa-mvumpa.png,2020-2021,DFL-SEA-0001K4,26,11,4,44,20,24,759,6,0,0,214.7,35.04,20,31,908,299,12
Mainz,DFL-CLU-00000L,https://assets.bundesliga.com/clublogos/DFL-SEA-0001K9/DFL-CLU-00000L.svg,assets/logos/1-fsv-mainz-05.svg,Silvan Dominic Widmer,DFL-OBJ-J011LZ,silvan-widmer,30,Defender,1993-03-05,183,77,CHE,https://assets.bundesliga.com/player/dfl-obj-j011lz-dfl-clu-000006-dfl-sea-0001k9.png,assets/images/1-fsv-mainz-05/silvan-widmer.png,2025-2026,DFL-SEA-0001K9,27,2,1,19,5,14,391,5,0,0,212.7,34.32,35,13,1056,156,39
Mainz,DFL-CLU-00000L,https://assets.bundesliga.com/clublogos/DFL-SEA-0001K9/DFL-CLU-00000L.svg,assets/logos/1-fsv-mainz-05.svg,Silvan Dominic Widmer,DFL-OBJ-J011LZ,silvan-widmer,30,Defender,1993-03-05,183,77,CHE,https://assets.bundesliga.com/player/dfl-obj-j011lz-dfl-clu-000006-dfl-sea-0001k9.png,assets/images/1-fsv-mainz-05/silvan-widmer.png,2024-2025,DFL-SEA-0001K8,27,0,1,4,1,3,223,3,0,0,74.3,33.9,8,5,373,55,21
Mainz,DFL-CLU-00000L,https://assets.bundesliga.com/clublogos/DFL-SEA-0001K9/DFL-CLU-00000L.svg,assets/logos/1-fsv-mainz-05.svg,Silvan Dominic Widmer,DFL-OBJ-J011LZ,silvan-widmer,30,Defender,1993-03-05,183,77,CHE,https://assets.bundesliga.com/player/dfl-obj-j011lz-dfl-clu-000006-dfl-sea-0001k9.png,assets/images/1-fsv-mainz-05/silvan-widmer.png,2023-2024,DFL-SEA-0001K7,20,1,3,12,4,8,451,4,0,0,156.6,33.05,30,10,850,100,23
Mainz,DFL-CLU-00000L,https://assets.bundesliga.com/clublogos/DFL-SEA-0001K9/DFL-CLU-00000L.svg,assets/logos/1-fsv-mainz-05.svg,Silvan Dominic Widmer,DFL-OBJ-J011LZ,silvan-widmer,30,Defender,1993-03-05,183,77,CHE,https://assets.bundesliga.com/player/dfl-obj-j011lz-dfl-clu-000006-dfl-sea-0001k9.png,assets/images/1-fsv-mainz-05/silvan-widmer.png,2022-2023,DFL-SEA-0001K6,26,2,2,21,8,13,563,0,0,0,198.9,34.16,29,11,1078,152,30
Mainz,DFL-CLU-00000L,https://assets.bundesliga.com/clublogos/DFL-SEA-0001K9/DFL-CLU-00000L.svg,assets/logos/1-fsv-mainz-05.svg,Silvan Dominic Widmer,DFL-OBJ-J011LZ,silvan-widmer,30,Defender,1993-03-05,183,77,CHE,https://assets.bundesliga.com/player/dfl-obj-j011lz-dfl-clu-000006-dfl-sea-0001k9.png,assets/images/1-fsv-mainz-05/silvan-widmer.png,2021-2022,DFL-SEA-0001K5,33,4,5,24,9,15,976,1,0,0,348.6,34.34,47,37,1895,274,54
Mainz,DFL-CLU-00000L,https://assets.bundesliga.com/clublogos/DFL-SEA-0001K9/DFL-CLU-00000L.svg,assets/logos/1-fsv-mainz-05.svg,Sota Kawasaki,DFL-OBJ-J01TOT,sota-kawasaki,24,Midfielder,2001-07-30,172,70,JPN,https://assets.bundesliga.com/player/dfl-obj-j01tot-dfl-clu-000006-dfl-sea-0001k9.png,assets/images/1-fsv-mainz-05/sota-kawasaki.png,2025-2026,DFL-SEA-0001K9,10,0,0,1,0,1,61,1,0,0,42.1,30.71,3,6,139,30,4
Mainz,DFL-CLU-00000L,https://assets.bundesliga.com/clublogos/DFL-SEA-0001K9/DFL-CLU-00000L.svg,assets/logos/1-fsv-mainz-05.svg,Stefan Bell,DFL-OBJ-00001R,stefan-bell,16,Defender,1991-08-24,192,88,DEU,https://assets.bundesliga.com/player/dfl-obj-00001r-dfl-clu-000006-dfl-sea-0001k9.png,assets/images/1-fsv-mainz-05/stefan-bell.png,2025-2026,DFL-SEA-0001K9,18,2,1,11,5,6,78,4,0,0,124.7,33.05,0,13,631,133,73
Mainz,DFL-CLU-00000L,https://assets.bundesliga.com/clublogos/DFL-SEA-0001K9/DFL-CLU-00000L.svg,assets/logos/1-fsv-mainz-05.svg,Stefan Bell,DFL-OBJ-00001R,stefan-bell,16,Defender,1991-08-24,192,88,DEU,https://assets.bundesliga.com/player/dfl-obj-00001r-dfl-clu-000006-dfl-sea-0001k9.png,assets/images/1-fsv-mainz-05/stefan-bell.png,2024-2025,DFL-SEA-0001K8,18,0,1,12,3,9,193,4,0,0,160.6,30.71,0,23,969,172,98
Mainz,DFL-CLU-00000L,https://assets.bundesliga.com/clublogos/DFL-SEA-0001K9/DFL-CLU-00000L.svg,assets/logos/1-fsv-mainz-05.svg,Stefan Bell,DFL-OBJ-00001R,stefan-bell,16,Defender,1991-08-24,192,88,DEU,https://assets.bundesliga.com/player/dfl-obj-00001r-dfl-clu-000006-dfl-sea-0001k9.png,assets/images/1-fsv-mainz-05/stefan-bell.png,2023-2024,DFL-SEA-0001K7,10,0,0,5,2,3,100,3,0,0,75.7,30.66,1,10,455,70,32
Mainz,DFL-CLU-00000L,https://assets.bundesliga.com/clublogos/DFL-SEA-0001K9/DFL-CLU-00000L.svg,assets/logos/1-fsv-mainz-05.svg,Stefan Bell,DFL-OBJ-00001R,stefan-bell,16,Defender,1991-08-24,192,88,DEU,https://assets.bundesliga.com/player/dfl-obj-00001r-dfl-clu-000006-dfl-sea-0001k9.png,assets/images/1-fsv-mainz-05/stefan-bell.png,2022-2023,DFL-SEA-0001K6,30,0,0,6,1,5,331,9,0,0,266,31.08,9,45,1617,303,129
Mainz,DFL-CLU-00000L,https://assets.bundesliga.com/clublogos/DFL-SEA-0001K9/DFL-CLU-00000L.svg,assets/logos/1-fsv-mainz-05.svg,Stefan Bell,DFL-OBJ-00001R,stefan-bell,16,Defender,1991-08-24,192,88,DEU,https://assets.bundesliga.com/player/dfl-obj-00001r-dfl-clu-000006-dfl-sea-0001k9.png,assets/images/1-fsv-mainz-05/stefan-bell.png,2021-2022,DFL-SEA-0001K5,33,2,0,20,4,16,378,9,0,0,327,31.5,10,49,1928,301,127
Mainz,DFL-CLU-00000L,https://assets.bundesliga.com/clublogos/DFL-SEA-0001K9/DFL-CLU-00000L.svg,assets/logos/1-fsv-mainz-05.svg,Stefan Bell,DFL-OBJ-00001R,stefan-bell,16,Defender,1991-08-24,192,88,DEU,https://assets.bundesliga.com/player/dfl-obj-00001r-dfl-clu-000006-dfl-sea-0001k9.png,assets/images/1-fsv-mainz-05/stefan-bell.png,2020-2021,DFL-SEA-0001K4,18,1,1,9,3,6,184,6,0,0,158,30.66,1,27,799,175,88
Mainz,DFL-CLU-00000L,https://assets.bundesliga.com/clublogos/DFL-SEA-0001K9/DFL-CLU-00000L.svg,assets/logos/1-fsv-mainz-05.svg,Stefan Posch,DFL-OBJ-0027UK,stefan-posch,4,Defender,1997-05-14,189,82,AUT,https://assets.bundesliga.com/player/dfl-obj-0027uk-dfl-clu-000006-dfl-sea-0001k9.png,assets/images/1-fsv-mainz-05/stefan-posch.png,2025-2026,DFL-SEA-0001K9,16,0,0,11,3,8,156,4,0,0,170.7,33.18,6,9,1002,187,46
Mainz,DFL-CLU-00000L,https://assets.bundesliga.com/clublogos/DFL-SEA-0001K9/DFL-CLU-00000L.svg,assets/logos/1-fsv-mainz-05.svg,Stefan Posch,DFL-OBJ-0027UK,stefan-posch,4,Defender,1997-05-14,189,82,AUT,https://assets.bundesliga.com/player/dfl-obj-0027uk-dfl-clu-000006-dfl-sea-0001k9.png,assets/images/1-fsv-mainz-05/stefan-posch.png,2022-2023,DFL-SEA-0001K6,1,0,0,0,0,0,3,1,0,0,2,29.24,0,2,13,2,1
Mainz,DFL-CLU-00000L,https://assets.bundesliga.com/clublogos/DFL-SEA-0001K9/DFL-CLU-00000L.svg,assets/logos/1-fsv-mainz-05.svg,Stefan Posch,DFL-OBJ-0027UK,stefan-posch,4,Defender,1997-05-14,189,82,AUT,https://assets.bundesliga.com/player/dfl-obj-0027uk-dfl-clu-000006-dfl-sea-0001k9.png,assets/images/1-fsv-mainz-05/stefan-posch.png,2021-2022,DFL-SEA-0001K5,28,2,0,15,8,7,428,5,0,0,269.5,34.36,12,32,1742,232,60
Mainz,DFL-CLU-00000L,https://assets.bundesliga.com/clublogos/DFL-SEA-0001K9/DFL-CLU-00000L.svg,assets/logos/1-fsv-mainz-05.svg,Stefan Posch,DFL-OBJ-0027UK,stefan-posch,4,Defender,1997-05-14,189,82,AUT,https://assets.bundesliga.com/player/dfl-obj-0027uk-dfl-clu-000006-dfl-sea-0001k9.png,assets/images/1-fsv-mainz-05/stefan-posch.png,2020-2021,DFL-SEA-0001K4,26,0,0,10,2,8,424,9,0,0,263.9,32.39,21,39,1791,255,66
Mainz,DFL-CLU-00000L,https://assets.bundesliga.com/clublogos/DFL-SEA-0001K9/DFL-CLU-00000L.svg,assets/logos/1-fsv-mainz-05.svg,Stefan Posch,DFL-OBJ-0027UK,stefan-posch,4,Defender,1997-05-14,189,82,AUT,https://assets.bundesliga.com/player/dfl-obj-0027uk-dfl-clu-000006-dfl-sea-0001k9.png,assets/images/1-fsv-mainz-05/stefan-posch.png,2019-2020,DFL-SEA-0001K3,28,0,0,22,7,15,381,9,0,0,284.7,33.81,6,36,1915,311,70
Mainz,DFL-CLU-00000L,https://assets.bundesliga.com/clublogos/DFL-SEA-0001K9/DFL-CLU-00000L.svg,assets/logos/1-fsv-mainz-05.svg,Urs Fischer,DFL-OBJ-0028O1,urs-fischer,,Mainz,1966-02-20,178,,CHE,https://assets.bundesliga.com/person/dfl-obj-0028o1-dfl-clu-000006-dfl-sea-0001k9.png,assets/images/1-fsv-mainz-05/urs-fischer.png,2025-2026,DFL-SEA-0001K9,,,,,,,,,,,,,,,,,
Mainz,DFL-CLU-00000L,https://assets.bundesliga.com/clublogos/DFL-SEA-0001K9/DFL-CLU-00000L.svg,assets/logos/1-fsv-mainz-05.svg,William Bøving Wick,DFL-OBJ-J01FCC,william-boving,14,Striker,2003-03-01,176,69,DNK,https://assets.bundesliga.com/player/dfl-obj-j01fcc-dfl-clu-000006-dfl-sea-0001k9.png,assets/images/1-fsv-mainz-05/william-boving.png,2025-2026,DFL-SEA-0001K9,9,0,1,1,0,1,85,1,0,0,36.5,33.46,3,2,113,21,3
Bayer Leverkusen,DFL-CLU-00000L,https://assets.bundesliga.com/clublogos/DFL-SEA-0001K9/DFL-CLU-00000L.svg,assets/logos/bayer-04-leverkusen.svg,Aleix García Serrano,DFL-OBJ-J01860,aleix-garcia,24,Midfielder,1997-06-28,173,68,ESP,https://assets.bundesliga.com/player/dfl-obj-j01860-dfl-clu-00000b-dfl-sea-0001k9.png,assets/images/bayer-04-leverkusen/aleix-garcia.png,2025-2026,DFL-SEA-0001K9,33,3,8,29,6,23,276,6,0,0,334.5,34.02,36,8,3475,203,17
Bayer Leverkusen,DFL-CLU-00000L,https://assets.bundesliga.com/clublogos/DFL-SEA-0001K9/DFL-CLU-00000L.svg,assets/logos/bayer-04-leverkusen.svg,Aleix García Serrano,DFL-OBJ-J01860,aleix-garcia,24,Midfielder,1997-06-28,173,68,ESP,https://assets.bundesliga.com/player/dfl-obj-j01860-dfl-clu-00000b-dfl-sea-0001k9.png,assets/images/bayer-04-leverkusen/aleix-garcia.png,2024-2025,DFL-SEA-0001K8,28,3,4,16,5,11,333,3,0,0,192.7,32.43,24,7,1516,80,3
Bayer Leverkusen,DFL-CLU-00000L,https://assets.bundesliga.com/clublogos/DFL-SEA-0001K9/DFL-CLU-00000L.svg,assets/logos/bayer-04-leverkusen.svg,Alejandro Grimaldo Garcia,DFL-OBJ-J016J2,alejandro-grimaldo,20,Defender,1995-09-20,171,68,ESP,https://assets.bundesliga.com/player/dfl-obj-j016j2-dfl-clu-00000b-dfl-sea-0001k9.png,assets/images/bayer-04-leverkusen/alejandro-grimaldo.png,2025-2026,DFL-SEA-0001K9,29,8,8,62,22,40,427,5,0,0,322.4,33.61,70,10,2590,281,15
Bayer Leverkusen,DFL-CLU-00000L,https://assets.bundesliga.com/clublogos/DFL-SEA-0001K9/DFL-CLU-00000L.svg,assets/logos/bayer-04-leverkusen.svg,Alejandro Grimaldo Garcia,DFL-OBJ-J016J2,alejandro-grimaldo,20,Defender,1995-09-20,171,68,ESP,https://assets.bundesliga.com/player/dfl-obj-j016j2-dfl-clu-00000b-dfl-sea-0001k9.png,assets/images/bayer-04-leverkusen/alejandro-grimaldo.png,2024-2025,DFL-SEA-0001K8,32,2,7,45,14,31,760,4,0,0,341.8,32.82,96,11,2423,205,16
Bayer Leverkusen,DFL-CLU-00000L,https://assets.bundesliga.com/clublogos/DFL-SEA-0001K9/DFL-CLU-00000L.svg,assets/logos/bayer-04-leverkusen.svg,Alejandro Grimaldo Garcia,DFL-OBJ-J016J2,alejandro-grimaldo,20,Defender,1995-09-20,171,68,ESP,https://assets.bundesliga.com/player/dfl-obj-j016j2-dfl-clu-00000b-dfl-sea-0001k9.png,assets/images/bayer-04-leverkusen/alejandro-grimaldo.png,2023-2024,DFL-SEA-0001K7,33,10,13,74,28,46,812,1,0,0,360.5,33.15,89,15,2550,214,15
Bayer Leverkusen,DFL-CLU-00000L,https://assets.bundesliga.com/clublogos/DFL-SEA-0001K9/DFL-CLU-00000L.svg,assets/logos/bayer-04-leverkusen.svg,Arthur Augusto de Matos Soares,DFL-OBJ-J01UNL,arthur,13,Defender,2003-03-17,174,69,BRA,https://assets.bundesliga.com/player/dfl-obj-j01unl-dfl-clu-00000b-dfl-sea-0001k9.png,assets/images/bayer-04-leverkusen/arthur.png,2025-2026,DFL-SEA-0001K9,20,1,3,10,2,8,290,3,0,0,137.1,34.93,26,19,772,132,16
Bayer Leverkusen,DFL-CLU-00000L,https://assets.bundesliga.com/clublogos/DFL-SEA-0001K9/DFL-CLU-00000L.svg,assets/logos/bayer-04-leverkusen.svg,Arthur Augusto de Matos Soares,DFL-OBJ-J01UNL,arthur,13,Defender,2003-03-17,174,69,BRA,https://assets.bundesliga.com/player/dfl-obj-j01unl-dfl-clu-00000b-dfl-sea-0001k9.png,assets/images/bayer-04-leverkusen/arthur.png,2024-2025,DFL-SEA-0001K8,20,0,1,1,0,1,311,1,0,0,98.1,35.2,12,18,519,88,15
Bayer Leverkusen,DFL-CLU-00000L,https://assets.bundesliga.com/clublogos/DFL-SEA-0001K9/DFL-CLU-00000L.svg,assets/logos/bayer-04-leverkusen.svg,Arthur Augusto de Matos Soares,DFL-OBJ-J01UNL,arthur,13,Defender,2003-03-17,174,69,BRA,https://assets.bundesliga.com/player/dfl-obj-j01unl-dfl-clu-00000b-dfl-sea-0001k9.png,assets/images/bayer-04-leverkusen/arthur.png,2023-2024,DFL-SEA-0001K7,4,0,2,2,1,1,71,0,0,0,23.7,33.95,7,2,136,16,3
Bayer Leverkusen,DFL-CLU-00000L,https://assets.bundesliga.com/clublogos/DFL-SEA-0001K9/DFL-CLU-00000L.svg,assets/logos/bayer-04-leverkusen.svg,Axel Tape-Kobrissa,DFL-OBJ-J023TO,axel-tape,16,Defender,2007-08-10,180,75,"FRA , CIV",https://assets.bundesliga.com/player/dfl-obj-j023to-dfl-clu-00000b-dfl-sea-0001k9.png,assets/images/bayer-04-leverkusen/axel-tape.png,2025-2026,DFL-SEA-0001K9,6,0,0,3,1,2,37,1,0,0,29.4,33.98,0,6,132,29,1
Bayer Leverkusen,DFL-CLU-00000L,https://assets.bundesliga.com/clublogos/DFL-SEA-0001K9/DFL-CLU-00000L.svg,assets/logos/bayer-04-leverkusen.svg,Ben Hawighorst,DFL-OBJ-J01UD4,ben-hawighorst,43,Defender,2008-03-01,185,76,DEU,https://assets.bundesliga.com/player/dfl-obj-j01ud4-dfl-clu-00000b-dfl-sea-0001k9.png,assets/images/bayer-04-leverkusen/ben-hawighorst.png,2025-2026,DFL-SEA-0001K9,,,,,,,,,,,,,,,,,
Bayer Leverkusen,DFL-CLU-00000L,https://assets.bundesliga.com/clublogos/DFL-SEA-0001K9/DFL-CLU-00000L.svg,assets/logos/bayer-04-leverkusen.svg,Christian Michel Kofane,DFL-OBJ-J024A2,christian-kofane,35,Striker,2006-07-26,189,68,CMR,https://assets.bundesliga.com/player/dfl-obj-j024a2-dfl-clu-00000b-dfl-sea-0001k9.png,assets/images/bayer-04-leverkusen/christian-kofane.png,2025-2026,DFL-SEA-0001K9,29,5,4,47,20,27,374,3,0,0,151.6,34.85,0,28,379,140,30
Bayer Leverkusen,DFL-CLU-00000L,https://assets.bundesliga.com/clublogos/DFL-SEA-0001K9/DFL-CLU-00000L.svg,assets/logos/bayer-04-leverkusen.svg,Edmond Fayçal Tapsoba,DFL-OBJ-002GAR,edmond-tapsoba,12,Defender,1999-02-02,192,84,BFA,https://assets.bundesliga.com/player/dfl-obj-002gar-dfl-clu-00000b-dfl-sea-0001k9.png,assets/images/bayer-04-leverkusen/edmond-tapsoba.png,2025-2026,DFL-SEA-0001K9,29,5,3,30,11,19,248,7,0,0,277.8,33.95,5,31,2868,279,85
Bayer Leverkusen,DFL-CLU-00000L,https://assets.bundesliga.com/clublogos/DFL-SEA-0001K9/DFL-CLU-00000L.svg,assets/logos/bayer-04-leverkusen.svg,Edmond Fayçal Tapsoba,DFL-OBJ-002GAR,edmond-tapsoba,12,Defender,1999-02-02,192,84,BFA,https://assets.bundesliga.com/player/dfl-obj-002gar-dfl-clu-00000b-dfl-sea-0001k9.png,assets/images/bayer-04-leverkusen/edmond-tapsoba.png,2024-2025,DFL-SEA-0001K8,29,0,0,22,2,20,476,4,0,0,293,34.16,6,33,2283,251,65
Bayer Leverkusen,DFL-CLU-00000L,https://assets.bundesliga.com/clublogos/DFL-SEA-0001K9/DFL-CLU-00000L.svg,assets/logos/bayer-04-leverkusen.svg,Edmond Fayçal Tapsoba,DFL-OBJ-002GAR,edmond-tapsoba,12,Defender,1999-02-02,192,84,BFA,https://assets.bundesliga.com/player/dfl-obj-002gar-dfl-clu-00000b-dfl-sea-0001k9.png,assets/images/bayer-04-leverkusen/edmond-tapsoba.png,2023-2024,DFL-SEA-0001K7,28,0,1,13,1,12,384,4,0,0,240.7,34.12,2,24,2212,189,50
Bayer Leverkusen,DFL-CLU-00000L,https://assets.bundesliga.com/clublogos/DFL-SEA-0001K9/DFL-CLU-00000L.svg,assets/logos/bayer-04-leverkusen.svg,Edmond Fayçal Tapsoba,DFL-OBJ-002GAR,edmond-tapsoba,12,Defender,1999-02-02,192,84,BFA,https://assets.bundesliga.com/player/dfl-obj-002gar-dfl-clu-00000b-dfl-sea-0001k9.png,assets/images/bayer-04-leverkusen/edmond-tapsoba.png,2022-2023,DFL-SEA-0001K6,33,1,0,13,3,10,487,5,0,0,302.8,33.68,1,26,2661,329,70
Bayer Leverkusen,DFL-CLU-00000L,https://assets.bundesliga.com/clublogos/DFL-SEA-0001K9/DFL-CLU-00000L.svg,assets/logos/bayer-04-leverkusen.svg,Edmond Fayçal Tapsoba,DFL-OBJ-002GAR,edmond-tapsoba,12,Defender,1999-02-02,192,84,BFA,https://assets.bundesliga.com/player/dfl-obj-002gar-dfl-clu-00000b-dfl-sea-0001k9.png,assets/images/bayer-04-leverkusen/edmond-tapsoba.png,2021-2022,DFL-SEA-0001K5,22,1,0,7,2,5,339,1,0,0,201.8,32.84,0,18,1759,181,46
Bayer Leverkusen,DFL-CLU-00000L,https://assets.bundesliga.com/clublogos/DFL-SEA-0001K9/DFL-CLU-00000L.svg,assets/logos/bayer-04-leverkusen.svg,Edmond Fayçal Tapsoba,DFL-OBJ-002GAR,edmond-tapsoba,12,Defender,1999-02-02,192,84,BFA,https://assets.bundesliga.com/player/dfl-obj-002gar-dfl-clu-00000b-dfl-sea-0001k9.png,assets/images/bayer-04-leverkusen/edmond-tapsoba.png,2020-2021,DFL-SEA-0001K4,34,1,0,18,7,11,623,5,0,0,343.7,32.69,3,43,3308,352,87
Bayer Leverkusen,DFL-CLU-00000L,https://assets.bundesliga.com/clublogos/DFL-SEA-0001K9/DFL-CLU-00000L.svg,assets/logos/bayer-04-leverkusen.svg,Edmond Fayçal Tapsoba,DFL-OBJ-002GAR,edmond-tapsoba,12,Defender,1999-02-02,192,84,BFA,https://assets.bundesliga.com/player/dfl-obj-002gar-dfl-clu-00000b-dfl-sea-0001k9.png,assets/images/bayer-04-leverkusen/edmond-tapsoba.png,2019-2020,DFL-SEA-0001K3,14,0,0,3,0,3,239,2,0,0,125.9,33.65,0,11,1268,120,33
Bayer Leverkusen,DFL-CLU-00000L,https://assets.bundesliga.com/clublogos/DFL-SEA-0001K9/DFL-CLU-00000L.svg,assets/logos/bayer-04-leverkusen.svg,Eliesse Ben Seghir,DFL-OBJ-J01US3,eliesse-ben-seghir,17,Striker,2005-02-16,178,72,"MAR , FRA",https://assets.bundesliga.com/player/dfl-obj-j01us3-dfl-clu-00000b-dfl-sea-0001k9.png,assets/images/bayer-04-leverkusen/eliesse-ben-seghir.png,2025-2026,DFL-SEA-0001K9,10,0,0,5,2,3,43,2,0,0,30.8,33.23,6,2,192,43,1
Bayer Leverkusen,DFL-CLU-00000L,https://assets.bundesliga.com/clublogos/DFL-SEA-0001K9/DFL-CLU-00000L.svg,assets/logos/bayer-04-leverkusen.svg,Emmanuel Chigozie Owen,DFL-OBJ-J01Z05,emmanuel-chigozie-owen,47,Striker,2007-06-11,171,,DEU,https://assets.bundesliga.com/player/dfl-obj-j01z05-dfl-clu-00000b-dfl-sea-0001k9.png,assets/images/bayer-04-leverkusen/emmanuel-chigozie-owen.png,2025-2026,DFL-SEA-0001K9,,,,,,,,,,,,,,,,,
Bayer Leverkusen,DFL-CLU-00000L,https://assets.bundesliga.com/clublogos/DFL-SEA-0001K9/DFL-CLU-00000L.svg,assets/logos/bayer-04-leverkusen.svg,Ernest Poku,DFL-OBJ-J01NA3,ernest-poku,19,Striker,2004-01-28,176,76,"NLD , GHA",https://assets.bundesliga.com/player/dfl-obj-j01na3-dfl-clu-00000b-dfl-sea-0001k9.png,assets/images/bayer-04-leverkusen/ernest-poku.png,2025-2026,DFL-SEA-0001K9,29,5,5,28,9,19,396,0,0,0,177.8,35.56,7,4,845,154,4
Bayer Leverkusen,DFL-CLU-00000L,https://assets.bundesliga.com/clublogos/DFL-SEA-0001K9/DFL-CLU-00000L.svg,assets/logos/bayer-04-leverkusen.svg,Exequiel Alejandro Palacios,DFL-OBJ-002G8H,exequiel-palacios,25,Midfielder,1998-10-05,176,69,ARG,https://assets.bundesliga.com/player/dfl-obj-002g8h-dfl-clu-00000b-dfl-sea-0001k9.png,assets/images/bayer-04-leverkusen/exequiel-palacios.png,2025-2026,DFL-SEA-0001K9,18,0,1,11,2,9,132,3,0,0,132.2,31.61,0,5,1376,133,6
Bayer Leverkusen,DFL-CLU-00000L,https://assets.bundesliga.com/clublogos/DFL-SEA-0001K9/DFL-CLU-00000L.svg,assets/logos/bayer-04-leverkusen.svg,Exequiel Alejandro Palacios,DFL-OBJ-002G8H,exequiel-palacios,25,Midfielder,1998-10-05,176,69,ARG,https://assets.bundesliga.com/player/dfl-obj-002g8h-dfl-clu-00000b-dfl-sea-0001k9.png,assets/images/bayer-04-leverkusen/exequiel-palacios.png,2024-2025,DFL-SEA-0001K8,24,1,6,13,9,4,323,2,0,0,153.6,31.27,2,8,1200,122,3
Bayer Leverkusen,DFL-CLU-00000L,https://assets.bundesliga.com/clublogos/DFL-SEA-0001K9/DFL-CLU-00000L.svg,assets/logos/bayer-04-leverkusen.svg,Exequiel Alejandro Palacios,DFL-OBJ-002G8H,exequiel-palacios,25,Midfielder,1998-10-05,176,69,ARG,https://assets.bundesliga.com/player/dfl-obj-002g8h-dfl-clu-00000b-dfl-sea-0001k9.png,assets/images/bayer-04-leverkusen/exequiel-palacios.png,2023-2024,DFL-SEA-0001K7,24,4,5,21,7,14,418,6,0,0,235.4,32.86,4,18,2300,218,10
Bayer Leverkusen,DFL-CLU-00000L,https://assets.bundesliga.com/clublogos/DFL-SEA-0001K9/DFL-CLU-00000L.svg,assets/logos/bayer-04-leverkusen.svg,Exequiel Alejandro Palacios,DFL-OBJ-002G8H,exequiel-palacios,25,Midfielder,1998-10-05,176,69,ARG,https://assets.bundesliga.com/player/dfl-obj-002g8h-dfl-clu-00000b-dfl-sea-0001k9.png,assets/images/bayer-04-leverkusen/exequiel-palacios.png,2022-2023,DFL-SEA-0001K6,25,4,2,19,7,12,329,4,0,0,182.7,32.33,3,22,1527,219,16
Bayer Leverkusen,DFL-CLU-00000L,https://assets.bundesliga.com/clublogos/DFL-SEA-0001K9/DFL-CLU-00000L.svg,assets/logos/bayer-04-leverkusen.svg,Exequiel Alejandro Palacios,DFL-OBJ-002G8H,exequiel-palacios,25,Midfielder,1998-10-05,176,69,ARG,https://assets.bundesliga.com/player/dfl-obj-002g8h-dfl-clu-00000b-dfl-sea-0001k9.png,assets/images/bayer-04-leverkusen/exequiel-palacios.png,2021-2022,DFL-SEA-0001K5,23,2,2,9,4,5,285,2,0,0,147,32.11,3,11,986,127,8
Bayer Leverkusen,DFL-CLU-00000L,https://assets.bundesliga.com/clublogos/DFL-SEA-0001K9/DFL-CLU-00000L.svg,assets/logos/bayer-04-leverkusen.svg,Exequiel Alejandro Palacios,DFL-OBJ-002G8H,exequiel-palacios,25,Midfielder,1998-10-05,176,69,ARG,https://assets.bundesliga.com/player/dfl-obj-002g8h-dfl-clu-00000b-dfl-sea-0001k9.png,assets/images/bayer-04-leverkusen/exequiel-palacios.png,2020-2021,DFL-SEA-0001K4,10,0,0,2,0,2,180,1,0,0,88.3,30.32,1,7,541,89,2
Bayer Leverkusen,DFL-CLU-00000L,https://assets.bundesliga.com/clublogos/DFL-SEA-0001K9/DFL-CLU-00000L.svg,assets/logos/bayer-04-leverkusen.svg,Exequiel Alejandro Palacios,DFL-OBJ-002G8H,exequiel-palacios,25,Midfielder,1998-10-05,176,69,ARG,https://assets.bundesliga.com/player/dfl-obj-002g8h-dfl-clu-00000b-dfl-sea-0001k9.png,assets/images/bayer-04-leverkusen/exequiel-palacios.png,2019-2020,DFL-SEA-0001K3,3,0,0,5,0,5,44,0,0,0,23.2,30.84,0,1,178,25,0
Bayer Leverkusen,DFL-CLU-00000L,https://assets.bundesliga.com/clublogos/DFL-SEA-0001K9/DFL-CLU-00000L.svg,assets/logos/bayer-04-leverkusen.svg,Ignacio Ezequiel Agustín Fernández Carballo,DFL-OBJ-J024SS,ezequiel-fernandez,6,Midfielder,2002-07-25,178,70,"ARG , PRY",https://assets.bundesliga.com/player/dfl-obj-j024ss-dfl-clu-00000b-dfl-sea-0001k9.png,assets/images/bayer-04-leverkusen/ezequiel-fernandez.png,2025-2026,DFL-SEA-0001K9,20,0,1,10,1,9,131,2,0,0,142.1,33.23,3,13,1035,156,13
Bayer Leverkusen,DFL-CLU-00000L,https://assets.bundesliga.com/clublogos/DFL-SEA-0001K9/DFL-CLU-00000L.svg,assets/logos/bayer-04-leverkusen.svg,Ferdinand Pohl,DFL-OBJ-J01R43,ferdinand-pohl,46,Defender,2007-02-02,184,69,DEU,https://assets.bundesliga.com/player/dfl-obj-j01r43-dfl-clu-00000b-dfl-sea-0001k9.png,assets/images/bayer-04-leverkusen/ferdinand-pohl.png,2025-2026,DFL-SEA-0001K9,,,,,,,,,,,,,,,,,
Bayer Leverkusen,DFL-CLU-00000L,https://assets.bundesliga.com/clublogos/DFL-SEA-0001K9/DFL-CLU-00000L.svg,assets/logos/bayer-04-leverkusen.svg,Ibrahim Maza,DFL-OBJ-J01QPQ,ibrahim-maza,30,Midfielder,2005-11-24,180,70,"DZA , DEU",https://assets.bundesliga.com/player/dfl-obj-j01qpq-dfl-clu-00000b-dfl-sea-0001k9.png,assets/images/bayer-04-leverkusen/ibrahim-maza.png,2025-2026,DFL-SEA-0001K9,28,3,4,56,18,38,359,2,0,0,236.1,33.52,49,20,1362,283,11
Bayer Leverkusen,DFL-CLU-00000L,https://assets.bundesliga.com/clublogos/DFL-SEA-0001K9/DFL-CLU-00000L.svg,assets/logos/bayer-04-leverkusen.svg,Ibrahim Maza,DFL-OBJ-J01QPQ,ibrahim-maza,30,Midfielder,2005-11-24,180,70,"DZA , DEU",https://assets.bundesliga.com/player/dfl-obj-j01qpq-dfl-clu-00000b-dfl-sea-0001k9.png,assets/images/bayer-04-leverkusen/ibrahim-maza.png,2022-2023,DFL-SEA-0001K6,2,1,0,1,1,0,25,0,0,0,10.2,30.43,0,0,26,7,0
Bayer Leverkusen,DFL-CLU-00000L,https://assets.bundesliga.com/clublogos/DFL-SEA-0001K9/DFL-CLU-00000L.svg,assets/logos/bayer-04-leverkusen.svg,Janis Jonathan Blaswich,DFL-OBJ-0000NT,janis-blaswich,28,Goalkeeper,1991-05-02,193,88,DEU,https://assets.bundesliga.com/player/dfl-obj-0000nt-dfl-clu-00000b-dfl-sea-0001k9.png,assets/images/bayer-04-leverkusen/janis-blaswich.png,2025-2026,DFL-SEA-0001K9,11,0,0,0,0,0,4,1,0,0,59.1,27.11,0,0,365,0,0
Bayer Leverkusen,DFL-CLU-00000L,https://assets.bundesliga.com/clublogos/DFL-SEA-0001K9/DFL-CLU-00000L.svg,assets/logos/bayer-04-leverkusen.svg,Janis Jonathan Blaswich,DFL-OBJ-0000NT,janis-blaswich,28,Goalkeeper,1991-05-02,193,88,DEU,https://assets.bundesliga.com/player/dfl-obj-0000nt-dfl-clu-00000b-dfl-sea-0001k9.png,assets/images/bayer-04-leverkusen/janis-blaswich.png,2023-2024,DFL-SEA-0001K7,21,0,0,0,0,0,18,0,0,0,117.2,27.09,0,1,1088,0,0
Bayer Leverkusen,DFL-CLU-00000L,https://assets.bundesliga.com/clublogos/DFL-SEA-0001K9/DFL-CLU-00000L.svg,assets/logos/bayer-04-leverkusen.svg,Janis Jonathan Blaswich,DFL-OBJ-0000NT,janis-blaswich,28,Goalkeeper,1991-05-02,193,88,DEU,https://assets.bundesliga.com/player/dfl-obj-0000nt-dfl-clu-00000b-dfl-sea-0001k9.png,assets/images/bayer-04-leverkusen/janis-blaswich.png,2022-2023,DFL-SEA-0001K6,26,0,0,0,0,0,14,0,0,0,127.9,29.49,0,1,1277,0,0
Bayer Leverkusen,DFL-CLU-00000L,https://assets.bundesliga.com/clublogos/DFL-SEA-0001K9/DFL-CLU-00000L.svg,assets/logos/bayer-04-leverkusen.svg,Jarell Amorin Quansah,DFL-OBJ-J01KO9,jarell-quansah,4,Defender,2003-01-29,190,84,"ENG , SCT",https://assets.bundesliga.com/player/dfl-obj-j01ko9-dfl-clu-00000b-dfl-sea-0001k9.png,assets/images/bayer-04-leverkusen/jarell-quansah.png,2025-2026,DFL-SEA-0001K9,28,4,0,18,9,9,285,9,0,0,255.6,35.08,16,19,2040,228,61
Bayer Leverkusen,DFL-CLU-00000L,https://assets.bundesliga.com/clublogos/DFL-SEA-0001K9/DFL-CLU-00000L.svg,assets/logos/bayer-04-leverkusen.svg,Jeremiah Dennit Mensah,DFL-OBJ-J01UDD,jeremiah-mensah,27,Midfielder,2008-02-21,176,,"DEU , GHA",https://assets.bundesliga.com/player/dfl-obj-j01udd-dfl-clu-00000b-dfl-sea-0001k9.png,assets/images/bayer-04-leverkusen/jeremiah-mensah.png,2025-2026,DFL-SEA-0001K9,,,,,,,,,,,,,,,,,
Bayer Leverkusen,DFL-CLU-00000L,https://assets.bundesliga.com/clublogos/DFL-SEA-0001K9/DFL-CLU-00000L.svg,assets/logos/bayer-04-leverkusen.svg,Jesper Thomason Schlich,DFL-OBJ-J01R4E,jesper-schlich,40,Goalkeeper,2007-07-12,182,70,DEU,https://assets.bundesliga.com/player/dfl-obj-j01r4e-dfl-clu-00000b-dfl-sea-0001k9.png,assets/images/bayer-04-leverkusen/jesper-schlich.png,2025-2026,DFL-SEA-0001K9,,,,,,,,,,,,,,,,,
Bayer Leverkusen,DFL-CLU-00000L,https://assets.bundesliga.com/clublogos/DFL-SEA-0001K9/DFL-CLU-00000L.svg,assets/logos/bayer-04-leverkusen.svg,Jonas Hofmann,DFL-OBJ-0001E5,jonas-hofmann-1,7,Midfielder,1992-07-14,176,72,DEU,https://assets.bundesliga.com/player/dfl-obj-0001e5-dfl-clu-00000b-dfl-sea-0001k9.png,assets/images/bayer-04-leverkusen/jonas-hofmann-1.png,2025-2026,DFL-SEA-0001K9,23,2,2,24,7,17,228,3,0,0,135.2,32.51,25,3,727,87,4
Bayer Leverkusen,DFL-CLU-00000L,https://assets.bundesliga.com/clublogos/DFL-SEA-0001K9/DFL-CLU-00000L.svg,assets/logos/bayer-04-leverkusen.svg,Jonas Hofmann,DFL-OBJ-0001E5,jonas-hofmann-1,7,Midfielder,1992-07-14,176,72,DEU,https://assets.bundesliga.com/player/dfl-obj-0001e5-dfl-clu-00000b-dfl-sea-0001k9.png,assets/images/bayer-04-leverkusen/jonas-hofmann-1.png,2024-2025,DFL-SEA-0001K8,11,2,1,9,5,4,113,1,0,0,49.9,31.91,2,1,230,27,1
Bayer Leverkusen,DFL-CLU-00000L,https://assets.bundesliga.com/clublogos/DFL-SEA-0001K9/DFL-CLU-00000L.svg,assets/logos/bayer-04-leverkusen.svg,Jonas Hofmann,DFL-OBJ-0001E5,jonas-hofmann-1,7,Midfielder,1992-07-14,176,72,DEU,https://assets.bundesliga.com/player/dfl-obj-0001e5-dfl-clu-00000b-dfl-sea-0001k9.png,assets/images/bayer-04-leverkusen/jonas-hofmann-1.png,2023-2024,DFL-SEA-0001K7,32,5,7,62,25,37,690,3,0,0,293.3,33.46,29,14,1759,129,5
Bayer Leverkusen,DFL-CLU-00000L,https://assets.bundesliga.com/clublogos/DFL-SEA-0001K9/DFL-CLU-00000L.svg,assets/logos/bayer-04-leverkusen.svg,Jonas Hofmann,DFL-OBJ-0001E5,jonas-hofmann-1,7,Midfielder,1992-07-14,176,72,DEU,https://assets.bundesliga.com/player/dfl-obj-0001e5-dfl-clu-00000b-dfl-sea-0001k9.png,assets/images/bayer-04-leverkusen/jonas-hofmann-1.png,2022-2023,DFL-SEA-0001K6,31,12,9,47,24,23,967,2,0,0,345.4,33.82,29,13,1864,190,12
Bayer Leverkusen,DFL-CLU-00000L,https://assets.bundesliga.com/clublogos/DFL-SEA-0001K9/DFL-CLU-00000L.svg,assets/logos/bayer-04-leverkusen.svg,Jonas Hofmann,DFL-OBJ-0001E5,jonas-hofmann-1,7,Midfielder,1992-07-14,176,72,DEU,https://assets.bundesliga.com/player/dfl-obj-0001e5-dfl-clu-00000b-dfl-sea-0001k9.png,assets/images/bayer-04-leverkusen/jonas-hofmann-1.png,2021-2022,DFL-SEA-0001K5,26,12,5,56,25,31,718,1,0,0,270.6,33.38,18,20,1591,176,5
Bayer Leverkusen,DFL-CLU-00000L,https://assets.bundesliga.com/clublogos/DFL-SEA-0001K9/DFL-CLU-00000L.svg,assets/logos/bayer-04-leverkusen.svg,Jonas Hofmann,DFL-OBJ-0001E5,jonas-hofmann-1,7,Midfielder,1992-07-14,176,72,DEU,https://assets.bundesliga.com/player/dfl-obj-0001e5-dfl-clu-00000b-dfl-sea-0001k9.png,assets/images/bayer-04-leverkusen/jonas-hofmann-1.png,2020-2021,DFL-SEA-0001K4,24,6,11,24,11,13,690,1,0,0,249.6,33.5,18,20,1306,162,12
Bayer Leverkusen,DFL-CLU-00000L,https://assets.bundesliga.com/clublogos/DFL-SEA-0001K9/DFL-CLU-00000L.svg,assets/logos/bayer-04-leverkusen.svg,Jonas Hofmann,DFL-OBJ-0001E5,jonas-hofmann-1,7,Midfielder,1992-07-14,176,72,DEU,https://assets.bundesliga.com/player/dfl-obj-0001e5-dfl-clu-00000b-dfl-sea-0001k9.png,assets/images/bayer-04-leverkusen/jonas-hofmann-1.png,2019-2020,DFL-SEA-0001K3,24,5,3,23,11,12,538,3,0,0,222.2,33.2,11,8,1098,182,5
Bayer Leverkusen,DFL-CLU-00000L,https://assets.bundesliga.com/clublogos/DFL-SEA-0001K9/DFL-CLU-00000L.svg,assets/logos/bayer-04-leverkusen.svg,Jonas Omlin,DFL-OBJ-J013RO,jonas-omlin,18,Goalkeeper,1994-01-10,190,85,CHE,https://assets.bundesliga.com/player/dfl-obj-j013ro-dfl-clu-00000b-dfl-sea-0001k9.png,assets/images/bayer-04-leverkusen/jonas-omlin.png,2024-2025,DFL-SEA-0001K8,12,0,0,0,0,0,4,0,0,0,56.3,26.7,0,1,586,0,0
Bayer Leverkusen,DFL-CLU-00000L,https://assets.bundesliga.com/clublogos/DFL-SEA-0001K9/DFL-CLU-00000L.svg,assets/logos/bayer-04-leverkusen.svg,Jonas Omlin,DFL-OBJ-J013RO,jonas-omlin,18,Goalkeeper,1994-01-10,190,85,CHE,https://assets.bundesliga.com/player/dfl-obj-j013ro-dfl-clu-00000b-dfl-sea-0001k9.png,assets/images/bayer-04-leverkusen/jonas-omlin.png,2023-2024,DFL-SEA-0001K7,7,0,1,0,0,0,6,1,0,0,36.8,30.89,0,0,330,0,0
Bayer Leverkusen,DFL-CLU-00000L,https://assets.bundesliga.com/clublogos/DFL-SEA-0001K9/DFL-CLU-00000L.svg,assets/logos/bayer-04-leverkusen.svg,Jonas Omlin,DFL-OBJ-J013RO,jonas-omlin,18,Goalkeeper,1994-01-10,190,85,CHE,https://assets.bundesliga.com/player/dfl-obj-j013ro-dfl-clu-00000b-dfl-sea-0001k9.png,assets/images/bayer-04-leverkusen/jonas-omlin.png,2022-2023,DFL-SEA-0001K6,15,0,0,0,0,0,12,0,0,0,76.2,31.37,0,0,832,0,0
Bayer Leverkusen,DFL-CLU-00000L,https://assets.bundesliga.com/clublogos/DFL-SEA-0001K9/DFL-CLU-00000L.svg,assets/logos/bayer-04-leverkusen.svg,Kasper Hjulmand,DFL-OBJ-J010M9,kasper-hjulmand,,Bayer Leverkusen,1972-04-09,0,,DNK,https://assets.bundesliga.com/person/dfl-obj-j010m9-dfl-clu-00000b-dfl-sea-0001k9.png,assets/images/bayer-04-leverkusen/kasper-hjulmand.png,2025-2026,DFL-SEA-0001K9,,,,,,,,,,,,,,,,,
Bayer Leverkusen,DFL-CLU-00000L,https://assets.bundesliga.com/clublogos/DFL-SEA-0001K9/DFL-CLU-00000L.svg,assets/logos/bayer-04-leverkusen.svg,Loïc Badé,DFL-OBJ-J01VW9,loic-bade,5,Defender,2000-04-11,191,82,"FRA , CIV",https://assets.bundesliga.com/player/dfl-obj-j01vw9-dfl-clu-00000b-dfl-sea-0001k9.png,assets/images/bayer-04-leverkusen/loic-bade.png,2025-2026,DFL-SEA-0001K9,23,0,0,11,4,7,190,5,0,0,202.4,32.95,4,10,1735,206,73
Bayer Leverkusen,DFL-CLU-00000L,https://assets.bundesliga.com/clublogos/DFL-SEA-0001K9/DFL-CLU-00000L.svg,assets/logos/bayer-04-leverkusen.svg,Lucas Vázquez Iglesias,DFL-OBJ-J0164X,lucas-vazquez,21,Defender,1991-07-01,173,70,ESP,https://assets.bundesliga.com/player/dfl-obj-j0164x-dfl-clu-00000b-dfl-sea-0001k9.png,assets/images/bayer-04-leverkusen/lucas-vazquez.png,2025-2026,DFL-SEA-0001K9,12,1,2,4,1,3,100,2,0,0,64.5,32.34,17,6,362,46,5
Bayer Leverkusen,DFL-CLU-00000L,https://assets.bundesliga.com/clublogos/DFL-SEA-0001K9/DFL-CLU-00000L.svg,assets/logos/bayer-04-leverkusen.svg,Malik Leon Tillman,DFL-OBJ-002GCU,malik-tillman,10,Midfielder,2002-05-28,187,71,"USA , DEU",https://assets.bundesliga.com/player/dfl-obj-002gcu-dfl-clu-00000b-dfl-sea-0001k9.png,assets/images/bayer-04-leverkusen/malik-tillman.png,2025-2026,DFL-SEA-0001K9,29,6,0,34,14,20,328,2,0,0,215.2,32.72,10,19,1158,237,25
Bayer Leverkusen,DFL-CLU-00000L,https://assets.bundesliga.com/clublogos/DFL-SEA-0001K9/DFL-CLU-00000L.svg,assets/logos/bayer-04-leverkusen.svg,Malik Leon Tillman,DFL-OBJ-002GCU,malik-tillman,10,Midfielder,2002-05-28,187,71,"USA , DEU",https://assets.bundesliga.com/player/dfl-obj-002gcu-dfl-clu-00000b-dfl-sea-0001k9.png,assets/images/bayer-04-leverkusen/malik-tillman.png,2021-2022,DFL-SEA-0001K5,4,0,0,1,1,0,54,0,0,0,14.2,31.73,0,4,71,13,3
Bayer Leverkusen,DFL-CLU-00000L,https://assets.bundesliga.com/clublogos/DFL-SEA-0001K9/DFL-CLU-00000L.svg,assets/logos/bayer-04-leverkusen.svg,Mark Maria Hubertus Flekken,DFL-OBJ-0027R7,mark-flekken,1,Goalkeeper,1993-06-13,194,87,NLD,https://assets.bundesliga.com/player/dfl-obj-0027r7-dfl-clu-00000b-dfl-sea-0001k9.png,assets/images/bayer-04-leverkusen/mark-flekken.png,2025-2026,DFL-SEA-0001K9,24,0,0,0,0,0,5,1,0,0,95.7,27.08,0,0,988,0,0
Bayer Leverkusen,DFL-CLU-00000L,https://assets.bundesliga.com/clublogos/DFL-SEA-0001K9/DFL-CLU-00000L.svg,assets/logos/bayer-04-leverkusen.svg,Mark Maria Hubertus Flekken,DFL-OBJ-0027R7,mark-flekken,1,Goalkeeper,1993-06-13,194,87,NLD,https://assets.bundesliga.com/player/dfl-obj-0027r7-dfl-clu-00000b-dfl-sea-0001k9.png,assets/images/bayer-04-leverkusen/mark-flekken.png,2022-2023,DFL-SEA-0001K6,34,0,0,0,0,0,11,0,0,0,140.8,26.14,0,0,1705,0,0
Bayer Leverkusen,DFL-CLU-00000L,https://assets.bundesliga.com/clublogos/DFL-SEA-0001K9/DFL-CLU-00000L.svg,assets/logos/bayer-04-leverkusen.svg,Mark Maria Hubertus Flekken,DFL-OBJ-0027R7,mark-flekken,1,Goalkeeper,1993-06-13,194,87,NLD,https://assets.bundesliga.com/player/dfl-obj-0027r7-dfl-clu-00000b-dfl-sea-0001k9.png,assets/images/bayer-04-leverkusen/mark-flekken.png,2021-2022,DFL-SEA-0001K5,32,0,0,0,0,0,12,0,0,0,161.5,27.85,0,0,1530,0,0
Bayer Leverkusen,DFL-CLU-00000L,https://assets.bundesliga.com/clublogos/DFL-SEA-0001K9/DFL-CLU-00000L.svg,assets/logos/bayer-04-leverkusen.svg,Mark Maria Hubertus Flekken,DFL-OBJ-0027R7,mark-flekken,1,Goalkeeper,1993-06-13,194,87,NLD,https://assets.bundesliga.com/player/dfl-obj-0027r7-dfl-clu-00000b-dfl-sea-0001k9.png,assets/images/bayer-04-leverkusen/mark-flekken.png,2020-2021,DFL-SEA-0001K4,3,0,0,0,0,0,0,0,0,0,14.9,22.3,0,0,148,0,0
Bayer Leverkusen,DFL-CLU-00000L,https://assets.bundesliga.com/clublogos/DFL-SEA-0001K9/DFL-CLU-00000L.svg,assets/logos/bayer-04-leverkusen.svg,Mark Maria Hubertus Flekken,DFL-OBJ-0027R7,mark-flekken,1,Goalkeeper,1993-06-13,194,87,NLD,https://assets.bundesliga.com/player/dfl-obj-0027r7-dfl-clu-00000b-dfl-sea-0001k9.png,assets/images/bayer-04-leverkusen/mark-flekken.png,2019-2020,DFL-SEA-0001K3,10,0,0,0,0,0,2,0,0,0,49.3,27.11,0,0,512,0,0
Bayer Leverkusen,DFL-CLU-00000L,https://assets.bundesliga.com/clublogos/DFL-SEA-0001K9/DFL-CLU-00000L.svg,assets/logos/bayer-04-leverkusen.svg,Martin Albert Frederic Terrier,DFL-OBJ-J01B7D,martin-terrier,11,Striker,1997-03-04,184,73,FRA,https://assets.bundesliga.com/player/dfl-obj-j01b7d-dfl-clu-00000b-dfl-sea-0001k9.png,assets/images/bayer-04-leverkusen/martin-terrier.png,2025-2026,DFL-SEA-0001K9,18,4,1,17,5,12,158,1,0,0,89.2,32.92,5,1,339,68,6
Bayer Leverkusen,DFL-CLU-00000L,https://assets.bundesliga.com/clublogos/DFL-SEA-0001K9/DFL-CLU-00000L.svg,assets/logos/bayer-04-leverkusen.svg,Martin Albert Frederic Terrier,DFL-OBJ-J01B7D,martin-terrier,11,Striker,1997-03-04,184,73,FRA,https://assets.bundesliga.com/player/dfl-obj-j01b7d-dfl-clu-00000b-dfl-sea-0001k9.png,assets/images/bayer-04-leverkusen/martin-terrier.png,2024-2025,DFL-SEA-0001K8,15,2,1,17,7,10,203,1,0,0,75.9,33.05,2,2,264,57,10
Bayer Leverkusen,DFL-CLU-00000L,https://assets.bundesliga.com/clublogos/DFL-SEA-0001K9/DFL-CLU-00000L.svg,assets/logos/bayer-04-leverkusen.svg,Montrell Amare Culbreath,DFL-OBJ-J01QRR,montrell-culbreath,42,Striker,2007-08-29,172,,"DEU , USA",https://assets.bundesliga.com/player/dfl-obj-j01qrr-dfl-clu-00000b-dfl-sea-0001k9.png,assets/images/bayer-04-leverkusen/montrell-culbreath.png,2025-2026,DFL-SEA-0001K9,12,1,0,9,2,7,175,0,0,0,83.9,34.36,21,6,425,71,3
Bayer Leverkusen,DFL-CLU-00000L,https://assets.bundesliga.com/clublogos/DFL-SEA-0001K9/DFL-CLU-00000L.svg,assets/logos/bayer-04-leverkusen.svg,Naba Mensah,DFL-OBJ-J01NNW,naba-mensah,45,Midfielder,2007-05-08,172,63,"DEU , GHA",https://assets.bundesliga.com/player/dfl-obj-j01nnw-dfl-clu-00000b-dfl-sea-0001k9.png,assets/images/bayer-04-leverkusen/naba-mensah.png,2025-2026,DFL-SEA-0001K9,,,,,,,,,,,,,,,,,
Bayer Leverkusen,DFL-CLU-00000L,https://assets.bundesliga.com/clublogos/DFL-SEA-0001K9/DFL-CLU-00000L.svg,assets/logos/bayer-04-leverkusen.svg,Nathan Adewale Temitayo Tella,DFL-OBJ-J01XCM,nathan-tella,23,Striker,1999-07-05,173,68,"NGA , ENG",https://assets.bundesliga.com/player/dfl-obj-j01xcm-dfl-clu-00000b-dfl-sea-0001k9.png,assets/images/bayer-04-leverkusen/nathan-tella.png,2025-2026,DFL-SEA-0001K9,17,1,4,25,8,17,299,2,0,0,107.7,35.76,23,15,431,99,10
Bayer Leverkusen,DFL-CLU-00000L,https://assets.bundesliga.com/clublogos/DFL-SEA-0001K9/DFL-CLU-00000L.svg,assets/logos/bayer-04-leverkusen.svg,Nathan Adewale Temitayo Tella,DFL-OBJ-J01XCM,nathan-tella,23,Striker,1999-07-05,173,68,"NGA , ENG",https://assets.bundesliga.com/player/dfl-obj-j01xcm-dfl-clu-00000b-dfl-sea-0001k9.png,assets/images/bayer-04-leverkusen/nathan-tella.png,2024-2025,DFL-SEA-0001K8,27,2,4,28,11,17,640,1,0,0,173.5,34.4,18,22,562,147,11
Bayer Leverkusen,DFL-CLU-00000L,https://assets.bundesliga.com/clublogos/DFL-SEA-0001K9/DFL-CLU-00000L.svg,assets/logos/bayer-04-leverkusen.svg,Nathan Adewale Temitayo Tella,DFL-OBJ-J01XCM,nathan-tella,23,Striker,1999-07-05,173,68,"NGA , ENG",https://assets.bundesliga.com/player/dfl-obj-j01xcm-dfl-clu-00000b-dfl-sea-0001k9.png,assets/images/bayer-04-leverkusen/nathan-tella.png,2023-2024,DFL-SEA-0001K7,24,5,2,21,12,9,359,2,0,0,105.7,34.6,16,8,504,81,5
Bayer Leverkusen,DFL-CLU-00000L,https://assets.bundesliga.com/clublogos/DFL-SEA-0001K9/DFL-CLU-00000L.svg,assets/logos/bayer-04-leverkusen.svg,Niklas Uwe Bernd Lomb,DFL-OBJ-000177,niklas-lomb,36,Goalkeeper,1993-07-28,186,83,DEU,https://assets.bundesliga.com/player/dfl-obj-000177-dfl-clu-00000b-dfl-sea-0001k9.png,assets/images/bayer-04-leverkusen/niklas-lomb.png,2020-2021,DFL-SEA-0001K4,2,0,0,0,0,0,0,0,0,0,5.9,21.99,0,0,72,0,0
Bayer Leverkusen,DFL-CLU-00000L,https://assets.bundesliga.com/clublogos/DFL-SEA-0001K9/DFL-CLU-00000L.svg,assets/logos/bayer-04-leverkusen.svg,Patrik Schick,DFL-OBJ-002G6U,patrik-schick,14,Striker,1996-01-24,191,87,CZE,https://assets.bundesliga.com/player/dfl-obj-002g6u-dfl-clu-00000b-dfl-sea-0001k9.png,assets/images/bayer-04-leverkusen/patrik-schick.png,2025-2026,DFL-SEA-0001K9,28,16,3,71,34,37,234,2,0,0,240.1,33.35,0,19,667,197,71
Bayer Leverkusen,DFL-CLU-00000L,https://assets.bundesliga.com/clublogos/DFL-SEA-0001K9/DFL-CLU-00000L.svg,assets/logos/bayer-04-leverkusen.svg,Patrik Schick,DFL-OBJ-002G6U,patrik-schick,14,Striker,1996-01-24,191,87,CZE,https://assets.bundesliga.com/player/dfl-obj-002g6u-dfl-clu-00000b-dfl-sea-0001k9.png,assets/images/bayer-04-leverkusen/patrik-schick.png,2024-2025,DFL-SEA-0001K8,31,21,0,65,34,31,343,4,0,0,211.8,33.31,0,25,592,161,57
Bayer Leverkusen,DFL-CLU-00000L,https://assets.bundesliga.com/clublogos/DFL-SEA-0001K9/DFL-CLU-00000L.svg,assets/logos/bayer-04-leverkusen.svg,Patrik Schick,DFL-OBJ-002G6U,patrik-schick,14,Striker,1996-01-24,191,87,CZE,https://assets.bundesliga.com/player/dfl-obj-002g6u-dfl-clu-00000b-dfl-sea-0001k9.png,assets/images/bayer-04-leverkusen/patrik-schick.png,2023-2024,DFL-SEA-0001K7,20,7,0,39,13,26,229,1,0,0,129.7,32.89,0,9,383,105,31
Bayer Leverkusen,DFL-CLU-00000L,https://assets.bundesliga.com/clublogos/DFL-SEA-0001K9/DFL-CLU-00000L.svg,assets/logos/bayer-04-leverkusen.svg,Patrik Schick,DFL-OBJ-002G6U,patrik-schick,14,Striker,1996-01-24,191,87,CZE,https://assets.bundesliga.com/player/dfl-obj-002g6u-dfl-clu-00000b-dfl-sea-0001k9.png,assets/images/bayer-04-leverkusen/patrik-schick.png,2022-2023,DFL-SEA-0001K6,14,3,1,31,14,17,201,0,0,0,108.3,34.57,2,5,371,110,38
Bayer Leverkusen,DFL-CLU-00000L,https://assets.bundesliga.com/clublogos/DFL-SEA-0001K9/DFL-CLU-00000L.svg,assets/logos/bayer-04-leverkusen.svg,Patrik Schick,DFL-OBJ-002G6U,patrik-schick,14,Striker,1996-01-24,191,87,CZE,https://assets.bundesliga.com/player/dfl-obj-002g6u-dfl-clu-00000b-dfl-sea-0001k9.png,assets/images/bayer-04-leverkusen/patrik-schick.png,2021-2022,DFL-SEA-0001K5,27,24,3,89,44,45,527,0,0,0,229.1,34.36,2,12,713,182,71
Bayer Leverkusen,DFL-CLU-00000L,https://assets.bundesliga.com/clublogos/DFL-SEA-0001K9/DFL-CLU-00000L.svg,assets/logos/bayer-04-leverkusen.svg,Patrik Schick,DFL-OBJ-002G6U,patrik-schick,14,Striker,1996-01-24,191,87,CZE,https://assets.bundesliga.com/player/dfl-obj-002g6u-dfl-clu-00000b-dfl-sea-0001k9.png,assets/images/bayer-04-leverkusen/patrik-schick.png,2020-2021,DFL-SEA-0001K4,29,9,1,56,23,33,473,4,0,0,213.1,33.63,0,26,655,204,87
Bayer Leverkusen,DFL-CLU-00000L,https://assets.bundesliga.com/clublogos/DFL-SEA-0001K9/DFL-CLU-00000L.svg,assets/logos/bayer-04-leverkusen.svg,Patrik Schick,DFL-OBJ-002G6U,patrik-schick,14,Striker,1996-01-24,191,87,CZE,https://assets.bundesliga.com/player/dfl-obj-002g6u-dfl-clu-00000b-dfl-sea-0001k9.png,assets/images/bayer-04-leverkusen/patrik-schick.png,2019-2020,DFL-SEA-0001K3,22,10,2,48,22,26,383,3,0,0,158.8,33.08,1,15,535,157,60
Bayer Leverkusen,DFL-CLU-00000L,https://assets.bundesliga.com/clublogos/DFL-SEA-0001K9/DFL-CLU-00000L.svg,assets/logos/bayer-04-leverkusen.svg,Robert Andrich,DFL-OBJ-0001EW,robert-andrich,8,Midfielder,1994-09-22,186,85,DEU,https://assets.bundesliga.com/player/dfl-obj-0001ew-dfl-clu-00000b-dfl-sea-0001k9.png,assets/images/bayer-04-leverkusen/robert-andrich.png,2025-2026,DFL-SEA-0001K9,32,2,0,14,3,11,186,4,0,0,301.9,32.29,8,27,2230,225,51
Bayer Leverkusen,DFL-CLU-00000L,https://assets.bundesliga.com/clublogos/DFL-SEA-0001K9/DFL-CLU-00000L.svg,assets/logos/bayer-04-leverkusen.svg,Robert Andrich,DFL-OBJ-0001EW,robert-andrich,8,Midfielder,1994-09-22,186,85,DEU,https://assets.bundesliga.com/player/dfl-obj-0001ew-dfl-clu-00000b-dfl-sea-0001k9.png,assets/images/bayer-04-leverkusen/robert-andrich.png,2024-2025,DFL-SEA-0001K8,23,2,1,21,4,17,246,7,0,0,208.3,31.74,9,29,1143,134,28
Bayer Leverkusen,DFL-CLU-00000L,https://assets.bundesliga.com/clublogos/DFL-SEA-0001K9/DFL-CLU-00000L.svg,assets/logos/bayer-04-leverkusen.svg,Robert Andrich,DFL-OBJ-0001EW,robert-andrich,8,Midfielder,1994-09-22,186,85,DEU,https://assets.bundesliga.com/player/dfl-obj-0001ew-dfl-clu-00000b-dfl-sea-0001k9.png,assets/images/bayer-04-leverkusen/robert-andrich.png,2023-2024,DFL-SEA-0001K7,28,4,2,21,9,12,221,4,0,0,222.1,31.08,9,23,1669,154,31
Bayer Leverkusen,DFL-CLU-00000L,https://assets.bundesliga.com/clublogos/DFL-SEA-0001K9/DFL-CLU-00000L.svg,assets/logos/bayer-04-leverkusen.svg,Robert Andrich,DFL-OBJ-0001EW,robert-andrich,8,Midfielder,1994-09-22,186,85,DEU,https://assets.bundesliga.com/player/dfl-obj-0001ew-dfl-clu-00000b-dfl-sea-0001k9.png,assets/images/bayer-04-leverkusen/robert-andrich.png,2022-2023,DFL-SEA-0001K6,29,2,2,30,10,20,317,8,0,0,284.7,31.36,2,33,1774,249,72
Bayer Leverkusen,DFL-CLU-00000L,https://assets.bundesliga.com/clublogos/DFL-SEA-0001K9/DFL-CLU-00000L.svg,assets/logos/bayer-04-leverkusen.svg,Robert Andrich,DFL-OBJ-0001EW,robert-andrich,8,Midfielder,1994-09-22,186,85,DEU,https://assets.bundesliga.com/player/dfl-obj-0001ew-dfl-clu-00000b-dfl-sea-0001k9.png,assets/images/bayer-04-leverkusen/robert-andrich.png,2021-2022,DFL-SEA-0001K5,26,4,2,28,7,21,385,5,0,0,234.4,32.83,5,38,1272,191,40
Bayer Leverkusen,DFL-CLU-00000L,https://assets.bundesliga.com/clublogos/DFL-SEA-0001K9/DFL-CLU-00000L.svg,assets/logos/bayer-04-leverkusen.svg,Robert Andrich,DFL-OBJ-0001EW,robert-andrich,8,Midfielder,1994-09-22,186,85,DEU,https://assets.bundesliga.com/player/dfl-obj-0001ew-dfl-clu-00000b-dfl-sea-0001k9.png,assets/images/bayer-04-leverkusen/robert-andrich.png,2020-2021,DFL-SEA-0001K4,29,5,2,43,9,34,427,5,0,0,324.6,31.77,9,47,1830,339,56
Bayer Leverkusen,DFL-CLU-00000L,https://assets.bundesliga.com/clublogos/DFL-SEA-0001K9/DFL-CLU-00000L.svg,assets/logos/bayer-04-leverkusen.svg,Robert Andrich,DFL-OBJ-0001EW,robert-andrich,8,Midfielder,1994-09-22,186,85,DEU,https://assets.bundesliga.com/player/dfl-obj-0001ew-dfl-clu-00000b-dfl-sea-0001k9.png,assets/images/bayer-04-leverkusen/robert-andrich.png,2019-2020,DFL-SEA-0001K3,30,1,2,53,7,46,490,11,0,0,336.7,31.96,18,66,1589,326,62
Bayer Leverkusen,DFL-CLU-00000L,https://assets.bundesliga.com/clublogos/DFL-SEA-0001K9/DFL-CLU-00000L.svg,assets/logos/bayer-04-leverkusen.svg,Tim Oermann,DFL-OBJ-J01PEM,tim-oermann,15,Defender,2003-10-06,189,76,DEU,https://assets.bundesliga.com/player/dfl-obj-j01pem-dfl-clu-00000b-dfl-sea-0001k9.png,assets/images/bayer-04-leverkusen/tim-oermann.png,2025-2026,DFL-SEA-0001K9,2,0,0,0,0,0,7,0,0,0,3.5,31.47,0,0,18,3,1
Bayer Leverkusen,DFL-CLU-00000L,https://assets.bundesliga.com/clublogos/DFL-SEA-0001K9/DFL-CLU-00000L.svg,assets/logos/bayer-04-leverkusen.svg,Tim Oermann,DFL-OBJ-J01PEM,tim-oermann,15,Defender,2003-10-06,189,76,DEU,https://assets.bundesliga.com/player/dfl-obj-j01pem-dfl-clu-00000b-dfl-sea-0001k9.png,assets/images/bayer-04-leverkusen/tim-oermann.png,2024-2025,DFL-SEA-0001K8,29,0,2,9,0,9,489,0,0,0,246.1,35.97,7,15,1227,216,36
Bayer Leverkusen,DFL-CLU-00000L,https://assets.bundesliga.com/clublogos/DFL-SEA-0001K9/DFL-CLU-00000L.svg,assets/logos/bayer-04-leverkusen.svg,Tim Oermann,DFL-OBJ-J01PEM,tim-oermann,15,Defender,2003-10-06,189,76,DEU,https://assets.bundesliga.com/player/dfl-obj-j01pem-dfl-clu-00000b-dfl-sea-0001k9.png,assets/images/bayer-04-leverkusen/tim-oermann.png,2023-2024,DFL-SEA-0001K7,16,0,0,5,0,5,189,2,0,0,87.8,34.75,7,7,353,88,15
Bayer Leverkusen,DFL-CLU-00000L,https://assets.bundesliga.com/clublogos/DFL-SEA-0001K9/DFL-CLU-00000L.svg,assets/logos/bayer-04-leverkusen.svg,Tim Oermann,DFL-OBJ-J01PEM,tim-oermann,15,Defender,2003-10-06,189,76,DEU,https://assets.bundesliga.com/player/dfl-obj-j01pem-dfl-clu-00000b-dfl-sea-0001k9.png,assets/images/bayer-04-leverkusen/tim-oermann.png,2022-2023,DFL-SEA-0001K6,4,0,0,0,0,0,39,0,0,0,19.9,33.38,0,2,71,16,5
Borussia Dortmund,DFL-CLU-00000L,https://assets.bundesliga.com/clublogos/DFL-SEA-0001K9/DFL-CLU-00000L.svg,assets/logos/borussia-dortmund.svg,Alexander Niklas Meyer-Schade,DFL-OBJ-0028FC,alexander-meyer,33,Goalkeeper,1991-04-13,195,90,DEU,https://assets.bundesliga.com/player/dfl-obj-0028fc-dfl-clu-000007-dfl-sea-0001k9.png,assets/images/borussia-dortmund/alexander-meyer.png,2024-2025,DFL-SEA-0001K8,2,0,0,0,0,0,2,0,0,0,13.4,24.01,0,0,96,0,0
Borussia Dortmund,DFL-CLU-00000L,https://assets.bundesliga.com/clublogos/DFL-SEA-0001K9/DFL-CLU-00000L.svg,assets/logos/borussia-dortmund.svg,Alexander Niklas Meyer-Schade,DFL-OBJ-0028FC,alexander-meyer,33,Goalkeeper,1991-04-13,195,90,DEU,https://assets.bundesliga.com/player/dfl-obj-0028fc-dfl-clu-000007-dfl-sea-0001k9.png,assets/images/borussia-dortmund/alexander-meyer.png,2023-2024,DFL-SEA-0001K7,8,0,0,0,0,0,10,0,0,0,44.1,29.32,0,0,415,0,0
Borussia Dortmund,DFL-CLU-00000L,https://assets.bundesliga.com/clublogos/DFL-SEA-0001K9/DFL-CLU-00000L.svg,assets/logos/borussia-dortmund.svg,Alexander Niklas Meyer-Schade,DFL-OBJ-0028FC,alexander-meyer,33,Goalkeeper,1991-04-13,195,90,DEU,https://assets.bundesliga.com/player/dfl-obj-0028fc-dfl-clu-000007-dfl-sea-0001k9.png,assets/images/borussia-dortmund/alexander-meyer.png,2022-2023,DFL-SEA-0001K6,7,0,0,0,0,0,10,0,0,0,33.3,30.55,0,0,369,0,0
Borussia Dortmund,DFL-CLU-00000L,https://assets.bundesliga.com/clublogos/DFL-SEA-0001K9/DFL-CLU-00000L.svg,assets/logos/borussia-dortmund.svg,Almugera Raouf Mohammed Kabar,DFL-OBJ-J01K9X,almugera-kabar,42,Defender,2006-06-06,186,78,"DEU , LBY",https://assets.bundesliga.com/player/dfl-obj-j01k9x-dfl-clu-000007-dfl-sea-0001k9.png,assets/images/borussia-dortmund/almugera-kabar.png,2025-2026,DFL-SEA-0001K9,1,0,0,0,0,0,2,0,0,0,2.6,29.28,1,0,7,4,1
Borussia Dortmund,DFL-CLU-00000L,https://assets.bundesliga.com/clublogos/DFL-SEA-0001K9/DFL-CLU-00000L.svg,assets/logos/borussia-dortmund.svg,Almugera Raouf Mohammed Kabar,DFL-OBJ-J01K9X,almugera-kabar,42,Defender,2006-06-06,186,78,"DEU , LBY",https://assets.bundesliga.com/player/dfl-obj-j01k9x-dfl-clu-000007-dfl-sea-0001k9.png,assets/images/borussia-dortmund/almugera-kabar.png,2024-2025,DFL-SEA-0001K8,5,0,0,0,0,0,49,0,0,0,17.4,33.41,1,2,123,15,1
Borussia Dortmund,DFL-CLU-00000L,https://assets.bundesliga.com/clublogos/DFL-SEA-0001K9/DFL-CLU-00000L.svg,assets/logos/borussia-dortmund.svg,Carney Chibueze Chukwuemeka,DFL-OBJ-J01R3Q,carney-chukwuemeka,17,Midfielder,2003-10-20,187,77,"AUT , ENG , NGA",https://assets.bundesliga.com/player/dfl-obj-j01r3q-dfl-clu-000007-dfl-sea-0001k9.png,assets/images/borussia-dortmund/carney-chukwuemeka.png,2025-2026,DFL-SEA-0001K9,28,2,0,18,2,16,183,2,0,0,122.9,33.76,0,9,604,145,5
Borussia Dortmund,DFL-CLU-00000L,https://assets.bundesliga.com/clublogos/DFL-SEA-0001K9/DFL-CLU-00000L.svg,assets/logos/borussia-dortmund.svg,Carney Chibueze Chukwuemeka,DFL-OBJ-J01R3Q,carney-chukwuemeka,17,Midfielder,2003-10-20,187,77,"AUT , ENG , NGA",https://assets.bundesliga.com/player/dfl-obj-j01r3q-dfl-clu-000007-dfl-sea-0001k9.png,assets/images/borussia-dortmund/carney-chukwuemeka.png,2024-2025,DFL-SEA-0001K8,10,1,0,8,2,6,79,1,0,0,36.2,33.92,1,3,180,49,5
Borussia Dortmund,DFL-CLU-00000L,https://assets.bundesliga.com/clublogos/DFL-SEA-0001K9/DFL-CLU-00000L.svg,assets/logos/borussia-dortmund.svg,Daniel Jonathan Svensson,DFL-OBJ-J02324,daniel-svensson,24,Defender,2002-02-12,183,72,SWE,https://assets.bundesliga.com/player/dfl-obj-j02324-dfl-clu-000007-dfl-sea-0001k9.png,assets/images/borussia-dortmund/daniel-svensson.png,2025-2026,DFL-SEA-0001K9,33,2,2,13,5,8,582,0,0,0,341.9,33.12,50,28,1403,194,26
Borussia Dortmund,DFL-CLU-00000L,https://assets.bundesliga.com/clublogos/DFL-SEA-0001K9/DFL-CLU-00000L.svg,assets/logos/borussia-dortmund.svg,Daniel Jonathan Svensson,DFL-OBJ-J02324,daniel-svensson,24,Defender,2002-02-12,183,72,SWE,https://assets.bundesliga.com/player/dfl-obj-j02324-dfl-clu-000007-dfl-sea-0001k9.png,assets/images/borussia-dortmund/daniel-svensson.png,2024-2025,DFL-SEA-0001K8,12,1,3,6,2,4,325,0,0,0,111.4,33.31,13,5,601,59,4
Borussia Dortmund,DFL-CLU-00000L,https://assets.bundesliga.com/clublogos/DFL-SEA-0001K9/DFL-CLU-00000L.svg,assets/logos/borussia-dortmund.svg,Danylo Krevsun,DFL-OBJ-J01ZVQ,danylo-krevsun,45,Midfielder,2005-04-21,176,,UKR,https://assets.bundesliga.com/player/dfl-obj-j01zvq-dfl-clu-000007-dfl-sea-0001k9.png,assets/images/borussia-dortmund/danylo-krevsun.png,2025-2026,DFL-SEA-0001K9,,,,,,,,,,,,,,,,,
Borussia Dortmund,DFL-CLU-00000L,https://assets.bundesliga.com/clublogos/DFL-SEA-0001K9/DFL-CLU-00000L.svg,assets/logos/borussia-dortmund.svg,Elias Benkara,DFL-OBJ-J01NAC,elias-benkara,47,Defender,2007-04-29,193,80,"DEU , DZA",https://assets.bundesliga.com/player/dfl-obj-j01nac-dfl-clu-000007-dfl-sea-0001k9.png,assets/images/borussia-dortmund/elias-benkara.png,2025-2026,DFL-SEA-0001K9,,,,,,,,,,,,,,,,,
Borussia Dortmund,DFL-CLU-00000L,https://assets.bundesliga.com/clublogos/DFL-SEA-0001K9/DFL-CLU-00000L.svg,assets/logos/borussia-dortmund.svg,Emre Can,DFL-OBJ-00012T,emre-can,23,Midfielder,1994-01-12,186,86,"DEU , TUR",https://assets.bundesliga.com/player/dfl-obj-00012t-dfl-clu-000007-dfl-sea-0001k9.png,assets/images/borussia-dortmund/emre-can.png,2025-2026,DFL-SEA-0001K9,9,3,0,5,4,1,78,3,0,0,69.9,33.57,2,10,583,75,23
Borussia Dortmund,DFL-CLU-00000L,https://assets.bundesliga.com/clublogos/DFL-SEA-0001K9/DFL-CLU-00000L.svg,assets/logos/borussia-dortmund.svg,Emre Can,DFL-OBJ-00012T,emre-can,23,Midfielder,1994-01-12,186,86,"DEU , TUR",https://assets.bundesliga.com/player/dfl-obj-00012t-dfl-clu-000007-dfl-sea-0001k9.png,assets/images/borussia-dortmund/emre-can.png,2024-2025,DFL-SEA-0001K8,31,3,0,8,3,5,383,4,0,0,244.7,34.02,4,23,2237,235,47
Borussia Dortmund,DFL-CLU-00000L,https://assets.bundesliga.com/clublogos/DFL-SEA-0001K9/DFL-CLU-00000L.svg,assets/logos/borussia-dortmund.svg,Emre Can,DFL-OBJ-00012T,emre-can,23,Midfielder,1994-01-12,186,86,"DEU , TUR",https://assets.bundesliga.com/player/dfl-obj-00012t-dfl-clu-000007-dfl-sea-0001k9.png,assets/images/borussia-dortmund/emre-can.png,2023-2024,DFL-SEA-0001K7,25,2,2,17,3,14,361,5,0,0,223.1,35.15,2,26,1808,251,42
Borussia Dortmund,DFL-CLU-00000L,https://assets.bundesliga.com/clublogos/DFL-SEA-0001K9/DFL-CLU-00000L.svg,assets/logos/borussia-dortmund.svg,Emre Can,DFL-OBJ-00012T,emre-can,23,Midfielder,1994-01-12,186,86,"DEU , TUR",https://assets.bundesliga.com/player/dfl-obj-00012t-dfl-clu-000007-dfl-sea-0001k9.png,assets/images/borussia-dortmund/emre-can.png,2022-2023,DFL-SEA-0001K6,27,2,1,16,3,13,279,8,0,0,160,35.12,1,28,1560,239,66
Borussia Dortmund,DFL-CLU-00000L,https://assets.bundesliga.com/clublogos/DFL-SEA-0001K9/DFL-CLU-00000L.svg,assets/logos/borussia-dortmund.svg,Emre Can,DFL-OBJ-00012T,emre-can,23,Midfielder,1994-01-12,186,86,"DEU , TUR",https://assets.bundesliga.com/player/dfl-obj-00012t-dfl-clu-000007-dfl-sea-0001k9.png,assets/images/borussia-dortmund/emre-can.png,2021-2022,DFL-SEA-0001K5,24,5,1,10,6,4,364,5,0,0,198.8,35.96,2,31,1716,234,46
Borussia Dortmund,DFL-CLU-00000L,https://assets.bundesliga.com/clublogos/DFL-SEA-0001K9/DFL-CLU-00000L.svg,assets/logos/borussia-dortmund.svg,Emre Can,DFL-OBJ-00012T,emre-can,23,Midfielder,1994-01-12,186,86,"DEU , TUR",https://assets.bundesliga.com/player/dfl-obj-00012t-dfl-clu-000007-dfl-sea-0001k9.png,assets/images/borussia-dortmund/emre-can.png,2020-2021,DFL-SEA-0001K4,8,1,4,16,5,11,104,5,0,0,63.1,32.96,5,34,2148,308,58
Borussia Dortmund,DFL-CLU-00000L,https://assets.bundesliga.com/clublogos/DFL-SEA-0001K9/DFL-CLU-00000L.svg,assets/logos/borussia-dortmund.svg,Emre Can,DFL-OBJ-00012T,emre-can,23,Midfielder,1994-01-12,186,86,"DEU , TUR",https://assets.bundesliga.com/player/dfl-obj-00012t-dfl-clu-000007-dfl-sea-0001k9.png,assets/images/borussia-dortmund/emre-can.png,2019-2020,DFL-SEA-0001K3,12,2,0,15,5,10,169,5,0,0,110.7,34.04,2,13,886,138,19
Borussia Dortmund,DFL-CLU-00000L,https://assets.bundesliga.com/clublogos/DFL-SEA-0001K9/DFL-CLU-00000L.svg,assets/logos/borussia-dortmund.svg,Fabio Daniel Soares Silva,DFL-OBJ-J01DAB,fabio-silva,21,Striker,2002-07-19,185,75,PRT,https://assets.bundesliga.com/player/dfl-obj-j01dab-dfl-clu-000007-dfl-sea-0001k9.png,assets/images/borussia-dortmund/fabio-silva.png,2025-2026,DFL-SEA-0001K9,28,2,6,21,7,14,218,3,0,0,107.4,33.82,12,19,426,89,14
Borussia Dortmund,DFL-CLU-00000L,https://assets.bundesliga.com/clublogos/DFL-SEA-0001K9/DFL-CLU-00000L.svg,assets/logos/borussia-dortmund.svg,Felix Kalu Nmecha,DFL-OBJ-J01BSN,felix-nmecha,8,Midfielder,2000-10-10,190,73,"DEU , ENG",https://assets.bundesliga.com/player/dfl-obj-j01bsn-dfl-clu-000007-dfl-sea-0001k9.png,assets/images/borussia-dortmund/felix-nmecha.png,2025-2026,DFL-SEA-0001K9,29,2,3,33,7,26,404,0,0,0,276.7,34.86,3,27,1428,237,27
Borussia Dortmund,DFL-CLU-00000L,https://assets.bundesliga.com/clublogos/DFL-SEA-0001K9/DFL-CLU-00000L.svg,assets/logos/borussia-dortmund.svg,Felix Kalu Nmecha,DFL-OBJ-J01BSN,felix-nmecha,8,Midfielder,2000-10-10,190,73,"DEU , ENG",https://assets.bundesliga.com/player/dfl-obj-j01bsn-dfl-clu-000007-dfl-sea-0001k9.png,assets/images/borussia-dortmund/felix-nmecha.png,2024-2025,DFL-SEA-0001K8,26,4,1,16,6,10,336,3,0,0,194.8,35.36,4,22,1135,184,24
Borussia Dortmund,DFL-CLU-00000L,https://assets.bundesliga.com/clublogos/DFL-SEA-0001K9/DFL-CLU-00000L.svg,assets/logos/borussia-dortmund.svg,Felix Kalu Nmecha,DFL-OBJ-J01BSN,felix-nmecha,8,Midfielder,2000-10-10,190,73,"DEU , ENG",https://assets.bundesliga.com/player/dfl-obj-j01bsn-dfl-clu-000007-dfl-sea-0001k9.png,assets/images/borussia-dortmund/felix-nmecha.png,2023-2024,DFL-SEA-0001K7,20,1,2,23,3,20,282,3,0,0,125.8,34.73,1,9,644,133,24
Borussia Dortmund,DFL-CLU-00000L,https://assets.bundesliga.com/clublogos/DFL-SEA-0001K9/DFL-CLU-00000L.svg,assets/logos/borussia-dortmund.svg,Felix Kalu Nmecha,DFL-OBJ-J01BSN,felix-nmecha,8,Midfielder,2000-10-10,190,73,"DEU , ENG",https://assets.bundesliga.com/player/dfl-obj-j01bsn-dfl-clu-000007-dfl-sea-0001k9.png,assets/images/borussia-dortmund/felix-nmecha.png,2022-2023,DFL-SEA-0001K6,30,3,5,37,9,28,528,3,0,0,222,34.67,5,26,1027,266,58
Borussia Dortmund,DFL-CLU-00000L,https://assets.bundesliga.com/clublogos/DFL-SEA-0001K9/DFL-CLU-00000L.svg,assets/logos/borussia-dortmund.svg,Felix Kalu Nmecha,DFL-OBJ-J01BSN,felix-nmecha,8,Midfielder,2000-10-10,190,73,"DEU , ENG",https://assets.bundesliga.com/player/dfl-obj-j01bsn-dfl-clu-000007-dfl-sea-0001k9.png,assets/images/borussia-dortmund/felix-nmecha.png,2021-2022,DFL-SEA-0001K5,16,0,0,8,6,2,116,2,0,0,43.3,32.6,3,7,202,55,13
Borussia Dortmund,DFL-CLU-00000L,https://assets.bundesliga.com/clublogos/DFL-SEA-0001K9/DFL-CLU-00000L.svg,assets/logos/borussia-dortmund.svg,Filippo Calixte Mané,DFL-OBJ-J01NWR,filippo-mane,39,Defender,2005-03-08,188,78,"ITA , SEN",https://assets.bundesliga.com/player/dfl-obj-j01nwr-dfl-clu-000007-dfl-sea-0001k9.png,assets/images/borussia-dortmund/filippo-mane.png,2025-2026,DFL-SEA-0001K9,4,0,0,0,0,0,20,0,0,0,14.8,32.54,1,1,126,8,1
Borussia Dortmund,DFL-CLU-00000L,https://assets.bundesliga.com/clublogos/DFL-SEA-0001K9/DFL-CLU-00000L.svg,assets/logos/borussia-dortmund.svg,Gregor Kobel,DFL-OBJ-0027BL,gregor-kobel,1,Goalkeeper,1997-12-06,195,88,CHE,https://assets.bundesliga.com/player/dfl-obj-0027bl-dfl-clu-000007-dfl-sea-0001k9.png,assets/images/borussia-dortmund/gregor-kobel.png,2025-2026,DFL-SEA-0001K9,34,0,0,0,0,0,15,3,0,0,192.5,28.73,0,0,1414,0,0
Borussia Dortmund,DFL-CLU-00000L,https://assets.bundesliga.com/clublogos/DFL-SEA-0001K9/DFL-CLU-00000L.svg,assets/logos/borussia-dortmund.svg,Gregor Kobel,DFL-OBJ-0027BL,gregor-kobel,1,Goalkeeper,1997-12-06,195,88,CHE,https://assets.bundesliga.com/player/dfl-obj-0027bl-dfl-clu-000007-dfl-sea-0001k9.png,assets/images/borussia-dortmund/gregor-kobel.png,2024-2025,DFL-SEA-0001K8,32,0,0,0,0,0,14,1,0,0,180.6,29.31,0,0,1433,0,0
Borussia Dortmund,DFL-CLU-00000L,https://assets.bundesliga.com/clublogos/DFL-SEA-0001K9/DFL-CLU-00000L.svg,assets/logos/borussia-dortmund.svg,Gregor Kobel,DFL-OBJ-0027BL,gregor-kobel,1,Goalkeeper,1997-12-06,195,88,CHE,https://assets.bundesliga.com/player/dfl-obj-0027bl-dfl-clu-000007-dfl-sea-0001k9.png,assets/images/borussia-dortmund/gregor-kobel.png,2023-2024,DFL-SEA-0001K7,27,0,0,0,0,0,12,1,0,0,140.6,28.77,0,2,1329,0,0
Borussia Dortmund,DFL-CLU-00000L,https://assets.bundesliga.com/clublogos/DFL-SEA-0001K9/DFL-CLU-00000L.svg,assets/logos/borussia-dortmund.svg,Gregor Kobel,DFL-OBJ-0027BL,gregor-kobel,1,Goalkeeper,1997-12-06,195,88,CHE,https://assets.bundesliga.com/player/dfl-obj-0027bl-dfl-clu-000007-dfl-sea-0001k9.png,assets/images/borussia-dortmund/gregor-kobel.png,2022-2023,DFL-SEA-0001K6,27,0,0,0,0,0,10,0,0,0,111.6,30.65,0,0,1212,0,0
Borussia Dortmund,DFL-CLU-00000L,https://assets.bundesliga.com/clublogos/DFL-SEA-0001K9/DFL-CLU-00000L.svg,assets/logos/borussia-dortmund.svg,Gregor Kobel,DFL-OBJ-0027BL,gregor-kobel,1,Goalkeeper,1997-12-06,195,88,CHE,https://assets.bundesliga.com/player/dfl-obj-0027bl-dfl-clu-000007-dfl-sea-0001k9.png,assets/images/borussia-dortmund/gregor-kobel.png,2021-2022,DFL-SEA-0001K5,29,0,0,0,0,0,19,0,0,0,159.7,28.91,0,1,1207,0,0
Borussia Dortmund,DFL-CLU-00000L,https://assets.bundesliga.com/clublogos/DFL-SEA-0001K9/DFL-CLU-00000L.svg,assets/logos/borussia-dortmund.svg,Gregor Kobel,DFL-OBJ-0027BL,gregor-kobel,1,Goalkeeper,1997-12-06,195,88,CHE,https://assets.bundesliga.com/player/dfl-obj-0027bl-dfl-clu-000007-dfl-sea-0001k9.png,assets/images/borussia-dortmund/gregor-kobel.png,2020-2021,DFL-SEA-0001K4,33,0,0,0,0,0,14,0,0,0,181.5,28.69,0,0,1455,0,0
Borussia Dortmund,DFL-CLU-00000L,https://assets.bundesliga.com/clublogos/DFL-SEA-0001K9/DFL-CLU-00000L.svg,assets/logos/borussia-dortmund.svg,Jobe Samuel Patrick Bellingham,DFL-OBJ-J01UP1,jobe-bellingham,7,Midfielder,2005-09-23,191,75,"ENG , IRL",https://assets.bundesliga.com/player/dfl-obj-j01up1-dfl-clu-000007-dfl-sea-0001k9.png,assets/images/borussia-dortmund/jobe-bellingham.png,2025-2026,DFL-SEA-0001K9,32,0,1,19,6,13,282,2,0,0,232.5,33.06,2,14,1355,235,29
Borussia Dortmund,DFL-CLU-00000L,https://assets.bundesliga.com/clublogos/DFL-SEA-0001K9/DFL-CLU-00000L.svg,assets/logos/borussia-dortmund.svg,Julian Brandt,DFL-OBJ-000280,julian-brandt,10,Midfielder,1996-05-02,185,83,DEU,https://assets.bundesliga.com/player/dfl-obj-000280-dfl-clu-000007-dfl-sea-0001k9.png,assets/images/borussia-dortmund/julian-brandt.png,2025-2026,DFL-SEA-0001K9,29,7,4,37,17,20,310,0,0,0,207.4,33.2,17,8,996,124,18
Borussia Dortmund,DFL-CLU-00000L,https://assets.bundesliga.com/clublogos/DFL-SEA-0001K9/DFL-CLU-00000L.svg,assets/logos/borussia-dortmund.svg,Julian Brandt,DFL-OBJ-000280,julian-brandt,10,Midfielder,1996-05-02,185,83,DEU,https://assets.bundesliga.com/player/dfl-obj-000280-dfl-clu-000007-dfl-sea-0001k9.png,assets/images/borussia-dortmund/julian-brandt.png,2024-2025,DFL-SEA-0001K8,30,5,10,45,15,30,713,1,0,0,295.2,34.31,40,7,1520,184,15
Borussia Dortmund,DFL-CLU-00000L,https://assets.bundesliga.com/clublogos/DFL-SEA-0001K9/DFL-CLU-00000L.svg,assets/logos/borussia-dortmund.svg,Julian Brandt,DFL-OBJ-000280,julian-brandt,10,Midfielder,1996-05-02,185,83,DEU,https://assets.bundesliga.com/player/dfl-obj-000280-dfl-clu-000007-dfl-sea-0001k9.png,assets/images/borussia-dortmund/julian-brandt.png,2023-2024,DFL-SEA-0001K7,32,7,11,34,16,18,637,2,0,0,273.9,32.88,31,8,1604,169,8
Borussia Dortmund,DFL-CLU-00000L,https://assets.bundesliga.com/clublogos/DFL-SEA-0001K9/DFL-CLU-00000L.svg,assets/logos/borussia-dortmund.svg,Julian Brandt,DFL-OBJ-000280,julian-brandt,10,Midfielder,1996-05-02,185,83,DEU,https://assets.bundesliga.com/player/dfl-obj-000280-dfl-clu-000007-dfl-sea-0001k9.png,assets/images/borussia-dortmund/julian-brandt.png,2022-2023,DFL-SEA-0001K6,32,9,8,45,25,20,597,2,0,0,229.3,33.34,54,6,1725,236,22
Borussia Dortmund,DFL-CLU-00000L,https://assets.bundesliga.com/clublogos/DFL-SEA-0001K9/DFL-CLU-00000L.svg,assets/logos/borussia-dortmund.svg,Julian Brandt,DFL-OBJ-000280,julian-brandt,10,Midfielder,1996-05-02,185,83,DEU,https://assets.bundesliga.com/player/dfl-obj-000280-dfl-clu-000007-dfl-sea-0001k9.png,assets/images/borussia-dortmund/julian-brandt.png,2021-2022,DFL-SEA-0001K5,31,9,8,33,16,17,641,3,0,0,268.4,32.39,36,11,1646,207,17
Borussia Dortmund,DFL-CLU-00000L,https://assets.bundesliga.com/clublogos/DFL-SEA-0001K9/DFL-CLU-00000L.svg,assets/logos/borussia-dortmund.svg,Julian Brandt,DFL-OBJ-000280,julian-brandt,10,Midfielder,1996-05-02,185,83,DEU,https://assets.bundesliga.com/player/dfl-obj-000280-dfl-clu-000007-dfl-sea-0001k9.png,assets/images/borussia-dortmund/julian-brandt.png,2020-2021,DFL-SEA-0001K4,7,3,2,23,10,13,80,0,0,0,32.5,32.08,15,5,1175,162,9
Borussia Dortmund,DFL-CLU-00000L,https://assets.bundesliga.com/clublogos/DFL-SEA-0001K9/DFL-CLU-00000L.svg,assets/logos/borussia-dortmund.svg,Julian Brandt,DFL-OBJ-000280,julian-brandt,10,Midfielder,1996-05-02,185,83,DEU,https://assets.bundesliga.com/player/dfl-obj-000280-dfl-clu-000007-dfl-sea-0001k9.png,assets/images/borussia-dortmund/julian-brandt.png,2019-2020,DFL-SEA-0001K3,33,3,7,33,16,17,553,0,0,0,290.3,33.15,17,9,2038,297,23
Borussia Dortmund,DFL-CLU-00000L,https://assets.bundesliga.com/clublogos/DFL-SEA-0001K9/DFL-CLU-00000L.svg,assets/logos/borussia-dortmund.svg,Julian Ryerson,DFL-OBJ-0028RM,julian-ryerson,26,Defender,1997-11-17,183,86,"NOR , USA",https://assets.bundesliga.com/player/dfl-obj-0028rm-dfl-clu-000007-dfl-sea-0001k9.png,assets/images/borussia-dortmund/julian-ryerson.png,2025-2026,DFL-SEA-0001K9,31,0,15,13,2,11,381,8,0,0,288.3,33.33,118,24,1678,207,12
Borussia Dortmund,DFL-CLU-00000L,https://assets.bundesliga.com/clublogos/DFL-SEA-0001K9/DFL-CLU-00000L.svg,assets/logos/borussia-dortmund.svg,Julian Ryerson,DFL-OBJ-0028RM,julian-ryerson,26,Defender,1997-11-17,183,86,"NOR , USA",https://assets.bundesliga.com/player/dfl-obj-0028rm-dfl-clu-000007-dfl-sea-0001k9.png,assets/images/borussia-dortmund/julian-ryerson.png,2024-2025,DFL-SEA-0001K8,29,2,3,20,7,13,628,4,0,0,280.9,33.49,56,32,1769,196,13
Borussia Dortmund,DFL-CLU-00000L,https://assets.bundesliga.com/clublogos/DFL-SEA-0001K9/DFL-CLU-00000L.svg,assets/logos/borussia-dortmund.svg,Julian Ryerson,DFL-OBJ-0028RM,julian-ryerson,26,Defender,1997-11-17,183,86,"NOR , USA",https://assets.bundesliga.com/player/dfl-obj-0028rm-dfl-clu-000007-dfl-sea-0001k9.png,assets/images/borussia-dortmund/julian-ryerson.png,2023-2024,DFL-SEA-0001K7,21,4,1,18,8,10,478,3,0,0,214.2,33.27,30,18,1423,195,11
Borussia Dortmund,DFL-CLU-00000L,https://assets.bundesliga.com/clublogos/DFL-SEA-0001K9/DFL-CLU-00000L.svg,assets/logos/borussia-dortmund.svg,Julian Ryerson,DFL-OBJ-0028RM,julian-ryerson,26,Defender,1997-11-17,183,86,"NOR , USA",https://assets.bundesliga.com/player/dfl-obj-0028rm-dfl-clu-000007-dfl-sea-0001k9.png,assets/images/borussia-dortmund/julian-ryerson.png,2022-2023,DFL-SEA-0001K6,30,1,1,26,9,17,410,4,0,0,233,33.43,77,29,1885,272,30
Borussia Dortmund,DFL-CLU-00000L,https://assets.bundesliga.com/clublogos/DFL-SEA-0001K9/DFL-CLU-00000L.svg,assets/logos/borussia-dortmund.svg,Julian Ryerson,DFL-OBJ-0028RM,julian-ryerson,26,Defender,1997-11-17,183,86,"NOR , USA",https://assets.bundesliga.com/player/dfl-obj-0028rm-dfl-clu-000007-dfl-sea-0001k9.png,assets/images/borussia-dortmund/julian-ryerson.png,2021-2022,DFL-SEA-0001K5,28,2,0,15,6,9,303,3,0,0,194.4,33.04,36,10,859,146,23
Borussia Dortmund,DFL-CLU-00000L,https://assets.bundesliga.com/clublogos/DFL-SEA-0001K9/DFL-CLU-00000L.svg,assets/logos/borussia-dortmund.svg,Julian Ryerson,DFL-OBJ-0028RM,julian-ryerson,26,Defender,1997-11-17,183,86,"NOR , USA",https://assets.bundesliga.com/player/dfl-obj-0028rm-dfl-clu-000007-dfl-sea-0001k9.png,assets/images/borussia-dortmund/julian-ryerson.png,2020-2021,DFL-SEA-0001K4,24,0,1,6,0,6,205,2,0,0,135.7,32.34,26,11,710,132,16
Borussia Dortmund,DFL-CLU-00000L,https://assets.bundesliga.com/clublogos/DFL-SEA-0001K9/DFL-CLU-00000L.svg,assets/logos/borussia-dortmund.svg,Julian Ryerson,DFL-OBJ-0028RM,julian-ryerson,26,Defender,1997-11-17,183,86,"NOR , USA",https://assets.bundesliga.com/player/dfl-obj-0028rm-dfl-clu-000007-dfl-sea-0001k9.png,assets/images/borussia-dortmund/julian-ryerson.png,2019-2020,DFL-SEA-0001K3,14,0,0,1,0,1,84,2,0,0,51.7,31.47,5,8,235,48,7
Borussia Dortmund,DFL-CLU-00000L,https://assets.bundesliga.com/clublogos/DFL-SEA-0001K9/DFL-CLU-00000L.svg,assets/logos/borussia-dortmund.svg,Karim David Adeyemi,DFL-OBJ-J01E9X,karim-adeyemi,27,Striker,2002-01-18,180,75,"DEU , NGA",https://assets.bundesliga.com/player/dfl-obj-j01e9x-dfl-clu-000007-dfl-sea-0001k9.png,assets/images/borussia-dortmund/karim-adeyemi.png,2025-2026,DFL-SEA-0001K9,28,7,4,31,14,17,408,5,0,0,147.5,35.78,11,20,586,119,10
Borussia Dortmund,DFL-CLU-00000L,https://assets.bundesliga.com/clublogos/DFL-SEA-0001K9/DFL-CLU-00000L.svg,assets/logos/borussia-dortmund.svg,Karim David Adeyemi,DFL-OBJ-J01E9X,karim-adeyemi,27,Striker,2002-01-18,180,75,"DEU , NGA",https://assets.bundesliga.com/player/dfl-obj-j01e9x-dfl-clu-000007-dfl-sea-0001k9.png,assets/images/borussia-dortmund/karim-adeyemi.png,2024-2025,DFL-SEA-0001K8,25,7,6,45,18,27,530,4,0,0,171.5,36.18,19,26,699,165,10
Borussia Dortmund,DFL-CLU-00000L,https://assets.bundesliga.com/clublogos/DFL-SEA-0001K9/DFL-CLU-00000L.svg,assets/logos/borussia-dortmund.svg,Karim David Adeyemi,DFL-OBJ-J01E9X,karim-adeyemi,27,Striker,2002-01-18,180,75,"DEU , NGA",https://assets.bundesliga.com/player/dfl-obj-j01e9x-dfl-clu-000007-dfl-sea-0001k9.png,assets/images/borussia-dortmund/karim-adeyemi.png,2023-2024,DFL-SEA-0001K7,21,3,1,20,10,10,350,4,0,0,112.3,35.36,13,19,510,124,14
Borussia Dortmund,DFL-CLU-00000L,https://assets.bundesliga.com/clublogos/DFL-SEA-0001K9/DFL-CLU-00000L.svg,assets/logos/borussia-dortmund.svg,Karim David Adeyemi,DFL-OBJ-J01E9X,karim-adeyemi,27,Striker,2002-01-18,180,75,"DEU , NGA",https://assets.bundesliga.com/player/dfl-obj-j01e9x-dfl-clu-000007-dfl-sea-0001k9.png,assets/images/borussia-dortmund/karim-adeyemi.png,2022-2023,DFL-SEA-0001K6,24,6,5,39,15,24,423,9,0,0,116,36.65,13,21,749,171,9
Borussia Dortmund,DFL-CLU-00000L,https://assets.bundesliga.com/clublogos/DFL-SEA-0001K9/DFL-CLU-00000L.svg,assets/logos/borussia-dortmund.svg,Luca Reggiani,DFL-OBJ-J020ID,luca-reggiani,49,Defender,2008-01-09,186,,ITA,https://assets.bundesliga.com/player/dfl-obj-j020id-dfl-clu-000007-dfl-sea-0001k9.png,assets/images/borussia-dortmund/luca-reggiani.png,2025-2026,DFL-SEA-0001K9,8,1,0,3,1,2,85,2,0,0,63.4,32.4,1,4,455,49,13
Borussia Dortmund,DFL-CLU-00000L,https://assets.bundesliga.com/clublogos/DFL-SEA-0001K9/DFL-CLU-00000L.svg,assets/logos/borussia-dortmund.svg,Marcel Sabitzer,DFL-OBJ-002666,marcel-sabitzer,20,Midfielder,1994-03-17,178,76,AUT,https://assets.bundesliga.com/player/dfl-obj-002666-dfl-clu-000007-dfl-sea-0001k9.png,assets/images/borussia-dortmund/marcel-sabitzer.png,2025-2026,DFL-SEA-0001K9,26,1,2,20,5,15,304,3,0,0,232.4,33.49,28,19,1069,142,19
Borussia Dortmund,DFL-CLU-00000L,https://assets.bundesliga.com/clublogos/DFL-SEA-0001K9/DFL-CLU-00000L.svg,assets/logos/borussia-dortmund.svg,Marcel Sabitzer,DFL-OBJ-002666,marcel-sabitzer,20,Midfielder,1994-03-17,178,76,AUT,https://assets.bundesliga.com/player/dfl-obj-002666-dfl-clu-000007-dfl-sea-0001k9.png,assets/images/borussia-dortmund/marcel-sabitzer.png,2024-2025,DFL-SEA-0001K8,26,1,0,21,8,13,392,3,0,0,207.7,31.93,18,12,1077,118,14
Borussia Dortmund,DFL-CLU-00000L,https://assets.bundesliga.com/clublogos/DFL-SEA-0001K9/DFL-CLU-00000L.svg,assets/logos/borussia-dortmund.svg,Marcel Sabitzer,DFL-OBJ-002666,marcel-sabitzer,20,Midfielder,1994-03-17,178,76,AUT,https://assets.bundesliga.com/player/dfl-obj-002666-dfl-clu-000007-dfl-sea-0001k9.png,assets/images/borussia-dortmund/marcel-sabitzer.png,2023-2024,DFL-SEA-0001K7,25,4,3,49,22,27,527,3,0,0,235.2,33.51,11,15,1361,170,12
Borussia Dortmund,DFL-CLU-00000L,https://assets.bundesliga.com/clublogos/DFL-SEA-0001K9/DFL-CLU-00000L.svg,assets/logos/borussia-dortmund.svg,Marcel Sabitzer,DFL-OBJ-002666,marcel-sabitzer,20,Midfielder,1994-03-17,178,76,AUT,https://assets.bundesliga.com/player/dfl-obj-002666-dfl-clu-000007-dfl-sea-0001k9.png,assets/images/borussia-dortmund/marcel-sabitzer.png,2022-2023,DFL-SEA-0001K6,15,1,1,15,5,10,112,2,0,0,70.9,31.26,2,8,564,73,12
Borussia Dortmund,DFL-CLU-00000L,https://assets.bundesliga.com/clublogos/DFL-SEA-0001K9/DFL-CLU-00000L.svg,assets/logos/borussia-dortmund.svg,Marcel Sabitzer,DFL-OBJ-002666,marcel-sabitzer,20,Midfielder,1994-03-17,178,76,AUT,https://assets.bundesliga.com/player/dfl-obj-002666-dfl-clu-000007-dfl-sea-0001k9.png,assets/images/borussia-dortmund/marcel-sabitzer.png,2021-2022,DFL-SEA-0001K5,27,1,1,21,6,15,287,1,0,0,133.4,33,13,17,914,115,16
Borussia Dortmund,DFL-CLU-00000L,https://assets.bundesliga.com/clublogos/DFL-SEA-0001K9/DFL-CLU-00000L.svg,assets/logos/borussia-dortmund.svg,Marcel Sabitzer,DFL-OBJ-002666,marcel-sabitzer,20,Midfielder,1994-03-17,178,76,AUT,https://assets.bundesliga.com/player/dfl-obj-002666-dfl-clu-000007-dfl-sea-0001k9.png,assets/images/borussia-dortmund/marcel-sabitzer.png,2020-2021,DFL-SEA-0001K4,25,8,3,59,25,34,371,8,0,0,223.1,33.6,19,21,1669,217,21
Borussia Dortmund,DFL-CLU-00000L,https://assets.bundesliga.com/clublogos/DFL-SEA-0001K9/DFL-CLU-00000L.svg,assets/logos/borussia-dortmund.svg,Marcel Sabitzer,DFL-OBJ-002666,marcel-sabitzer,20,Midfielder,1994-03-17,178,76,AUT,https://assets.bundesliga.com/player/dfl-obj-002666-dfl-clu-000007-dfl-sea-0001k9.png,assets/images/borussia-dortmund/marcel-sabitzer.png,2019-2020,DFL-SEA-0001K3,32,9,7,70,25,45,662,4,0,0,320.1,34.48,66,18,1885,264,33
Borussia Dortmund,DFL-CLU-00000L,https://assets.bundesliga.com/clublogos/DFL-SEA-0001K9/DFL-CLU-00000L.svg,assets/logos/borussia-dortmund.svg,Mathis Albert,DFL-OBJ-J02212,mathis-albert,41,Striker,2009-05-21,175,,"DEU , USA",https://assets.bundesliga.com/player/dfl-obj-j02212-dfl-clu-000007-dfl-sea-0001k9.png,assets/images/borussia-dortmund/mathis-albert.png,2025-2026,DFL-SEA-0001K9,1,0,0,0,0,0,3,0,0,0,1,28.95,1,1,6,2,0
Borussia Dortmund,DFL-CLU-00000L,https://assets.bundesliga.com/clublogos/DFL-SEA-0001K9/DFL-CLU-00000L.svg,assets/logos/borussia-dortmund.svg,Maximilian Beier,DFL-OBJ-002G7P,maximilian-beier,14,Striker,2002-10-17,183,72,DEU,https://assets.bundesliga.com/player/dfl-obj-002g7p-dfl-clu-000007-dfl-sea-0001k9.png,assets/images/borussia-dortmund/maximilian-beier.png,2025-2026,DFL-SEA-0001K9,32,9,5,49,18,31,568,3,0,0,266.9,35.43,20,30,996,207,21
Borussia Dortmund,DFL-CLU-00000L,https://assets.bundesliga.com/clublogos/DFL-SEA-0001K9/DFL-CLU-00000L.svg,assets/logos/borussia-dortmund.svg,Maximilian Beier,DFL-OBJ-002G7P,maximilian-beier,14,Striker,2002-10-17,183,72,DEU,https://assets.bundesliga.com/player/dfl-obj-002g7p-dfl-clu-000007-dfl-sea-0001k9.png,assets/images/borussia-dortmund/maximilian-beier.png,2024-2025,DFL-SEA-0001K8,29,8,5,39,14,25,618,2,0,0,206.3,34.76,12,18,644,128,23
Borussia Dortmund,DFL-CLU-00000L,https://assets.bundesliga.com/clublogos/DFL-SEA-0001K9/DFL-CLU-00000L.svg,assets/logos/borussia-dortmund.svg,Maximilian Beier,DFL-OBJ-002G7P,maximilian-beier,14,Striker,2002-10-17,183,72,DEU,https://assets.bundesliga.com/player/dfl-obj-002g7p-dfl-clu-000007-dfl-sea-0001k9.png,assets/images/borussia-dortmund/maximilian-beier.png,2023-2024,DFL-SEA-0001K7,33,16,1,81,39,42,903,0,0,0,302.4,35.45,32,21,936,196,18
Borussia Dortmund,DFL-CLU-00000L,https://assets.bundesliga.com/clublogos/DFL-SEA-0001K9/DFL-CLU-00000L.svg,assets/logos/borussia-dortmund.svg,Maximilian Beier,DFL-OBJ-002G7P,maximilian-beier,14,Striker,2002-10-17,183,72,DEU,https://assets.bundesliga.com/player/dfl-obj-002g7p-dfl-clu-000007-dfl-sea-0001k9.png,assets/images/borussia-dortmund/maximilian-beier.png,2020-2021,DFL-SEA-0001K4,3,0,0,0,0,0,8,0,0,0,2.6,32.14,0,1,2,1,0
Borussia Dortmund,DFL-CLU-00000L,https://assets.bundesliga.com/clublogos/DFL-SEA-0001K9/DFL-CLU-00000L.svg,assets/logos/borussia-dortmund.svg,Maximilian Beier,DFL-OBJ-002G7P,maximilian-beier,14,Striker,2002-10-17,183,72,DEU,https://assets.bundesliga.com/player/dfl-obj-002g7p-dfl-clu-000007-dfl-sea-0001k9.png,assets/images/borussia-dortmund/maximilian-beier.png,2019-2020,DFL-SEA-0001K3,6,0,0,6,3,3,49,1,0,0,17.3,31.55,0,3,47,15,1
Borussia Dortmund,DFL-CLU-00000L,https://assets.bundesliga.com/clublogos/DFL-SEA-0001K9/DFL-CLU-00000L.svg,assets/logos/borussia-dortmund.svg,Mussa Kaba,DFL-OBJ-J021N7,mussa-kaba,48,Midfielder,2008-11-17,196,81,"DEU , GIN",https://assets.bundesliga.com/player/dfl-obj-j021n7-dfl-clu-000007-dfl-sea-0001k9.png,assets/images/borussia-dortmund/mussa-kaba.png,2025-2026,DFL-SEA-0001K9,,,,,,,,,,,,,,,,,
Borussia Dortmund,DFL-CLU-00000L,https://assets.bundesliga.com/clublogos/DFL-SEA-0001K9/DFL-CLU-00000L.svg,assets/logos/borussia-dortmund.svg,Nico Cedric Schlotterbeck,DFL-OBJ-0028T1,nico-schlotterbeck,4,Defender,1999-12-01,191,86,DEU,https://assets.bundesliga.com/player/dfl-obj-0028t1-dfl-clu-000007-dfl-sea-0001k9.png,assets/images/borussia-dortmund/nico-schlotterbeck.png,2025-2026,DFL-SEA-0001K9,28,5,1,32,7,25,259,8,0,0,292.7,34.8,15,27,2565,293,76
Borussia Dortmund,DFL-CLU-00000L,https://assets.bundesliga.com/clublogos/DFL-SEA-0001K9/DFL-CLU-00000L.svg,assets/logos/borussia-dortmund.svg,Nico Cedric Schlotterbeck,DFL-OBJ-0028T1,nico-schlotterbeck,4,Defender,1999-12-01,191,86,DEU,https://assets.bundesliga.com/player/dfl-obj-0028t1-dfl-clu-000007-dfl-sea-0001k9.png,assets/images/borussia-dortmund/nico-schlotterbeck.png,2024-2025,DFL-SEA-0001K8,23,0,4,16,4,12,281,5,0,0,215.3,32.73,5,17,2389,214,59
Borussia Dortmund,DFL-CLU-00000L,https://assets.bundesliga.com/clublogos/DFL-SEA-0001K9/DFL-CLU-00000L.svg,assets/logos/borussia-dortmund.svg,Nico Cedric Schlotterbeck,DFL-OBJ-0028T1,nico-schlotterbeck,4,Defender,1999-12-01,191,86,DEU,https://assets.bundesliga.com/player/dfl-obj-0028t1-dfl-clu-000007-dfl-sea-0001k9.png,assets/images/borussia-dortmund/nico-schlotterbeck.png,2023-2024,DFL-SEA-0001K7,33,2,1,22,5,17,420,4,0,0,286.3,33.4,5,16,3171,329,69
Borussia Dortmund,DFL-CLU-00000L,https://assets.bundesliga.com/clublogos/DFL-SEA-0001K9/DFL-CLU-00000L.svg,assets/logos/borussia-dortmund.svg,Nico Cedric Schlotterbeck,DFL-OBJ-0028T1,nico-schlotterbeck,4,Defender,1999-12-01,191,86,DEU,https://assets.bundesliga.com/player/dfl-obj-0028t1-dfl-clu-000007-dfl-sea-0001k9.png,assets/images/borussia-dortmund/nico-schlotterbeck.png,2022-2023,DFL-SEA-0001K6,28,4,5,20,6,14,277,3,0,0,185.3,33.99,5,16,2283,266,80
Borussia Dortmund,DFL-CLU-00000L,https://assets.bundesliga.com/clublogos/DFL-SEA-0001K9/DFL-CLU-00000L.svg,assets/logos/borussia-dortmund.svg,Nico Cedric Schlotterbeck,DFL-OBJ-0028T1,nico-schlotterbeck,4,Defender,1999-12-01,191,86,DEU,https://assets.bundesliga.com/player/dfl-obj-0028t1-dfl-clu-000007-dfl-sea-0001k9.png,assets/images/borussia-dortmund/nico-schlotterbeck.png,2021-2022,DFL-SEA-0001K5,32,4,1,38,18,20,491,5,0,0,294.3,33.59,8,32,2337,394,128
Borussia Dortmund,DFL-CLU-00000L,https://assets.bundesliga.com/clublogos/DFL-SEA-0001K9/DFL-CLU-00000L.svg,assets/logos/borussia-dortmund.svg,Nico Cedric Schlotterbeck,DFL-OBJ-0028T1,nico-schlotterbeck,4,Defender,1999-12-01,191,86,DEU,https://assets.bundesliga.com/player/dfl-obj-0028t1-dfl-clu-000007-dfl-sea-0001k9.png,assets/images/borussia-dortmund/nico-schlotterbeck.png,2020-2021,DFL-SEA-0001K4,17,1,0,22,8,14,234,2,0,0,156.8,33.53,5,22,1067,220,51
Borussia Dortmund,DFL-CLU-00000L,https://assets.bundesliga.com/clublogos/DFL-SEA-0001K9/DFL-CLU-00000L.svg,assets/logos/borussia-dortmund.svg,Nico Cedric Schlotterbeck,DFL-OBJ-0028T1,nico-schlotterbeck,4,Defender,1999-12-01,191,86,DEU,https://assets.bundesliga.com/player/dfl-obj-0028t1-dfl-clu-000007-dfl-sea-0001k9.png,assets/images/borussia-dortmund/nico-schlotterbeck.png,2019-2020,DFL-SEA-0001K3,13,0,0,3,1,2,70,0,0,0,42.9,32.98,2,6,263,63,26
Borussia Dortmund,DFL-CLU-00000L,https://assets.bundesliga.com/clublogos/DFL-SEA-0001K9/DFL-CLU-00000L.svg,assets/logos/borussia-dortmund.svg,Niklas Süle,DFL-OBJ-0001HT,niklas-sule,25,Defender,1995-09-03,195,91,DEU,https://assets.bundesliga.com/player/dfl-obj-0001ht-dfl-clu-000007-dfl-sea-0001k9.png,assets/images/borussia-dortmund/niklas-sule.png,2025-2026,DFL-SEA-0001K9,11,0,1,2,1,1,66,3,0,0,55.7,31.88,2,7,454,34,7
Borussia Dortmund,DFL-CLU-00000L,https://assets.bundesliga.com/clublogos/DFL-SEA-0001K9/DFL-CLU-00000L.svg,assets/logos/borussia-dortmund.svg,Niklas Süle,DFL-OBJ-0001HT,niklas-sule,25,Defender,1995-09-03,195,91,DEU,https://assets.bundesliga.com/player/dfl-obj-0001ht-dfl-clu-000007-dfl-sea-0001k9.png,assets/images/borussia-dortmund/niklas-sule.png,2024-2025,DFL-SEA-0001K8,15,0,0,10,2,8,160,1,0,0,117.9,33.73,1,5,1063,66,18
Borussia Dortmund,DFL-CLU-00000L,https://assets.bundesliga.com/clublogos/DFL-SEA-0001K9/DFL-CLU-00000L.svg,assets/logos/borussia-dortmund.svg,Niklas Süle,DFL-OBJ-0001HT,niklas-sule,25,Defender,1995-09-03,195,91,DEU,https://assets.bundesliga.com/player/dfl-obj-0001ht-dfl-clu-000007-dfl-sea-0001k9.png,assets/images/borussia-dortmund/niklas-sule.png,2023-2024,DFL-SEA-0001K7,23,1,0,5,1,4,195,0,0,0,139.9,33.87,2,10,1719,98,20
Borussia Dortmund,DFL-CLU-00000L,https://assets.bundesliga.com/clublogos/DFL-SEA-0001K9/DFL-CLU-00000L.svg,assets/logos/borussia-dortmund.svg,Niklas Süle,DFL-OBJ-0001HT,niklas-sule,25,Defender,1995-09-03,195,91,DEU,https://assets.bundesliga.com/player/dfl-obj-0001ht-dfl-clu-000007-dfl-sea-0001k9.png,assets/images/borussia-dortmund/niklas-sule.png,2022-2023,DFL-SEA-0001K6,29,2,3,32,8,24,305,2,0,0,186.9,34.59,14,8,2117,166,46
Borussia Dortmund,DFL-CLU-00000L,https://assets.bundesliga.com/clublogos/DFL-SEA-0001K9/DFL-CLU-00000L.svg,assets/logos/borussia-dortmund.svg,Niklas Süle,DFL-OBJ-0001HT,niklas-sule,25,Defender,1995-09-03,195,91,DEU,https://assets.bundesliga.com/player/dfl-obj-0001ht-dfl-clu-000007-dfl-sea-0001k9.png,assets/images/borussia-dortmund/niklas-sule.png,2021-2022,DFL-SEA-0001K5,28,1,2,16,7,9,349,2,0,0,216.1,33.66,6,10,1999,163,51
Borussia Dortmund,DFL-CLU-00000L,https://assets.bundesliga.com/clublogos/DFL-SEA-0001K9/DFL-CLU-00000L.svg,assets/logos/borussia-dortmund.svg,Niklas Süle,DFL-OBJ-0001HT,niklas-sule,25,Defender,1995-09-03,195,91,DEU,https://assets.bundesliga.com/player/dfl-obj-0001ht-dfl-clu-000007-dfl-sea-0001k9.png,assets/images/borussia-dortmund/niklas-sule.png,2020-2021,DFL-SEA-0001K4,20,1,0,21,4,17,303,1,0,0,174,34.05,8,9,1550,162,33
Borussia Dortmund,DFL-CLU-00000L,https://assets.bundesliga.com/clublogos/DFL-SEA-0001K9/DFL-CLU-00000L.svg,assets/logos/borussia-dortmund.svg,Niklas Süle,DFL-OBJ-0001HT,niklas-sule,25,Defender,1995-09-03,195,91,DEU,https://assets.bundesliga.com/player/dfl-obj-0001ht-dfl-clu-000007-dfl-sea-0001k9.png,assets/images/borussia-dortmund/niklas-sule.png,2019-2020,DFL-SEA-0001K3,8,0,1,6,1,5,102,1,0,0,69.8,33.18,1,6,701,50,17
Borussia Dortmund,DFL-CLU-00000L,https://assets.bundesliga.com/clublogos/DFL-SEA-0001K9/DFL-CLU-00000L.svg,assets/logos/borussia-dortmund.svg,Niko Kovač,DFL-OBJ-0026VU,niko-kovac,,Borussia Dortmund,1971-10-15,176,,"HRV , DEU",https://assets.bundesliga.com/person/dfl-obj-0026vu-dfl-clu-000007-dfl-sea-0001k9.png,assets/images/borussia-dortmund/niko-kovac.png,2025-2026,DFL-SEA-0001K9,,,,,,,,,,,,,,,,,
Borussia Dortmund,DFL-CLU-00000L,https://assets.bundesliga.com/clublogos/DFL-SEA-0001K9/DFL-CLU-00000L.svg,assets/logos/borussia-dortmund.svg,Patrick Drewes,DFL-OBJ-00018C,patrick-drewes,30,Goalkeeper,1993-02-04,194,90,DEU,https://assets.bundesliga.com/player/dfl-obj-00018c-dfl-clu-000007-dfl-sea-0001k9.png,assets/images/borussia-dortmund/patrick-drewes.png,2024-2025,DFL-SEA-0001K8,21,0,0,0,0,0,11,2,0,0,120.1,26.88,0,1,974,0,0
Borussia Dortmund,DFL-CLU-00000L,https://assets.bundesliga.com/clublogos/DFL-SEA-0001K9/DFL-CLU-00000L.svg,assets/logos/borussia-dortmund.svg,Ramy Bensebaini,DFL-OBJ-002G5S,ramy-bensebaini,5,Defender,1995-04-16,187,82,DZA,https://assets.bundesliga.com/player/dfl-obj-002g5s-dfl-clu-000007-dfl-sea-0001k9.png,assets/images/borussia-dortmund/ramy-bensebaini.png,2025-2026,DFL-SEA-0001K9,21,5,2,16,7,9,182,6,0,0,174.7,33.61,8,31,1520,169,44
Borussia Dortmund,DFL-CLU-00000L,https://assets.bundesliga.com/clublogos/DFL-SEA-0001K9/DFL-CLU-00000L.svg,assets/logos/borussia-dortmund.svg,Ramy Bensebaini,DFL-OBJ-002G5S,ramy-bensebaini,5,Defender,1995-04-16,187,82,DZA,https://assets.bundesliga.com/player/dfl-obj-002g5s-dfl-clu-000007-dfl-sea-0001k9.png,assets/images/borussia-dortmund/ramy-bensebaini.png,2024-2025,DFL-SEA-0001K8,31,1,6,21,2,19,480,6,0,0,232.9,33.85,11,28,1820,227,46
Borussia Dortmund,DFL-CLU-00000L,https://assets.bundesliga.com/clublogos/DFL-SEA-0001K9/DFL-CLU-00000L.svg,assets/logos/borussia-dortmund.svg,Ramy Bensebaini,DFL-OBJ-002G5S,ramy-bensebaini,5,Defender,1995-04-16,187,82,DZA,https://assets.bundesliga.com/player/dfl-obj-002g5s-dfl-clu-000007-dfl-sea-0001k9.png,assets/images/borussia-dortmund/ramy-bensebaini.png,2023-2024,DFL-SEA-0001K7,17,0,0,15,0,15,256,2,0,0,102.1,33.05,16,12,1066,163,22
Borussia Dortmund,DFL-CLU-00000L,https://assets.bundesliga.com/clublogos/DFL-SEA-0001K9/DFL-CLU-00000L.svg,assets/logos/borussia-dortmund.svg,Ramy Bensebaini,DFL-OBJ-002G5S,ramy-bensebaini,5,Defender,1995-04-16,187,82,DZA,https://assets.bundesliga.com/player/dfl-obj-002g5s-dfl-clu-000007-dfl-sea-0001k9.png,assets/images/borussia-dortmund/ramy-bensebaini.png,2022-2023,DFL-SEA-0001K6,28,6,1,42,15,27,624,5,0,0,271,34.48,20,25,1973,288,80
Borussia Dortmund,DFL-CLU-00000L,https://assets.bundesliga.com/clublogos/DFL-SEA-0001K9/DFL-CLU-00000L.svg,assets/logos/borussia-dortmund.svg,Ramy Bensebaini,DFL-OBJ-002G5S,ramy-bensebaini,5,Defender,1995-04-16,187,82,DZA,https://assets.bundesliga.com/player/dfl-obj-002g5s-dfl-clu-000007-dfl-sea-0001k9.png,assets/images/borussia-dortmund/ramy-bensebaini.png,2021-2022,DFL-SEA-0001K5,23,4,1,30,9,21,503,6,0,0,222.7,33.15,13,32,1731,283,67
Borussia Dortmund,DFL-CLU-00000L,https://assets.bundesliga.com/clublogos/DFL-SEA-0001K9/DFL-CLU-00000L.svg,assets/logos/borussia-dortmund.svg,Ramy Bensebaini,DFL-OBJ-002G5S,ramy-bensebaini,5,Defender,1995-04-16,187,82,DZA,https://assets.bundesliga.com/player/dfl-obj-002g5s-dfl-clu-000007-dfl-sea-0001k9.png,assets/images/borussia-dortmund/ramy-bensebaini.png,2020-2021,DFL-SEA-0001K4,25,4,0,21,8,13,486,7,0,0,212,33.7,9,37,1607,270,59
Borussia Dortmund,DFL-CLU-00000L,https://assets.bundesliga.com/clublogos/DFL-SEA-0001K9/DFL-CLU-00000L.svg,assets/logos/borussia-dortmund.svg,Ramy Bensebaini,DFL-OBJ-002G5S,ramy-bensebaini,5,Defender,1995-04-16,187,82,DZA,https://assets.bundesliga.com/player/dfl-obj-002g5s-dfl-clu-000007-dfl-sea-0001k9.png,assets/images/borussia-dortmund/ramy-bensebaini.png,2019-2020,DFL-SEA-0001K3,19,5,3,21,9,12,496,6,0,0,171.5,34.48,17,25,1196,204,50
Borussia Dortmund,DFL-CLU-00000L,https://assets.bundesliga.com/clublogos/DFL-SEA-0001K9/DFL-CLU-00000L.svg,assets/logos/borussia-dortmund.svg,Salih Özcan,DFL-OBJ-00278O,salih-ozcan,6,Midfielder,1998-01-11,182,74,"TUR , DEU",https://assets.bundesliga.com/player/dfl-obj-00278o-dfl-clu-000007-dfl-sea-0001k9.png,assets/images/borussia-dortmund/salih-ozcan.png,2025-2026,DFL-SEA-0001K9,11,0,0,1,0,1,21,0,0,0,15.7,30.86,0,1,110,14,7
Borussia Dortmund,DFL-CLU-00000L,https://assets.bundesliga.com/clublogos/DFL-SEA-0001K9/DFL-CLU-00000L.svg,assets/logos/borussia-dortmund.svg,Salih Özcan,DFL-OBJ-00278O,salih-ozcan,6,Midfielder,1998-01-11,182,74,"TUR , DEU",https://assets.bundesliga.com/player/dfl-obj-00278o-dfl-clu-000007-dfl-sea-0001k9.png,assets/images/borussia-dortmund/salih-ozcan.png,2024-2025,DFL-SEA-0001K8,22,0,0,6,2,4,159,0,0,0,95.2,31.91,2,15,601,85,21
Borussia Dortmund,DFL-CLU-00000L,https://assets.bundesliga.com/clublogos/DFL-SEA-0001K9/DFL-CLU-00000L.svg,assets/logos/borussia-dortmund.svg,Salih Özcan,DFL-OBJ-00278O,salih-ozcan,6,Midfielder,1998-01-11,182,74,"TUR , DEU",https://assets.bundesliga.com/player/dfl-obj-00278o-dfl-clu-000007-dfl-sea-0001k9.png,assets/images/borussia-dortmund/salih-ozcan.png,2023-2024,DFL-SEA-0001K7,23,0,0,5,2,3,216,3,0,0,130.6,32.29,1,21,973,121,22
Borussia Dortmund,DFL-CLU-00000L,https://assets.bundesliga.com/clublogos/DFL-SEA-0001K9/DFL-CLU-00000L.svg,assets/logos/borussia-dortmund.svg,Salih Özcan,DFL-OBJ-00278O,salih-ozcan,6,Midfielder,1998-01-11,182,74,"TUR , DEU",https://assets.bundesliga.com/player/dfl-obj-00278o-dfl-clu-000007-dfl-sea-0001k9.png,assets/images/borussia-dortmund/salih-ozcan.png,2022-2023,DFL-SEA-0001K6,26,0,1,3,1,2,198,6,0,0,134.9,33.39,2,26,1261,164,32
Borussia Dortmund,DFL-CLU-00000L,https://assets.bundesliga.com/clublogos/DFL-SEA-0001K9/DFL-CLU-00000L.svg,assets/logos/borussia-dortmund.svg,Salih Özcan,DFL-OBJ-00278O,salih-ozcan,6,Midfielder,1998-01-11,182,74,"TUR , DEU",https://assets.bundesliga.com/player/dfl-obj-00278o-dfl-clu-000007-dfl-sea-0001k9.png,assets/images/borussia-dortmund/salih-ozcan.png,2021-2022,DFL-SEA-0001K5,31,2,1,23,5,18,464,5,0,0,277.8,33.64,18,37,1844,327,72
Borussia Dortmund,DFL-CLU-00000L,https://assets.bundesliga.com/clublogos/DFL-SEA-0001K9/DFL-CLU-00000L.svg,assets/logos/borussia-dortmund.svg,Salih Özcan,DFL-OBJ-00278O,salih-ozcan,6,Midfielder,1998-01-11,182,74,"TUR , DEU",https://assets.bundesliga.com/player/dfl-obj-00278o-dfl-clu-000007-dfl-sea-0001k9.png,assets/images/borussia-dortmund/salih-ozcan.png,2020-2021,DFL-SEA-0001K4,27,0,1,11,5,6,311,3,0,0,156.5,32.56,8,28,942,188,40
Borussia Dortmund,DFL-CLU-00000L,https://assets.bundesliga.com/clublogos/DFL-SEA-0001K9/DFL-CLU-00000L.svg,assets/logos/borussia-dortmund.svg,Samuele Inácio Piá,DFL-OBJ-J023NW,samuele-inacio,40,Striker,2008-04-02,176,64,"ITA , BRA",https://assets.bundesliga.com/player/dfl-obj-j023nw-dfl-clu-000007-dfl-sea-0001k9.png,assets/images/borussia-dortmund/samuele-inacio.png,2025-2026,DFL-SEA-0001K9,7,1,0,8,5,3,63,2,0,0,52.4,30.9,6,6,191,44,2
Borussia Dortmund,DFL-CLU-00000L,https://assets.bundesliga.com/clublogos/DFL-SEA-0001K9/DFL-CLU-00000L.svg,assets/logos/borussia-dortmund.svg,Serhou Yadaly Guirassy,DFL-OBJ-00278S,serhou-guirassy,9,Striker,1996-03-12,187,82,"GIN , FRA",https://assets.bundesliga.com/player/dfl-obj-00278s-dfl-clu-000007-dfl-sea-0001k9.png,assets/images/borussia-dortmund/serhou-guirassy.png,2025-2026,DFL-SEA-0001K9,33,17,0,83,42,41,421,3,0,0,268.4,32.82,4,32,918,236,90
Borussia Dortmund,DFL-CLU-00000L,https://assets.bundesliga.com/clublogos/DFL-SEA-0001K9/DFL-CLU-00000L.svg,assets/logos/borussia-dortmund.svg,Serhou Yadaly Guirassy,DFL-OBJ-00278S,serhou-guirassy,9,Striker,1996-03-12,187,82,"GIN , FRA",https://assets.bundesliga.com/player/dfl-obj-00278s-dfl-clu-000007-dfl-sea-0001k9.png,assets/images/borussia-dortmund/serhou-guirassy.png,2024-2025,DFL-SEA-0001K8,30,21,2,90,40,50,687,4,0,0,291.6,33.12,0,16,995,264,102
Borussia Dortmund,DFL-CLU-00000L,https://assets.bundesliga.com/clublogos/DFL-SEA-0001K9/DFL-CLU-00000L.svg,assets/logos/borussia-dortmund.svg,Serhou Yadaly Guirassy,DFL-OBJ-00278S,serhou-guirassy,9,Striker,1996-03-12,187,82,"GIN , FRA",https://assets.bundesliga.com/player/dfl-obj-00278s-dfl-clu-000007-dfl-sea-0001k9.png,assets/images/borussia-dortmund/serhou-guirassy.png,2023-2024,DFL-SEA-0001K7,28,28,2,89,44,45,477,0,0,0,216.6,33.15,0,18,1132,267,65
Borussia Dortmund,DFL-CLU-00000L,https://assets.bundesliga.com/clublogos/DFL-SEA-0001K9/DFL-CLU-00000L.svg,assets/logos/borussia-dortmund.svg,Serhou Yadaly Guirassy,DFL-OBJ-00278S,serhou-guirassy,9,Striker,1996-03-12,187,82,"GIN , FRA",https://assets.bundesliga.com/player/dfl-obj-00278s-dfl-clu-000007-dfl-sea-0001k9.png,assets/images/borussia-dortmund/serhou-guirassy.png,2022-2023,DFL-SEA-0001K6,22,11,0,53,21,32,330,2,0,0,165.1,31.84,4,15,677,190,50
Borussia Dortmund,DFL-CLU-00000L,https://assets.bundesliga.com/clublogos/DFL-SEA-0001K9/DFL-CLU-00000L.svg,assets/logos/borussia-dortmund.svg,Silas Ostrzinski,DFL-OBJ-002GHP,silas-ostrzinski,31,Goalkeeper,2003-11-19,198,93,"DEU , POL",https://assets.bundesliga.com/player/dfl-obj-002ghp-dfl-clu-000007-dfl-sea-0001k9.png,assets/images/borussia-dortmund/silas-ostrzinski.png,2025-2026,DFL-SEA-0001K9,,,,,,,,,,,,,,,,,
Borussia Dortmund,DFL-CLU-00000L,https://assets.bundesliga.com/clublogos/DFL-SEA-0001K9/DFL-CLU-00000L.svg,assets/logos/borussia-dortmund.svg,Waldemar Anton,DFL-OBJ-00264T,waldemar-anton,3,Defender,1996-07-20,189,86,"DEU , UZB",https://assets.bundesliga.com/player/dfl-obj-00264t-dfl-clu-000007-dfl-sea-0001k9.png,assets/images/borussia-dortmund/waldemar-anton.png,2025-2026,DFL-SEA-0001K9,32,2,0,14,5,9,490,3,0,0,361.7,32.9,8,25,2902,298,96
Borussia Dortmund,DFL-CLU-00000L,https://assets.bundesliga.com/clublogos/DFL-SEA-0001K9/DFL-CLU-00000L.svg,assets/logos/borussia-dortmund.svg,Waldemar Anton,DFL-OBJ-00264T,waldemar-anton,3,Defender,1996-07-20,189,86,"DEU , UZB",https://assets.bundesliga.com/player/dfl-obj-00264t-dfl-clu-000007-dfl-sea-0001k9.png,assets/images/borussia-dortmund/waldemar-anton.png,2024-2025,DFL-SEA-0001K8,26,2,2,18,4,14,480,4,0,0,240.6,32.73,18,19,2223,211,58
Borussia Dortmund,DFL-CLU-00000L,https://assets.bundesliga.com/clublogos/DFL-SEA-0001K9/DFL-CLU-00000L.svg,assets/logos/borussia-dortmund.svg,Waldemar Anton,DFL-OBJ-00264T,waldemar-anton,3,Defender,1996-07-20,189,86,"DEU , UZB",https://assets.bundesliga.com/player/dfl-obj-00264t-dfl-clu-000007-dfl-sea-0001k9.png,assets/images/borussia-dortmund/waldemar-anton.png,2023-2024,DFL-SEA-0001K7,33,0,3,25,7,18,623,7,0,0,320.3,33.7,9,24,3057,277,106
Borussia Dortmund,DFL-CLU-00000L,https://assets.bundesliga.com/clublogos/DFL-SEA-0001K9/DFL-CLU-00000L.svg,assets/logos/borussia-dortmund.svg,Waldemar Anton,DFL-OBJ-00264T,waldemar-anton,3,Defender,1996-07-20,189,86,"DEU , UZB",https://assets.bundesliga.com/player/dfl-obj-00264t-dfl-clu-000007-dfl-sea-0001k9.png,assets/images/borussia-dortmund/waldemar-anton.png,2022-2023,DFL-SEA-0001K6,34,1,2,23,5,18,652,4,0,0,284.5,33.98,20,29,2547,321,84
Borussia Dortmund,DFL-CLU-00000L,https://assets.bundesliga.com/clublogos/DFL-SEA-0001K9/DFL-CLU-00000L.svg,assets/logos/borussia-dortmund.svg,Waldemar Anton,DFL-OBJ-00264T,waldemar-anton,3,Defender,1996-07-20,189,86,"DEU , UZB",https://assets.bundesliga.com/player/dfl-obj-00264t-dfl-clu-000007-dfl-sea-0001k9.png,assets/images/borussia-dortmund/waldemar-anton.png,2021-2022,DFL-SEA-0001K5,29,2,1,22,6,16,535,5,0,0,299.6,33.29,6,29,2302,261,84
Borussia Dortmund,DFL-CLU-00000L,https://assets.bundesliga.com/clublogos/DFL-SEA-0001K9/DFL-CLU-00000L.svg,assets/logos/borussia-dortmund.svg,Waldemar Anton,DFL-OBJ-00264T,waldemar-anton,3,Defender,1996-07-20,189,86,"DEU , UZB",https://assets.bundesliga.com/player/dfl-obj-00264t-dfl-clu-000007-dfl-sea-0001k9.png,assets/images/borussia-dortmund/waldemar-anton.png,2020-2021,DFL-SEA-0001K4,31,0,1,11,5,6,695,3,0,0,325.5,33.58,7,24,2595,289,80
Borussia Dortmund,DFL-CLU-00000L,https://assets.bundesliga.com/clublogos/DFL-SEA-0001K9/DFL-CLU-00000L.svg,assets/logos/borussia-dortmund.svg,Yan Bueno Couto,DFL-OBJ-J021MH,yan-couto,2,Defender,2002-06-03,168,60,"BRA , PRT",https://assets.bundesliga.com/player/dfl-obj-j021mh-dfl-clu-000007-dfl-sea-0001k9.png,assets/images/borussia-dortmund/yan-couto.png,2025-2026,DFL-SEA-0001K9,19,2,2,8,4,4,193,4,0,0,122.2,32.44,34,18,798,88,3
Borussia Dortmund,DFL-CLU-00000L,https://assets.bundesliga.com/clublogos/DFL-SEA-0001K9/DFL-CLU-00000L.svg,assets/logos/borussia-dortmund.svg,Yan Bueno Couto,DFL-OBJ-J021MH,yan-couto,2,Defender,2002-06-03,168,60,"BRA , PRT",https://assets.bundesliga.com/player/dfl-obj-j021mh-dfl-clu-000007-dfl-sea-0001k9.png,assets/images/borussia-dortmund/yan-couto.png,2024-2025,DFL-SEA-0001K8,21,0,0,6,2,4,263,5,0,0,106.5,33.49,40,12,885,82,0
Borussia Mönchengladbach,DFL-CLU-00000L,https://assets.bundesliga.com/clublogos/DFL-SEA-0001K9/DFL-CLU-00000L.svg,assets/logos/borussia-moenchengladbach.svg,Alejo Uriel Sarco Castro,DFL-OBJ-J01Y1G,alejo-sarco,8,Striker,2006-01-06,179,76,"ARG , ITA",https://assets.bundesliga.com/player/dfl-obj-j01y1g-dfl-clu-000004-dfl-sea-0001k9.png,assets/images/borussia-moenchengladbach/alejo-sarco.png,2025-2026,DFL-SEA-0001K9,6,0,0,4,0,4,43,0,0,0,18.5,33.79,0,2,37,6,0
Borussia Mönchengladbach,DFL-CLU-00000L,https://assets.bundesliga.com/clublogos/DFL-SEA-0001K9/DFL-CLU-00000L.svg,assets/logos/borussia-moenchengladbach.svg,Eugen Polanski,DFL-OBJ-0000RN,eugen-polanski,,Borussia Mönchengladbach,1986-03-17,183,,"POL , DEU",https://assets.bundesliga.com/person/dfl-obj-0000rn-dfl-clu-000004-dfl-sea-0001k9.png,assets/images/borussia-moenchengladbach/eugen-polanski.png,2025-2026,DFL-SEA-0001K9,,,,,,,,,,,,,,,,,
Borussia Mönchengladbach,DFL-CLU-00000L,https://assets.bundesliga.com/clublogos/DFL-SEA-0001K9/DFL-CLU-00000L.svg,assets/logos/borussia-moenchengladbach.svg,Fabio Cristian Chiarodia,DFL-OBJ-J01JJJ,fabio-chiarodia,2,Defender,2005-06-05,186,78,"DEU , ITA",https://assets.bundesliga.com/player/dfl-obj-j01jjj-dfl-clu-000004-dfl-sea-0001k9.png,assets/images/borussia-moenchengladbach/fabio-chiarodia.png,2025-2026,DFL-SEA-0001K9,15,0,0,4,1,3,69,1,0,0,82.9,32.59,0,7,560,48,8
Borussia Mönchengladbach,DFL-CLU-00000L,https://assets.bundesliga.com/clublogos/DFL-SEA-0001K9/DFL-CLU-00000L.svg,assets/logos/borussia-moenchengladbach.svg,Fabio Cristian Chiarodia,DFL-OBJ-J01JJJ,fabio-chiarodia,2,Defender,2005-06-05,186,78,"DEU , ITA",https://assets.bundesliga.com/player/dfl-obj-j01jjj-dfl-clu-000004-dfl-sea-0001k9.png,assets/images/borussia-moenchengladbach/fabio-chiarodia.png,2024-2025,DFL-SEA-0001K8,16,1,0,4,1,3,61,0,0,0,48.9,32.94,0,7,301,38,10
Borussia Mönchengladbach,DFL-CLU-00000L,https://assets.bundesliga.com/clublogos/DFL-SEA-0001K9/DFL-CLU-00000L.svg,assets/logos/borussia-moenchengladbach.svg,Fabio Cristian Chiarodia,DFL-OBJ-J01JJJ,fabio-chiarodia,2,Defender,2005-06-05,186,78,"DEU , ITA",https://assets.bundesliga.com/player/dfl-obj-j01jjj-dfl-clu-000004-dfl-sea-0001k9.png,assets/images/borussia-moenchengladbach/fabio-chiarodia.png,2023-2024,DFL-SEA-0001K7,7,0,0,0,0,0,23,0,0,0,19.3,30.75,1,1,117,14,4
Borussia Mönchengladbach,DFL-CLU-00000L,https://assets.bundesliga.com/clublogos/DFL-SEA-0001K9/DFL-CLU-00000L.svg,assets/logos/borussia-moenchengladbach.svg,Fabio Cristian Chiarodia,DFL-OBJ-J01JJJ,fabio-chiarodia,2,Defender,2005-06-05,186,78,"DEU , ITA",https://assets.bundesliga.com/player/dfl-obj-j01jjj-dfl-clu-000004-dfl-sea-0001k9.png,assets/images/borussia-moenchengladbach/fabio-chiarodia.png,2022-2023,DFL-SEA-0001K6,3,0,0,0,0,0,12,0,0,0,8.2,32.43,0,0,35,3,1
Borussia Mönchengladbach,DFL-CLU-00000L,https://assets.bundesliga.com/clublogos/DFL-SEA-0001K9/DFL-CLU-00000L.svg,assets/logos/borussia-moenchengladbach.svg,Florian Christian Neuhaus,DFL-OBJ-002706,florian-neuhaus,10,Midfielder,1997-03-16,185,77,DEU,https://assets.bundesliga.com/player/dfl-obj-002706-dfl-clu-000004-dfl-sea-0001k9.png,assets/images/borussia-moenchengladbach/florian-neuhaus.png,2025-2026,DFL-SEA-0001K9,17,0,1,20,7,13,113,0,0,0,115,31.9,7,7,646,89,4
Borussia Mönchengladbach,DFL-CLU-00000L,https://assets.bundesliga.com/clublogos/DFL-SEA-0001K9/DFL-CLU-00000L.svg,assets/logos/borussia-moenchengladbach.svg,Florian Christian Neuhaus,DFL-OBJ-002706,florian-neuhaus,10,Midfielder,1997-03-16,185,77,DEU,https://assets.bundesliga.com/player/dfl-obj-002706-dfl-clu-000004-dfl-sea-0001k9.png,assets/images/borussia-moenchengladbach/florian-neuhaus.png,2024-2025,DFL-SEA-0001K8,18,0,1,8,3,5,89,1,0,0,52.8,34.31,1,4,311,59,1
Borussia Mönchengladbach,DFL-CLU-00000L,https://assets.bundesliga.com/clublogos/DFL-SEA-0001K9/DFL-CLU-00000L.svg,assets/logos/borussia-moenchengladbach.svg,Florian Christian Neuhaus,DFL-OBJ-002706,florian-neuhaus,10,Midfielder,1997-03-16,185,77,DEU,https://assets.bundesliga.com/player/dfl-obj-002706-dfl-clu-000004-dfl-sea-0001k9.png,assets/images/borussia-moenchengladbach/florian-neuhaus.png,2023-2024,DFL-SEA-0001K7,25,4,2,39,16,23,172,4,0,0,153.9,32.98,6,7,732,112,8
Borussia Mönchengladbach,DFL-CLU-00000L,https://assets.bundesliga.com/clublogos/DFL-SEA-0001K9/DFL-CLU-00000L.svg,assets/logos/borussia-moenchengladbach.svg,Florian Christian Neuhaus,DFL-OBJ-002706,florian-neuhaus,10,Midfielder,1997-03-16,185,77,DEU,https://assets.bundesliga.com/player/dfl-obj-002706-dfl-clu-000004-dfl-sea-0001k9.png,assets/images/borussia-moenchengladbach/florian-neuhaus.png,2022-2023,DFL-SEA-0001K6,23,1,0,27,7,20,215,2,0,0,179.3,32.89,4,11,837,129,6
Borussia Mönchengladbach,DFL-CLU-00000L,https://assets.bundesliga.com/clublogos/DFL-SEA-0001K9/DFL-CLU-00000L.svg,assets/logos/borussia-moenchengladbach.svg,Florian Christian Neuhaus,DFL-OBJ-002706,florian-neuhaus,10,Midfielder,1997-03-16,185,77,DEU,https://assets.bundesliga.com/player/dfl-obj-002706-dfl-clu-000004-dfl-sea-0001k9.png,assets/images/borussia-moenchengladbach/florian-neuhaus.png,2021-2022,DFL-SEA-0001K5,29,4,4,49,21,28,333,2,0,0,268.5,33.32,10,14,1537,272,15
Borussia Mönchengladbach,DFL-CLU-00000L,https://assets.bundesliga.com/clublogos/DFL-SEA-0001K9/DFL-CLU-00000L.svg,assets/logos/borussia-moenchengladbach.svg,Florian Christian Neuhaus,DFL-OBJ-002706,florian-neuhaus,10,Midfielder,1997-03-16,185,77,DEU,https://assets.bundesliga.com/player/dfl-obj-002706-dfl-clu-000004-dfl-sea-0001k9.png,assets/images/borussia-moenchengladbach/florian-neuhaus.png,2020-2021,DFL-SEA-0001K4,33,6,5,50,17,33,320,9,0,0,336.4,31.71,4,19,2230,323,22
Borussia Mönchengladbach,DFL-CLU-00000L,https://assets.bundesliga.com/clublogos/DFL-SEA-0001K9/DFL-CLU-00000L.svg,assets/logos/borussia-moenchengladbach.svg,Florian Christian Neuhaus,DFL-OBJ-002706,florian-neuhaus,10,Midfielder,1997-03-16,185,77,DEU,https://assets.bundesliga.com/player/dfl-obj-002706-dfl-clu-000004-dfl-sea-0001k9.png,assets/images/borussia-moenchengladbach/florian-neuhaus.png,2019-2020,DFL-SEA-0001K3,30,4,2,54,23,31,298,6,0,0,311.9,32.13,8,17,1615,312,18
Borussia Mönchengladbach,DFL-CLU-00000L,https://assets.bundesliga.com/clublogos/DFL-SEA-0001K9/DFL-CLU-00000L.svg,assets/logos/borussia-moenchengladbach.svg,Franck Honorat,DFL-OBJ-J01D4G,franck-honorat,9,Midfielder,1996-08-11,180,70,FRA,https://assets.bundesliga.com/player/dfl-obj-j01d4g-dfl-clu-000004-dfl-sea-0001k9.png,assets/images/borussia-moenchengladbach/franck-honorat.png,2025-2026,DFL-SEA-0001K9,28,2,6,19,7,12,582,0,0,0,240.1,34.92,81,11,953,126,13
Borussia Mönchengladbach,DFL-CLU-00000L,https://assets.bundesliga.com/clublogos/DFL-SEA-0001K9/DFL-CLU-00000L.svg,assets/logos/borussia-moenchengladbach.svg,Franck Honorat,DFL-OBJ-J01D4G,franck-honorat,9,Midfielder,1996-08-11,180,70,FRA,https://assets.bundesliga.com/player/dfl-obj-j01d4g-dfl-clu-000004-dfl-sea-0001k9.png,assets/images/borussia-moenchengladbach/franck-honorat.png,2024-2025,DFL-SEA-0001K8,19,4,7,30,10,20,529,0,0,0,173,35.11,51,7,776,89,9
Borussia Mönchengladbach,DFL-CLU-00000L,https://assets.bundesliga.com/clublogos/DFL-SEA-0001K9/DFL-CLU-00000L.svg,assets/logos/borussia-moenchengladbach.svg,Franck Honorat,DFL-OBJ-J01D4G,franck-honorat,9,Midfielder,1996-08-11,180,70,FRA,https://assets.bundesliga.com/player/dfl-obj-j01d4g-dfl-clu-000004-dfl-sea-0001k9.png,assets/images/borussia-moenchengladbach/franck-honorat.png,2023-2024,DFL-SEA-0001K7,32,3,9,29,12,17,841,1,0,0,291.7,34.51,99,9,1457,158,19
Borussia Mönchengladbach,DFL-CLU-00000L,https://assets.bundesliga.com/clublogos/DFL-SEA-0001K9/DFL-CLU-00000L.svg,assets/logos/borussia-moenchengladbach.svg,Fritz Henri Fleck,DFL-OBJ-J01NAM,fritz-fleck,24,Midfielder,2007-05-30,170,,DEU,https://assets.bundesliga.com/player/dfl-obj-j01nam-dfl-clu-000004-dfl-sea-0001k9.png,assets/images/borussia-moenchengladbach/fritz-fleck.png,2025-2026,DFL-SEA-0001K9,,,,,,,,,,,,,,,,,
Borussia Mönchengladbach,DFL-CLU-00000L,https://assets.bundesliga.com/clublogos/DFL-SEA-0001K9/DFL-CLU-00000L.svg,assets/logos/borussia-moenchengladbach.svg,Giovanni Alejandro Reyna,DFL-OBJ-002G4X,giovanni-reyna,13,Midfielder,2002-11-13,185,79,"USA , PRT",https://assets.bundesliga.com/player/dfl-obj-002g4x-dfl-clu-000004-dfl-sea-0001k9.png,assets/images/borussia-moenchengladbach/giovanni-reyna.png,2025-2026,DFL-SEA-0001K9,19,1,0,7,2,5,52,1,0,0,76,30.07,4,5,409,61,7
Borussia Mönchengladbach,DFL-CLU-00000L,https://assets.bundesliga.com/clublogos/DFL-SEA-0001K9/DFL-CLU-00000L.svg,assets/logos/borussia-moenchengladbach.svg,Giovanni Alejandro Reyna,DFL-OBJ-002G4X,giovanni-reyna,13,Midfielder,2002-11-13,185,79,"USA , PRT",https://assets.bundesliga.com/player/dfl-obj-002g4x-dfl-clu-000004-dfl-sea-0001k9.png,assets/images/borussia-moenchengladbach/giovanni-reyna.png,2024-2025,DFL-SEA-0001K8,16,2,0,3,2,1,59,3,0,0,54.3,31.02,8,9,265,42,9
Borussia Mönchengladbach,DFL-CLU-00000L,https://assets.bundesliga.com/clublogos/DFL-SEA-0001K9/DFL-CLU-00000L.svg,assets/logos/borussia-moenchengladbach.svg,Giovanni Alejandro Reyna,DFL-OBJ-002G4X,giovanni-reyna,13,Midfielder,2002-11-13,185,79,"USA , PRT",https://assets.bundesliga.com/player/dfl-obj-002g4x-dfl-clu-000004-dfl-sea-0001k9.png,assets/images/borussia-moenchengladbach/giovanni-reyna.png,2023-2024,DFL-SEA-0001K7,11,0,0,9,2,7,55,1,0,0,32.6,30.36,6,2,250,49,3
Borussia Mönchengladbach,DFL-CLU-00000L,https://assets.bundesliga.com/clublogos/DFL-SEA-0001K9/DFL-CLU-00000L.svg,assets/logos/borussia-moenchengladbach.svg,Giovanni Alejandro Reyna,DFL-OBJ-002G4X,giovanni-reyna,13,Midfielder,2002-11-13,185,79,"USA , PRT",https://assets.bundesliga.com/player/dfl-obj-002g4x-dfl-clu-000004-dfl-sea-0001k9.png,assets/images/borussia-moenchengladbach/giovanni-reyna.png,2022-2023,DFL-SEA-0001K6,22,7,2,25,12,13,105,2,0,0,57.8,32.06,4,7,453,85,8
Borussia Mönchengladbach,DFL-CLU-00000L,https://assets.bundesliga.com/clublogos/DFL-SEA-0001K9/DFL-CLU-00000L.svg,assets/logos/borussia-moenchengladbach.svg,Giovanni Alejandro Reyna,DFL-OBJ-002G4X,giovanni-reyna,13,Midfielder,2002-11-13,185,79,"USA , PRT",https://assets.bundesliga.com/player/dfl-obj-002g4x-dfl-clu-000004-dfl-sea-0001k9.png,assets/images/borussia-moenchengladbach/giovanni-reyna.png,2021-2022,DFL-SEA-0001K5,10,2,1,12,6,6,88,0,0,0,56.1,33.88,3,7,334,66,5
Borussia Mönchengladbach,DFL-CLU-00000L,https://assets.bundesliga.com/clublogos/DFL-SEA-0001K9/DFL-CLU-00000L.svg,assets/logos/borussia-moenchengladbach.svg,Giovanni Alejandro Reyna,DFL-OBJ-002G4X,giovanni-reyna,13,Midfielder,2002-11-13,185,79,"USA , PRT",https://assets.bundesliga.com/player/dfl-obj-002g4x-dfl-clu-000004-dfl-sea-0001k9.png,assets/images/borussia-moenchengladbach/giovanni-reyna.png,2020-2021,DFL-SEA-0001K4,9,4,5,38,14,24,152,1,0,0,64.9,32.57,14,27,1328,288,21
Borussia Mönchengladbach,DFL-CLU-00000L,https://assets.bundesliga.com/clublogos/DFL-SEA-0001K9/DFL-CLU-00000L.svg,assets/logos/borussia-moenchengladbach.svg,Giovanni Alejandro Reyna,DFL-OBJ-002G4X,giovanni-reyna,13,Midfielder,2002-11-13,185,79,"USA , PRT",https://assets.bundesliga.com/player/dfl-obj-002g4x-dfl-clu-000004-dfl-sea-0001k9.png,assets/images/borussia-moenchengladbach/giovanni-reyna.png,2019-2020,DFL-SEA-0001K3,15,0,1,4,1,3,106,2,0,0,51.7,31.21,3,5,278,55,2
Borussia Mönchengladbach,DFL-CLU-00000L,https://assets.bundesliga.com/clublogos/DFL-SEA-0001K9/DFL-CLU-00000L.svg,assets/logos/borussia-moenchengladbach.svg,Haris Tabaković,DFL-OBJ-J0117M,haris-tabakovic,15,Striker,1994-06-20,194,90,"BIH , CHE",https://assets.bundesliga.com/player/dfl-obj-j0117m-dfl-clu-000004-dfl-sea-0001k9.png,assets/images/borussia-moenchengladbach/haris-tabakovic.png,2025-2026,DFL-SEA-0001K9,32,13,2,62,29,33,438,5,0,0,288.7,33.9,2,42,794,269,119
Borussia Mönchengladbach,DFL-CLU-00000L,https://assets.bundesliga.com/clublogos/DFL-SEA-0001K9/DFL-CLU-00000L.svg,assets/logos/borussia-moenchengladbach.svg,Haris Tabaković,DFL-OBJ-J0117M,haris-tabakovic,15,Striker,1994-06-20,194,90,"BIH , CHE",https://assets.bundesliga.com/player/dfl-obj-j0117m-dfl-clu-000004-dfl-sea-0001k9.png,assets/images/borussia-moenchengladbach/haris-tabakovic.png,2024-2025,DFL-SEA-0001K8,22,3,1,24,10,14,245,0,0,0,104.2,32.99,3,16,344,102,54
Borussia Mönchengladbach,DFL-CLU-00000L,https://assets.bundesliga.com/clublogos/DFL-SEA-0001K9/DFL-CLU-00000L.svg,assets/logos/borussia-moenchengladbach.svg,Axel Hugo Bolin,DFL-OBJ-J0259A,hugo-bolin,38,Midfielder,2003-07-24,179,64,SWE,https://assets.bundesliga.com/player/dfl-obj-j0259a-dfl-clu-000004-dfl-sea-0001k9.png,assets/images/borussia-moenchengladbach/hugo-bolin.png,2025-2026,DFL-SEA-0001K9,13,1,1,15,3,12,122,0,0,0,75.4,33.12,14,2,248,58,3
Borussia Mönchengladbach,DFL-CLU-00000L,https://assets.bundesliga.com/clublogos/DFL-SEA-0001K9/DFL-CLU-00000L.svg,assets/logos/borussia-moenchengladbach.svg,Jan Jakob Olschowsky,DFL-OBJ-002FV1,jan-olschowsky,23,Goalkeeper,2001-11-18,184,83,DEU,https://assets.bundesliga.com/player/dfl-obj-002fv1-dfl-clu-000004-dfl-sea-0001k9.png,assets/images/borussia-moenchengladbach/jan-olschowsky.png,2022-2023,DFL-SEA-0001K6,4,0,0,0,0,0,1,0,0,0,22.4,26.41,0,0,206,0,0
Borussia Mönchengladbach,DFL-CLU-00000L,https://assets.bundesliga.com/clublogos/DFL-SEA-0001K9/DFL-CLU-00000L.svg,assets/logos/borussia-moenchengladbach.svg,Jan Urbich,DFL-OBJ-J0213G,jan-urbich,40,Striker,2004-06-23,188,79,DEU,https://assets.bundesliga.com/player/dfl-obj-j0213g-dfl-clu-000004-dfl-sea-0001k9.png,assets/images/borussia-moenchengladbach/jan-urbich.png,2025-2026,DFL-SEA-0001K9,3,0,0,0,0,0,15,0,0,0,5.9,30.41,1,1,22,7,3
Borussia Mönchengladbach,DFL-CLU-00000L,https://assets.bundesliga.com/clublogos/DFL-SEA-0001K9/DFL-CLU-00000L.svg,assets/logos/borussia-moenchengladbach.svg,Jens Castrop,DFL-OBJ-002GG4,jens-castrop,17,Midfielder,2003-07-29,178,76,"KOR , DEU",https://assets.bundesliga.com/player/dfl-obj-002gg4-dfl-clu-000004-dfl-sea-0001k9.png,assets/images/borussia-moenchengladbach/jens-castrop.png,2025-2026,DFL-SEA-0001K9,26,3,1,29,13,16,331,2,0,0,191.4,34.43,17,29,903,240,10
Borussia Mönchengladbach,DFL-CLU-00000L,https://assets.bundesliga.com/clublogos/DFL-SEA-0001K9/DFL-CLU-00000L.svg,assets/logos/borussia-moenchengladbach.svg,Joseph Michael Scally,DFL-OBJ-002GNN,joe-scally,29,Defender,2002-12-31,184,80,USA,https://assets.bundesliga.com/player/dfl-obj-002gnn-dfl-clu-000004-dfl-sea-0001k9.png,assets/images/borussia-moenchengladbach/joe-scally.png,2025-2026,DFL-SEA-0001K9,32,2,3,15,9,6,503,8,0,0,328.2,34.38,33,34,1524,278,41
Borussia Mönchengladbach,DFL-CLU-00000L,https://assets.bundesliga.com/clublogos/DFL-SEA-0001K9/DFL-CLU-00000L.svg,assets/logos/borussia-moenchengladbach.svg,Joseph Michael Scally,DFL-OBJ-002GNN,joe-scally,29,Defender,2002-12-31,184,80,USA,https://assets.bundesliga.com/player/dfl-obj-002gnn-dfl-clu-000004-dfl-sea-0001k9.png,assets/images/borussia-moenchengladbach/joe-scally.png,2024-2025,DFL-SEA-0001K8,32,0,0,7,1,6,632,6,0,0,312.9,35.24,43,24,1954,272,32
Borussia Mönchengladbach,DFL-CLU-00000L,https://assets.bundesliga.com/clublogos/DFL-SEA-0001K9/DFL-CLU-00000L.svg,assets/logos/borussia-moenchengladbach.svg,Joseph Michael Scally,DFL-OBJ-002GNN,joe-scally,29,Defender,2002-12-31,184,80,USA,https://assets.bundesliga.com/player/dfl-obj-002gnn-dfl-clu-000004-dfl-sea-0001k9.png,assets/images/borussia-moenchengladbach/joe-scally.png,2023-2024,DFL-SEA-0001K7,31,1,4,10,1,9,524,4,0,0,282.6,33.05,38,12,1661,217,33
Borussia Mönchengladbach,DFL-CLU-00000L,https://assets.bundesliga.com/clublogos/DFL-SEA-0001K9/DFL-CLU-00000L.svg,assets/logos/borussia-moenchengladbach.svg,Joseph Michael Scally,DFL-OBJ-002GNN,joe-scally,29,Defender,2002-12-31,184,80,USA,https://assets.bundesliga.com/player/dfl-obj-002gnn-dfl-clu-000004-dfl-sea-0001k9.png,assets/images/borussia-moenchengladbach/joe-scally.png,2022-2023,DFL-SEA-0001K6,28,0,0,6,2,4,547,2,0,0,266.6,34.7,33,14,1445,207,34
Borussia Mönchengladbach,DFL-CLU-00000L,https://assets.bundesliga.com/clublogos/DFL-SEA-0001K9/DFL-CLU-00000L.svg,assets/logos/borussia-moenchengladbach.svg,Joseph Michael Scally,DFL-OBJ-002GNN,joe-scally,29,Defender,2002-12-31,184,80,USA,https://assets.bundesliga.com/player/dfl-obj-002gnn-dfl-clu-000004-dfl-sea-0001k9.png,assets/images/borussia-moenchengladbach/joe-scally.png,2021-2022,DFL-SEA-0001K5,30,1,2,20,6,14,597,4,0,0,245.5,33.4,29,26,1361,208,25
Borussia Mönchengladbach,DFL-CLU-00000L,https://assets.bundesliga.com/clublogos/DFL-SEA-0001K9/DFL-CLU-00000L.svg,assets/logos/borussia-moenchengladbach.svg,Kevin Diks Bakarbessy,DFL-OBJ-J019JX,kevin-diks,4,Defender,1996-10-06,186,82,"IDN , NLD",https://assets.bundesliga.com/player/dfl-obj-j019jx-dfl-clu-000004-dfl-sea-0001k9.png,assets/images/borussia-moenchengladbach/kevin-diks.png,2025-2026,DFL-SEA-0001K9,30,5,0,24,12,12,234,6,0,0,284.4,34.5,5,15,2028,190,58
Borussia Mönchengladbach,DFL-CLU-00000L,https://assets.bundesliga.com/clublogos/DFL-SEA-0001K9/DFL-CLU-00000L.svg,assets/logos/borussia-moenchengladbach.svg,Kevin Stöger,DFL-OBJ-000172,kevin-stoger,7,Midfielder,1993-08-27,175,74,AUT,https://assets.bundesliga.com/player/dfl-obj-000172-dfl-clu-000004-dfl-sea-0001k9.png,assets/images/borussia-moenchengladbach/kevin-stoger.png,2025-2026,DFL-SEA-0001K9,29,1,1,24,8,16,133,3,0,0,174.9,30.02,14,22,1099,140,2
Borussia Mönchengladbach,DFL-CLU-00000L,https://assets.bundesliga.com/clublogos/DFL-SEA-0001K9/DFL-CLU-00000L.svg,assets/logos/borussia-moenchengladbach.svg,Kevin Stöger,DFL-OBJ-000172,kevin-stoger,7,Midfielder,1993-08-27,175,74,AUT,https://assets.bundesliga.com/player/dfl-obj-000172-dfl-clu-000004-dfl-sea-0001k9.png,assets/images/borussia-moenchengladbach/kevin-stoger.png,2024-2025,DFL-SEA-0001K8,31,3,4,26,12,14,354,3,0,0,208.6,30.66,30,20,1406,183,7
Borussia Mönchengladbach,DFL-CLU-00000L,https://assets.bundesliga.com/clublogos/DFL-SEA-0001K9/DFL-CLU-00000L.svg,assets/logos/borussia-moenchengladbach.svg,Kevin Stöger,DFL-OBJ-000172,kevin-stoger,7,Midfielder,1993-08-27,175,74,AUT,https://assets.bundesliga.com/player/dfl-obj-000172-dfl-clu-000004-dfl-sea-0001k9.png,assets/images/borussia-moenchengladbach/kevin-stoger.png,2023-2024,DFL-SEA-0001K7,32,7,9,75,20,55,555,8,0,0,327.8,31.23,80,39,2538,325,15
Borussia Mönchengladbach,DFL-CLU-00000L,https://assets.bundesliga.com/clublogos/DFL-SEA-0001K9/DFL-CLU-00000L.svg,assets/logos/borussia-moenchengladbach.svg,Kevin Stöger,DFL-OBJ-000172,kevin-stoger,7,Midfielder,1993-08-27,175,74,AUT,https://assets.bundesliga.com/player/dfl-obj-000172-dfl-clu-000004-dfl-sea-0001k9.png,assets/images/borussia-moenchengladbach/kevin-stoger.png,2022-2023,DFL-SEA-0001K6,32,5,3,48,16,32,527,3,0,0,289.5,31.81,47,41,2072,320,15
Borussia Mönchengladbach,DFL-CLU-00000L,https://assets.bundesliga.com/clublogos/DFL-SEA-0001K9/DFL-CLU-00000L.svg,assets/logos/borussia-moenchengladbach.svg,Kevin Stöger,DFL-OBJ-000172,kevin-stoger,7,Midfielder,1993-08-27,175,74,AUT,https://assets.bundesliga.com/player/dfl-obj-000172-dfl-clu-000004-dfl-sea-0001k9.png,assets/images/borussia-moenchengladbach/kevin-stoger.png,2021-2022,DFL-SEA-0001K5,23,1,1,16,6,10,132,3,0,0,62.3,31.13,10,8,422,59,1
Borussia Mönchengladbach,DFL-CLU-00000L,https://assets.bundesliga.com/clublogos/DFL-SEA-0001K9/DFL-CLU-00000L.svg,assets/logos/borussia-moenchengladbach.svg,Kevin Stöger,DFL-OBJ-000172,kevin-stoger,7,Midfielder,1993-08-27,175,74,AUT,https://assets.bundesliga.com/player/dfl-obj-000172-dfl-clu-000004-dfl-sea-0001k9.png,assets/images/borussia-moenchengladbach/kevin-stoger.png,2020-2021,DFL-SEA-0001K4,17,3,0,10,4,6,196,3,0,0,76.5,30.4,15,13,484,68,4
Borussia Mönchengladbach,DFL-CLU-00000L,https://assets.bundesliga.com/clublogos/DFL-SEA-0001K9/DFL-CLU-00000L.svg,assets/logos/borussia-moenchengladbach.svg,Kevin Stöger,DFL-OBJ-000172,kevin-stoger,7,Midfielder,1993-08-27,175,74,AUT,https://assets.bundesliga.com/player/dfl-obj-000172-dfl-clu-000004-dfl-sea-0001k9.png,assets/images/borussia-moenchengladbach/kevin-stoger.png,2019-2020,DFL-SEA-0001K3,17,0,4,23,7,16,297,3,0,0,164.5,31.16,13,28,1166,130,5
Borussia Mönchengladbach,DFL-CLU-00000L,https://assets.bundesliga.com/clublogos/DFL-SEA-0001K9/DFL-CLU-00000L.svg,assets/logos/borussia-moenchengladbach.svg,Kōta Takai,DFL-OBJ-J01UYY,kota-takai,14,Defender,2004-09-04,192,84,JPN,https://assets.bundesliga.com/player/dfl-obj-j01uyy-dfl-clu-000004-dfl-sea-0001k9.png,assets/images/borussia-moenchengladbach/kota-takai.png,2025-2026,DFL-SEA-0001K9,8,0,0,3,2,1,36,1,0,0,42.6,32.58,0,4,325,41,16
Borussia Mönchengladbach,DFL-CLU-00000L,https://assets.bundesliga.com/clublogos/DFL-SEA-0001K9/DFL-CLU-00000L.svg,assets/logos/borussia-moenchengladbach.svg,Lukas Ullrich,DFL-OBJ-J01KAL,lukas-ullrich,26,Defender,2004-03-16,180,73,DEU,https://assets.bundesliga.com/player/dfl-obj-j01kal-dfl-clu-000004-dfl-sea-0001k9.png,assets/images/borussia-moenchengladbach/lukas-ullrich.png,2025-2026,DFL-SEA-0001K9,23,0,0,11,3,8,269,2,0,0,163.1,32.74,28,17,810,143,14
Borussia Mönchengladbach,DFL-CLU-00000L,https://assets.bundesliga.com/clublogos/DFL-SEA-0001K9/DFL-CLU-00000L.svg,assets/logos/borussia-moenchengladbach.svg,Lukas Ullrich,DFL-OBJ-J01KAL,lukas-ullrich,26,Defender,2004-03-16,180,73,DEU,https://assets.bundesliga.com/player/dfl-obj-j01kal-dfl-clu-000004-dfl-sea-0001k9.png,assets/images/borussia-moenchengladbach/lukas-ullrich.png,2024-2025,DFL-SEA-0001K8,26,1,2,8,3,5,463,4,0,0,231.5,33.61,34,22,1124,158,22
Borussia Mönchengladbach,DFL-CLU-00000L,https://assets.bundesliga.com/clublogos/DFL-SEA-0001K9/DFL-CLU-00000L.svg,assets/logos/borussia-moenchengladbach.svg,Lukas Ullrich,DFL-OBJ-J01KAL,lukas-ullrich,26,Defender,2004-03-16,180,73,DEU,https://assets.bundesliga.com/player/dfl-obj-j01kal-dfl-clu-000004-dfl-sea-0001k9.png,assets/images/borussia-moenchengladbach/lukas-ullrich.png,2023-2024,DFL-SEA-0001K7,4,0,0,0,0,0,19,0,0,0,7.2,31.47,4,0,33,5,0
Borussia Mönchengladbach,DFL-CLU-00000L,https://assets.bundesliga.com/clublogos/DFL-SEA-0001K9/DFL-CLU-00000L.svg,assets/logos/borussia-moenchengladbach.svg,Marvin Friedrich,DFL-OBJ-0002AV,marvin-friedrich,5,Defender,1995-12-13,193,84,DEU,https://assets.bundesliga.com/player/dfl-obj-0002av-dfl-clu-000004-dfl-sea-0001k9.png,assets/images/borussia-moenchengladbach/marvin-friedrich.png,2025-2026,DFL-SEA-0001K9,6,0,0,0,0,0,6,0,0,0,18.5,29.66,0,1,138,21,6
Borussia Mönchengladbach,DFL-CLU-00000L,https://assets.bundesliga.com/clublogos/DFL-SEA-0001K9/DFL-CLU-00000L.svg,assets/logos/borussia-moenchengladbach.svg,Marvin Friedrich,DFL-OBJ-0002AV,marvin-friedrich,5,Defender,1995-12-13,193,84,DEU,https://assets.bundesliga.com/player/dfl-obj-0002av-dfl-clu-000004-dfl-sea-0001k9.png,assets/images/borussia-moenchengladbach/marvin-friedrich.png,2024-2025,DFL-SEA-0001K8,22,0,1,8,2,6,120,0,0,0,113.3,32.13,0,5,845,84,32
Borussia Mönchengladbach,DFL-CLU-00000L,https://assets.bundesliga.com/clublogos/DFL-SEA-0001K9/DFL-CLU-00000L.svg,assets/logos/borussia-moenchengladbach.svg,Marvin Friedrich,DFL-OBJ-0002AV,marvin-friedrich,5,Defender,1995-12-13,193,84,DEU,https://assets.bundesliga.com/player/dfl-obj-0002av-dfl-clu-000004-dfl-sea-0001k9.png,assets/images/borussia-moenchengladbach/marvin-friedrich.png,2023-2024,DFL-SEA-0001K7,24,0,0,12,3,9,162,1,0,0,177.3,32.83,1,10,1114,119,44
Borussia Mönchengladbach,DFL-CLU-00000L,https://assets.bundesliga.com/clublogos/DFL-SEA-0001K9/DFL-CLU-00000L.svg,assets/logos/borussia-moenchengladbach.svg,Marvin Friedrich,DFL-OBJ-0002AV,marvin-friedrich,5,Defender,1995-12-13,193,84,DEU,https://assets.bundesliga.com/player/dfl-obj-0002av-dfl-clu-000004-dfl-sea-0001k9.png,assets/images/borussia-moenchengladbach/marvin-friedrich.png,2022-2023,DFL-SEA-0001K6,23,1,0,9,4,5,207,2,0,0,140.1,32.74,0,3,1128,103,56
Borussia Mönchengladbach,DFL-CLU-00000L,https://assets.bundesliga.com/clublogos/DFL-SEA-0001K9/DFL-CLU-00000L.svg,assets/logos/borussia-moenchengladbach.svg,Marvin Friedrich,DFL-OBJ-0002AV,marvin-friedrich,5,Defender,1995-12-13,193,84,DEU,https://assets.bundesliga.com/player/dfl-obj-0002av-dfl-clu-000004-dfl-sea-0001k9.png,assets/images/borussia-moenchengladbach/marvin-friedrich.png,2021-2022,DFL-SEA-0001K5,21,0,0,19,6,13,228,3,0,0,205.2,32.99,4,16,1381,178,67
Borussia Mönchengladbach,DFL-CLU-00000L,https://assets.bundesliga.com/clublogos/DFL-SEA-0001K9/DFL-CLU-00000L.svg,assets/logos/borussia-moenchengladbach.svg,Marvin Friedrich,DFL-OBJ-0002AV,marvin-friedrich,5,Defender,1995-12-13,193,84,DEU,https://assets.bundesliga.com/player/dfl-obj-0002av-dfl-clu-000004-dfl-sea-0001k9.png,assets/images/borussia-moenchengladbach/marvin-friedrich.png,2020-2021,DFL-SEA-0001K4,34,5,2,25,7,18,429,1,0,0,357.9,33.37,7,27,2260,328,105
Borussia Mönchengladbach,DFL-CLU-00000L,https://assets.bundesliga.com/clublogos/DFL-SEA-0001K9/DFL-CLU-00000L.svg,assets/logos/borussia-moenchengladbach.svg,Marvin Friedrich,DFL-OBJ-0002AV,marvin-friedrich,5,Defender,1995-12-13,193,84,DEU,https://assets.bundesliga.com/player/dfl-obj-0002av-dfl-clu-000004-dfl-sea-0001k9.png,assets/images/borussia-moenchengladbach/marvin-friedrich.png,2019-2020,DFL-SEA-0001K3,31,2,0,28,7,21,402,9,0,0,328.1,32.51,4,38,1614,305,111
Borussia Mönchengladbach,DFL-CLU-00000L,https://assets.bundesliga.com/clublogos/DFL-SEA-0001K9/DFL-CLU-00000L.svg,assets/logos/borussia-moenchengladbach.svg,Moritz Nicolas,DFL-OBJ-0027AK,moritz-nicolas,33,Goalkeeper,1997-10-21,193,89,DEU,https://assets.bundesliga.com/player/dfl-obj-0027ak-dfl-clu-000004-dfl-sea-0001k9.png,assets/images/borussia-moenchengladbach/moritz-nicolas.png,2025-2026,DFL-SEA-0001K9,34,0,0,0,0,0,7,1,0,0,171.4,30.68,0,0,1517,0,0
Borussia Mönchengladbach,DFL-CLU-00000L,https://assets.bundesliga.com/clublogos/DFL-SEA-0001K9/DFL-CLU-00000L.svg,assets/logos/borussia-moenchengladbach.svg,Moritz Nicolas,DFL-OBJ-0027AK,moritz-nicolas,33,Goalkeeper,1997-10-21,193,89,DEU,https://assets.bundesliga.com/player/dfl-obj-0027ak-dfl-clu-000004-dfl-sea-0001k9.png,assets/images/borussia-moenchengladbach/moritz-nicolas.png,2024-2025,DFL-SEA-0001K8,19,0,0,0,0,0,6,0,0,0,96.4,27.7,0,0,925,0,0
Borussia Mönchengladbach,DFL-CLU-00000L,https://assets.bundesliga.com/clublogos/DFL-SEA-0001K9/DFL-CLU-00000L.svg,assets/logos/borussia-moenchengladbach.svg,Moritz Nicolas,DFL-OBJ-0027AK,moritz-nicolas,33,Goalkeeper,1997-10-21,193,89,DEU,https://assets.bundesliga.com/player/dfl-obj-0027ak-dfl-clu-000004-dfl-sea-0001k9.png,assets/images/borussia-moenchengladbach/moritz-nicolas.png,2023-2024,DFL-SEA-0001K7,27,0,0,0,0,0,13,2,0,0,146,32.11,0,1,1254,0,0
Borussia Mönchengladbach,DFL-CLU-00000L,https://assets.bundesliga.com/clublogos/DFL-SEA-0001K9/DFL-CLU-00000L.svg,assets/logos/borussia-moenchengladbach.svg,Moritz Nicolas,DFL-OBJ-0027AK,moritz-nicolas,33,Goalkeeper,1997-10-21,193,89,DEU,https://assets.bundesliga.com/player/dfl-obj-0027ak-dfl-clu-000004-dfl-sea-0001k9.png,assets/images/borussia-moenchengladbach/moritz-nicolas.png,2019-2020,DFL-SEA-0001K3,1,0,0,0,0,0,0,0,0,0,4.8,24.33,0,0,41,0,0
Borussia Mönchengladbach,DFL-CLU-00000L,https://assets.bundesliga.com/clublogos/DFL-SEA-0001K9/DFL-CLU-00000L.svg,assets/logos/borussia-moenchengladbach.svg,Nathan Ngoumou Minpole,DFL-OBJ-J01Q6K,nathan-ngoumou,19,Midfielder,2000-03-14,183,74,"CMR , FRA",https://assets.bundesliga.com/player/dfl-obj-j01q6k-dfl-clu-000004-dfl-sea-0001k9.png,assets/images/borussia-moenchengladbach/nathan-ngoumou.png,2024-2025,DFL-SEA-0001K8,19,2,1,23,14,9,323,0,0,0,98.8,36.53,15,6,393,93,13
Borussia Mönchengladbach,DFL-CLU-00000L,https://assets.bundesliga.com/clublogos/DFL-SEA-0001K9/DFL-CLU-00000L.svg,assets/logos/borussia-moenchengladbach.svg,Nathan Ngoumou Minpole,DFL-OBJ-J01Q6K,nathan-ngoumou,19,Midfielder,2000-03-14,183,74,"CMR , FRA",https://assets.bundesliga.com/player/dfl-obj-j01q6k-dfl-clu-000004-dfl-sea-0001k9.png,assets/images/borussia-moenchengladbach/nathan-ngoumou.png,2023-2024,DFL-SEA-0001K7,32,5,2,30,12,18,525,1,0,0,165.2,35.47,23,13,681,167,12
Borussia Mönchengladbach,DFL-CLU-00000L,https://assets.bundesliga.com/clublogos/DFL-SEA-0001K9/DFL-CLU-00000L.svg,assets/logos/borussia-moenchengladbach.svg,Nathan Ngoumou Minpole,DFL-OBJ-J01Q6K,nathan-ngoumou,19,Midfielder,2000-03-14,183,74,"CMR , FRA",https://assets.bundesliga.com/player/dfl-obj-j01q6k-dfl-clu-000004-dfl-sea-0001k9.png,assets/images/borussia-moenchengladbach/nathan-ngoumou.png,2022-2023,DFL-SEA-0001K6,20,1,0,13,4,9,294,0,0,0,84.6,36.17,14,6,324,57,6
Borussia Mönchengladbach,DFL-CLU-00000L,https://assets.bundesliga.com/clublogos/DFL-SEA-0001K9/DFL-CLU-00000L.svg,assets/logos/borussia-moenchengladbach.svg,Nico Elvedi,DFL-OBJ-00264N,nico-elvedi,30,Defender,1996-09-30,189,84,CHE,https://assets.bundesliga.com/player/dfl-obj-00264n-dfl-clu-000004-dfl-sea-0001k9.png,assets/images/borussia-moenchengladbach/nico-elvedi.png,2025-2026,DFL-SEA-0001K9,33,0,1,9,1,8,349,5,0,0,329.3,33.81,0,18,2340,279,112
Borussia Mönchengladbach,DFL-CLU-00000L,https://assets.bundesliga.com/clublogos/DFL-SEA-0001K9/DFL-CLU-00000L.svg,assets/logos/borussia-moenchengladbach.svg,Nico Elvedi,DFL-OBJ-00264N,nico-elvedi,30,Defender,1996-09-30,189,84,CHE,https://assets.bundesliga.com/player/dfl-obj-00264n-dfl-clu-000004-dfl-sea-0001k9.png,assets/images/borussia-moenchengladbach/nico-elvedi.png,2024-2025,DFL-SEA-0001K8,25,1,1,10,3,7,332,1,0,0,235.2,33.22,1,9,1896,216,79
Borussia Mönchengladbach,DFL-CLU-00000L,https://assets.bundesliga.com/clublogos/DFL-SEA-0001K9/DFL-CLU-00000L.svg,assets/logos/borussia-moenchengladbach.svg,Nico Elvedi,DFL-OBJ-00264N,nico-elvedi,30,Defender,1996-09-30,189,84,CHE,https://assets.bundesliga.com/player/dfl-obj-00264n-dfl-clu-000004-dfl-sea-0001k9.png,assets/images/borussia-moenchengladbach/nico-elvedi.png,2023-2024,DFL-SEA-0001K7,30,2,1,15,7,8,342,5,0,0,275.3,34.18,2,13,2130,272,103
Borussia Mönchengladbach,DFL-CLU-00000L,https://assets.bundesliga.com/clublogos/DFL-SEA-0001K9/DFL-CLU-00000L.svg,assets/logos/borussia-moenchengladbach.svg,Nico Elvedi,DFL-OBJ-00264N,nico-elvedi,30,Defender,1996-09-30,189,84,CHE,https://assets.bundesliga.com/player/dfl-obj-00264n-dfl-clu-000004-dfl-sea-0001k9.png,assets/images/borussia-moenchengladbach/nico-elvedi.png,2022-2023,DFL-SEA-0001K6,32,3,0,18,9,9,423,2,0,0,298.2,33.17,0,22,2599,265,99
Borussia Mönchengladbach,DFL-CLU-00000L,https://assets.bundesliga.com/clublogos/DFL-SEA-0001K9/DFL-CLU-00000L.svg,assets/logos/borussia-moenchengladbach.svg,Nico Elvedi,DFL-OBJ-00264N,nico-elvedi,30,Defender,1996-09-30,189,84,CHE,https://assets.bundesliga.com/player/dfl-obj-00264n-dfl-clu-000004-dfl-sea-0001k9.png,assets/images/borussia-moenchengladbach/nico-elvedi.png,2021-2022,DFL-SEA-0001K5,28,1,1,15,1,14,389,3,0,0,258.1,33.56,1,20,2117,250,95
Borussia Mönchengladbach,DFL-CLU-00000L,https://assets.bundesliga.com/clublogos/DFL-SEA-0001K9/DFL-CLU-00000L.svg,assets/logos/borussia-moenchengladbach.svg,Nico Elvedi,DFL-OBJ-00264N,nico-elvedi,30,Defender,1996-09-30,189,84,CHE,https://assets.bundesliga.com/player/dfl-obj-00264n-dfl-clu-000004-dfl-sea-0001k9.png,assets/images/borussia-moenchengladbach/nico-elvedi.png,2020-2021,DFL-SEA-0001K4,29,3,0,10,6,4,370,1,0,0,285.2,34.18,0,12,2316,291,115
Borussia Mönchengladbach,DFL-CLU-00000L,https://assets.bundesliga.com/clublogos/DFL-SEA-0001K9/DFL-CLU-00000L.svg,assets/logos/borussia-moenchengladbach.svg,Nico Elvedi,DFL-OBJ-00264N,nico-elvedi,30,Defender,1996-09-30,189,84,CHE,https://assets.bundesliga.com/player/dfl-obj-00264n-dfl-clu-000004-dfl-sea-0001k9.png,assets/images/borussia-moenchengladbach/nico-elvedi.png,2019-2020,DFL-SEA-0001K3,32,1,0,10,2,8,386,5,0,0,296.7,35.23,1,24,2099,314,106
Borussia Mönchengladbach,DFL-CLU-00000L,https://assets.bundesliga.com/clublogos/DFL-SEA-0001K9/DFL-CLU-00000L.svg,assets/logos/borussia-moenchengladbach.svg,Niklas Swider,DFL-OBJ-J01NBN,niklas-swider,39,Midfielder,2007-01-05,188,78,DEU,https://assets.bundesliga.com/player/dfl-obj-j01nbn-dfl-clu-000004-dfl-sea-0001k9.png,assets/images/borussia-moenchengladbach/niklas-swider.png,2025-2026,DFL-SEA-0001K9,,,,,,,,,,,,,,,,,
Borussia Mönchengladbach,DFL-CLU-00000L,https://assets.bundesliga.com/clublogos/DFL-SEA-0001K9/DFL-CLU-00000L.svg,assets/logos/borussia-moenchengladbach.svg,Philipp Sander,DFL-OBJ-0028P3,philipp-sander,16,Midfielder,1998-02-21,185,77,DEU,https://assets.bundesliga.com/player/dfl-obj-0028p3-dfl-clu-000004-dfl-sea-0001k9.png,assets/images/borussia-moenchengladbach/philipp-sander.png,2025-2026,DFL-SEA-0001K9,30,2,0,25,8,17,293,4,0,0,296.9,33.36,22,28,1981,266,69
Borussia Mönchengladbach,DFL-CLU-00000L,https://assets.bundesliga.com/clublogos/DFL-SEA-0001K9/DFL-CLU-00000L.svg,assets/logos/borussia-moenchengladbach.svg,Philipp Sander,DFL-OBJ-0028P3,philipp-sander,16,Midfielder,1998-02-21,185,77,DEU,https://assets.bundesliga.com/player/dfl-obj-0028p3-dfl-clu-000004-dfl-sea-0001k9.png,assets/images/borussia-moenchengladbach/philipp-sander.png,2024-2025,DFL-SEA-0001K8,27,1,0,19,8,11,334,2,0,0,187.3,32.46,8,16,979,166,34
Borussia Mönchengladbach,DFL-CLU-00000L,https://assets.bundesliga.com/clublogos/DFL-SEA-0001K9/DFL-CLU-00000L.svg,assets/logos/borussia-moenchengladbach.svg,Robin Hack,DFL-OBJ-0027RM,robin-hack,25,Midfielder,1998-08-27,178,72,DEU,https://assets.bundesliga.com/player/dfl-obj-0027rm-dfl-clu-000004-dfl-sea-0001k9.png,assets/images/borussia-moenchengladbach/robin-hack.png,2025-2026,DFL-SEA-0001K9,8,1,0,11,4,7,68,1,0,0,42.5,32.11,11,4,202,30,2
Borussia Mönchengladbach,DFL-CLU-00000L,https://assets.bundesliga.com/clublogos/DFL-SEA-0001K9/DFL-CLU-00000L.svg,assets/logos/borussia-moenchengladbach.svg,Robin Hack,DFL-OBJ-0027RM,robin-hack,25,Midfielder,1998-08-27,178,72,DEU,https://assets.bundesliga.com/player/dfl-obj-0027rm-dfl-clu-000004-dfl-sea-0001k9.png,assets/images/borussia-moenchengladbach/robin-hack.png,2024-2025,DFL-SEA-0001K8,33,4,7,60,26,34,778,4,0,0,283.8,33.64,32,17,1250,235,21
Borussia Mönchengladbach,DFL-CLU-00000L,https://assets.bundesliga.com/clublogos/DFL-SEA-0001K9/DFL-CLU-00000L.svg,assets/logos/borussia-moenchengladbach.svg,Robin Hack,DFL-OBJ-0027RM,robin-hack,25,Midfielder,1998-08-27,178,72,DEU,https://assets.bundesliga.com/player/dfl-obj-0027rm-dfl-clu-000004-dfl-sea-0001k9.png,assets/images/borussia-moenchengladbach/robin-hack.png,2023-2024,DFL-SEA-0001K7,29,10,2,44,22,22,504,2,0,0,183.2,33.98,19,16,821,156,20
Borussia Mönchengladbach,DFL-CLU-00000L,https://assets.bundesliga.com/clublogos/DFL-SEA-0001K9/DFL-CLU-00000L.svg,assets/logos/borussia-moenchengladbach.svg,Robin Hack,DFL-OBJ-0027RM,robin-hack,25,Midfielder,1998-08-27,178,72,DEU,https://assets.bundesliga.com/player/dfl-obj-0027rm-dfl-clu-000004-dfl-sea-0001k9.png,assets/images/borussia-moenchengladbach/robin-hack.png,2021-2022,DFL-SEA-0001K5,30,0,2,33,7,26,461,2,0,0,182.6,33.88,21,13,746,170,11
Borussia Mönchengladbach,DFL-CLU-00000L,https://assets.bundesliga.com/clublogos/DFL-SEA-0001K9/DFL-CLU-00000L.svg,assets/logos/borussia-moenchengladbach.svg,Rocco Reitz,DFL-OBJ-002GC0,rocco-reitz,27,Midfielder,2002-05-29,176,72,DEU,https://assets.bundesliga.com/player/dfl-obj-002gc0-dfl-clu-000004-dfl-sea-0001k9.png,assets/images/borussia-moenchengladbach/rocco-reitz.png,2025-2026,DFL-SEA-0001K9,31,0,4,44,14,30,626,8,0,0,338.3,35.63,35,33,1883,308,34
Borussia Mönchengladbach,DFL-CLU-00000L,https://assets.bundesliga.com/clublogos/DFL-SEA-0001K9/DFL-CLU-00000L.svg,assets/logos/borussia-moenchengladbach.svg,Rocco Reitz,DFL-OBJ-002GC0,rocco-reitz,27,Midfielder,2002-05-29,176,72,DEU,https://assets.bundesliga.com/player/dfl-obj-002gc0-dfl-clu-000004-dfl-sea-0001k9.png,assets/images/borussia-moenchengladbach/rocco-reitz.png,2024-2025,DFL-SEA-0001K8,27,2,1,23,7,16,515,1,0,0,237.2,32.98,14,19,1273,226,25
Borussia Mönchengladbach,DFL-CLU-00000L,https://assets.bundesliga.com/clublogos/DFL-SEA-0001K9/DFL-CLU-00000L.svg,assets/logos/borussia-moenchengladbach.svg,Rocco Reitz,DFL-OBJ-002GC0,rocco-reitz,27,Midfielder,2002-05-29,176,72,DEU,https://assets.bundesliga.com/player/dfl-obj-002gc0-dfl-clu-000004-dfl-sea-0001k9.png,assets/images/borussia-moenchengladbach/rocco-reitz.png,2023-2024,DFL-SEA-0001K7,34,6,3,32,15,17,509,2,0,0,284.1,33.77,8,23,1470,282,22
Borussia Mönchengladbach,DFL-CLU-00000L,https://assets.bundesliga.com/clublogos/DFL-SEA-0001K9/DFL-CLU-00000L.svg,assets/logos/borussia-moenchengladbach.svg,Rocco Reitz,DFL-OBJ-002GC0,rocco-reitz,27,Midfielder,2002-05-29,176,72,DEU,https://assets.bundesliga.com/player/dfl-obj-002gc0-dfl-clu-000004-dfl-sea-0001k9.png,assets/images/borussia-moenchengladbach/rocco-reitz.png,2022-2023,DFL-SEA-0001K6,1,0,0,0,0,0,2,0,0,0,0.5,24.38,0,0,2,0,0
Borussia Mönchengladbach,DFL-CLU-00000L,https://assets.bundesliga.com/clublogos/DFL-SEA-0001K9/DFL-CLU-00000L.svg,assets/logos/borussia-moenchengladbach.svg,Rocco Reitz,DFL-OBJ-002GC0,rocco-reitz,27,Midfielder,2002-05-29,176,72,DEU,https://assets.bundesliga.com/player/dfl-obj-002gc0-dfl-clu-000004-dfl-sea-0001k9.png,assets/images/borussia-moenchengladbach/rocco-reitz.png,2020-2021,DFL-SEA-0001K4,2,0,0,0,0,0,13,1,0,0,9,27.77,1,2,67,8,0
Borussia Mönchengladbach,DFL-CLU-00000L,https://assets.bundesliga.com/clublogos/DFL-SEA-0001K9/DFL-CLU-00000L.svg,assets/logos/borussia-moenchengladbach.svg,Shuto Machino,DFL-OBJ-J01QVA,shuto-machino,18,Striker,1999-09-30,185,81,JPN,https://assets.bundesliga.com/player/dfl-obj-j01qva-dfl-clu-000004-dfl-sea-0001k9.png,assets/images/borussia-moenchengladbach/shuto-machino.png,2025-2026,DFL-SEA-0001K9,32,3,1,24,10,14,257,2,0,0,140.8,32.48,10,10,453,89,33
Borussia Mönchengladbach,DFL-CLU-00000L,https://assets.bundesliga.com/clublogos/DFL-SEA-0001K9/DFL-CLU-00000L.svg,assets/logos/borussia-moenchengladbach.svg,Shuto Machino,DFL-OBJ-J01QVA,shuto-machino,18,Striker,1999-09-30,185,81,JPN,https://assets.bundesliga.com/player/dfl-obj-j01qva-dfl-clu-000004-dfl-sea-0001k9.png,assets/images/borussia-moenchengladbach/shuto-machino.png,2024-2025,DFL-SEA-0001K8,32,11,2,48,23,25,554,2,0,0,238.1,35.82,21,19,940,130,26
Borussia Mönchengladbach,DFL-CLU-00000L,https://assets.bundesliga.com/clublogos/DFL-SEA-0001K9/DFL-CLU-00000L.svg,assets/logos/borussia-moenchengladbach.svg,Tiago Pereira Cardoso,DFL-OBJ-J01NX9,tiago-pereira-cardoso,42,Goalkeeper,2006-04-07,191,87,"LUX , PRT",https://assets.bundesliga.com/player/dfl-obj-j01nx9-dfl-clu-000004-dfl-sea-0001k9.png,assets/images/borussia-moenchengladbach/tiago-pereira-cardoso.png,2024-2025,DFL-SEA-0001K8,5,0,0,0,0,0,0,0,0,0,23.5,24.84,0,0,220,0,0
Borussia Mönchengladbach,DFL-CLU-00000L,https://assets.bundesliga.com/clublogos/DFL-SEA-0001K9/DFL-CLU-00000L.svg,assets/logos/borussia-moenchengladbach.svg,Tim Kleindienst,DFL-OBJ-0001HG,tim-kleindienst,11,Striker,1995-08-31,194,85,DEU,https://assets.bundesliga.com/player/dfl-obj-0001hg-dfl-clu-000004-dfl-sea-0001k9.png,assets/images/borussia-moenchengladbach/tim-kleindienst.png,2025-2026,DFL-SEA-0001K9,3,0,0,0,0,0,2,0,0,0,2.1,26.75,0,1,10,5,3
Borussia Mönchengladbach,DFL-CLU-00000L,https://assets.bundesliga.com/clublogos/DFL-SEA-0001K9/DFL-CLU-00000L.svg,assets/logos/borussia-moenchengladbach.svg,Tim Kleindienst,DFL-OBJ-0001HG,tim-kleindienst,11,Striker,1995-08-31,194,85,DEU,https://assets.bundesliga.com/player/dfl-obj-0001hg-dfl-clu-000004-dfl-sea-0001k9.png,assets/images/borussia-moenchengladbach/tim-kleindienst.png,2024-2025,DFL-SEA-0001K8,31,16,7,72,40,32,941,3,0,0,348.8,33.9,16,74,1180,382,160
Borussia Mönchengladbach,DFL-CLU-00000L,https://assets.bundesliga.com/clublogos/DFL-SEA-0001K9/DFL-CLU-00000L.svg,assets/logos/borussia-moenchengladbach.svg,Tim Kleindienst,DFL-OBJ-0001HG,tim-kleindienst,11,Striker,1995-08-31,194,85,DEU,https://assets.bundesliga.com/player/dfl-obj-0001hg-dfl-clu-000004-dfl-sea-0001k9.png,assets/images/borussia-moenchengladbach/tim-kleindienst.png,2023-2024,DFL-SEA-0001K7,33,12,3,81,35,46,946,6,0,0,328.1,33.84,16,89,1368,384,187
Borussia Mönchengladbach,DFL-CLU-00000L,https://assets.bundesliga.com/clublogos/DFL-SEA-0001K9/DFL-CLU-00000L.svg,assets/logos/borussia-moenchengladbach.svg,Tobias Sippel,DFL-OBJ-0000HT,tobias-sippel,21,Goalkeeper,1988-03-22,183,80,DEU,https://assets.bundesliga.com/player/dfl-obj-0000ht-dfl-clu-000004-dfl-sea-0001k9.png,assets/images/borussia-moenchengladbach/tobias-sippel.png,2024-2025,DFL-SEA-0001K8,1,0,0,0,0,0,0,0,0,0,3.7,19.58,0,0,39,0,0
Borussia Mönchengladbach,DFL-CLU-00000L,https://assets.bundesliga.com/clublogos/DFL-SEA-0001K9/DFL-CLU-00000L.svg,assets/logos/borussia-moenchengladbach.svg,Tobias Sippel,DFL-OBJ-0000HT,tobias-sippel,21,Goalkeeper,1988-03-22,183,80,DEU,https://assets.bundesliga.com/player/dfl-obj-0000ht-dfl-clu-000004-dfl-sea-0001k9.png,assets/images/borussia-moenchengladbach/tobias-sippel.png,2022-2023,DFL-SEA-0001K6,6,0,0,0,0,0,3,1,0,0,31.6,31.1,0,0,292,0,0
Borussia Mönchengladbach,DFL-CLU-00000L,https://assets.bundesliga.com/clublogos/DFL-SEA-0001K9/DFL-CLU-00000L.svg,assets/logos/borussia-moenchengladbach.svg,Tobias Sippel,DFL-OBJ-0000HT,tobias-sippel,21,Goalkeeper,1988-03-22,183,80,DEU,https://assets.bundesliga.com/player/dfl-obj-0000ht-dfl-clu-000004-dfl-sea-0001k9.png,assets/images/borussia-moenchengladbach/tobias-sippel.png,2021-2022,DFL-SEA-0001K5,1,0,0,0,0,0,1,0,0,0,4.8,25.58,0,0,52,0,0
Borussia Mönchengladbach,DFL-CLU-00000L,https://assets.bundesliga.com/clublogos/DFL-SEA-0001K9/DFL-CLU-00000L.svg,assets/logos/borussia-moenchengladbach.svg,Tobias Sippel,DFL-OBJ-0000HT,tobias-sippel,21,Goalkeeper,1988-03-22,183,80,DEU,https://assets.bundesliga.com/player/dfl-obj-0000ht-dfl-clu-000004-dfl-sea-0001k9.png,assets/images/borussia-moenchengladbach/tobias-sippel.png,2020-2021,DFL-SEA-0001K4,4,0,0,0,0,0,2,0,0,0,19.8,29.57,0,0,177,0,0
Borussia Mönchengladbach,DFL-CLU-00000L,https://assets.bundesliga.com/clublogos/DFL-SEA-0001K9/DFL-CLU-00000L.svg,assets/logos/borussia-moenchengladbach.svg,Wael Mohya,DFL-OBJ-J01XEB,wael-mohya,36,Midfielder,2008-12-31,174,67,"DEU , MAR",https://assets.bundesliga.com/player/dfl-obj-j01xeb-dfl-clu-000004-dfl-sea-0001k9.png,assets/images/borussia-moenchengladbach/wael-mohya.png,2025-2026,DFL-SEA-0001K9,15,2,1,11,5,6,157,1,0,0,81.7,33.09,5,4,300,67,7
Borussia Mönchengladbach,DFL-CLU-00000L,https://assets.bundesliga.com/clublogos/DFL-SEA-0001K9/DFL-CLU-00000L.svg,assets/logos/borussia-moenchengladbach.svg,Yannik Engelhardt,DFL-OBJ-J01IB3,yannik-engelhardt,6,Midfielder,2001-02-07,184,74,DEU,https://assets.bundesliga.com/player/dfl-obj-j01ib3-dfl-clu-000004-dfl-sea-0001k9.png,assets/images/borussia-moenchengladbach/yannik-engelhardt.png,2025-2026,DFL-SEA-0001K9,31,2,2,21,5,16,325,7,0,0,328.6,35.09,4,38,1688,271,48
Eintracht Frankfurt,DFL-CLU-00000L,https://assets.bundesliga.com/clublogos/DFL-SEA-0001K9/DFL-CLU-00000L.svg,assets/logos/eintracht-frankfurt.svg,Alexander Staff,DFL-OBJ-J01UDQ,alexander-staff,53,Striker,2008-06-12,182,,"DEU , USA",https://assets.bundesliga.com/player/dfl-obj-j01udq-dfl-clu-00000f-dfl-sea-0001k9.png,assets/images/eintracht-frankfurt/alexander-staff.png,2025-2026,DFL-SEA-0001K9,,,,,,,,,,,,,,,,,
Eintracht Frankfurt,DFL-CLU-00000L,https://assets.bundesliga.com/clublogos/DFL-SEA-0001K9/DFL-CLU-00000L.svg,assets/logos/eintracht-frankfurt.svg,Amil Siljevic,DFL-OBJ-J021TS,amil-siljevic,39,Goalkeeper,2007-01-19,190,78,"DEU , SRB",https://assets.bundesliga.com/player/dfl-obj-j021ts-dfl-clu-00000f-dfl-sea-0001k9.png,assets/images/eintracht-frankfurt/amil-siljevic.png,2025-2026,DFL-SEA-0001K9,,,,,,,,,,,,,,,,,
Eintracht Frankfurt,DFL-CLU-00000L,https://assets.bundesliga.com/clublogos/DFL-SEA-0001K9/DFL-CLU-00000L.svg,assets/logos/eintracht-frankfurt.svg,Ansgar Knauff,DFL-OBJ-002GKG,ansgar-knauff,7,Striker,2002-01-10,180,73,"DEU , GHA",https://assets.bundesliga.com/player/dfl-obj-002gkg-dfl-clu-00000f-dfl-sea-0001k9.png,assets/images/eintracht-frankfurt/ansgar-knauff.png,2025-2026,DFL-SEA-0001K9,28,4,1,34,15,19,399,3,0,0,162.7,35.65,29,25,605,120,11
Eintracht Frankfurt,DFL-CLU-00000L,https://assets.bundesliga.com/clublogos/DFL-SEA-0001K9/DFL-CLU-00000L.svg,assets/logos/eintracht-frankfurt.svg,Ansgar Knauff,DFL-OBJ-002GKG,ansgar-knauff,7,Striker,2002-01-10,180,73,"DEU , GHA",https://assets.bundesliga.com/player/dfl-obj-002gkg-dfl-clu-00000f-dfl-sea-0001k9.png,assets/images/eintracht-frankfurt/ansgar-knauff.png,2024-2025,DFL-SEA-0001K8,30,4,5,27,12,15,671,3,0,0,192.3,35.93,21,26,824,219,28
Eintracht Frankfurt,DFL-CLU-00000L,https://assets.bundesliga.com/clublogos/DFL-SEA-0001K9/DFL-CLU-00000L.svg,assets/logos/eintracht-frankfurt.svg,Ansgar Knauff,DFL-OBJ-002GKG,ansgar-knauff,7,Striker,2002-01-10,180,73,"DEU , GHA",https://assets.bundesliga.com/player/dfl-obj-002gkg-dfl-clu-00000f-dfl-sea-0001k9.png,assets/images/eintracht-frankfurt/ansgar-knauff.png,2023-2024,DFL-SEA-0001K7,31,7,2,36,15,21,822,5,0,0,260.2,36.38,36,33,1065,259,25
Eintracht Frankfurt,DFL-CLU-00000L,https://assets.bundesliga.com/clublogos/DFL-SEA-0001K9/DFL-CLU-00000L.svg,assets/logos/eintracht-frankfurt.svg,Ansgar Knauff,DFL-OBJ-002GKG,ansgar-knauff,7,Striker,2002-01-10,180,73,"DEU , GHA",https://assets.bundesliga.com/player/dfl-obj-002gkg-dfl-clu-00000f-dfl-sea-0001k9.png,assets/images/eintracht-frankfurt/ansgar-knauff.png,2022-2023,DFL-SEA-0001K6,24,1,1,16,8,8,464,2,0,0,160.5,34.76,25,14,930,177,13
Eintracht Frankfurt,DFL-CLU-00000L,https://assets.bundesliga.com/clublogos/DFL-SEA-0001K9/DFL-CLU-00000L.svg,assets/logos/eintracht-frankfurt.svg,Ansgar Knauff,DFL-OBJ-002GKG,ansgar-knauff,7,Striker,2002-01-10,180,73,"DEU , GHA",https://assets.bundesliga.com/player/dfl-obj-002gkg-dfl-clu-00000f-dfl-sea-0001k9.png,assets/images/eintracht-frankfurt/ansgar-knauff.png,2021-2022,DFL-SEA-0001K5,17,1,1,13,4,9,354,0,0,0,112.6,34.79,20,15,537,123,12
Eintracht Frankfurt,DFL-CLU-00000L,https://assets.bundesliga.com/clublogos/DFL-SEA-0001K9/DFL-CLU-00000L.svg,assets/logos/eintracht-frankfurt.svg,Ansgar Knauff,DFL-OBJ-002GKG,ansgar-knauff,7,Striker,2002-01-10,180,73,"DEU , GHA",https://assets.bundesliga.com/player/dfl-obj-002gkg-dfl-clu-00000f-dfl-sea-0001k9.png,assets/images/eintracht-frankfurt/ansgar-knauff.png,2020-2021,DFL-SEA-0001K4,4,1,1,2,1,1,39,0,0,0,10.7,34.12,3,3,47,20,2
Eintracht Frankfurt,DFL-CLU-00000L,https://assets.bundesliga.com/clublogos/DFL-SEA-0001K9/DFL-CLU-00000L.svg,assets/logos/eintracht-frankfurt.svg,Arnaud Kalimuendo Muinga,DFL-OBJ-J01FDE,arnaud-kalimuendo,25,Striker,2002-01-20,178,78,"FRA , COD",https://assets.bundesliga.com/player/dfl-obj-j01fde-dfl-clu-00000f-dfl-sea-0001k9.png,assets/images/eintracht-frankfurt/arnaud-kalimuendo.png,2025-2026,DFL-SEA-0001K9,19,6,1,28,16,12,353,4,0,0,160.2,34.2,11,9,502,122,10
Eintracht Frankfurt,DFL-CLU-00000L,https://assets.bundesliga.com/clublogos/DFL-SEA-0001K9/DFL-CLU-00000L.svg,assets/logos/eintracht-frankfurt.svg,Arthur Nicolas Theate,DFL-OBJ-J01DJJ,arthur-theate,3,Defender,2000-05-25,185,79,BEL,https://assets.bundesliga.com/player/dfl-obj-j01djj-dfl-clu-00000f-dfl-sea-0001k9.png,assets/images/eintracht-frankfurt/arthur-theate.png,2025-2026,DFL-SEA-0001K9,24,1,0,15,7,8,309,8,0,0,247.1,32.99,6,14,2100,190,53
Eintracht Frankfurt,DFL-CLU-00000L,https://assets.bundesliga.com/clublogos/DFL-SEA-0001K9/DFL-CLU-00000L.svg,assets/logos/eintracht-frankfurt.svg,Arthur Nicolas Theate,DFL-OBJ-J01DJJ,arthur-theate,3,Defender,2000-05-25,185,79,BEL,https://assets.bundesliga.com/player/dfl-obj-j01djj-dfl-clu-00000f-dfl-sea-0001k9.png,assets/images/eintracht-frankfurt/arthur-theate.png,2024-2025,DFL-SEA-0001K8,31,0,0,32,9,23,542,3,0,0,305.7,32.88,14,15,2306,223,71
Eintracht Frankfurt,DFL-CLU-00000L,https://assets.bundesliga.com/clublogos/DFL-SEA-0001K9/DFL-CLU-00000L.svg,assets/logos/eintracht-frankfurt.svg,Aurèle Florian Amenda,DFL-OBJ-J01KLQ,aurele-amenda,5,Defender,2003-07-31,197,90,"CHE , CMR",https://assets.bundesliga.com/player/dfl-obj-j01klq-dfl-clu-00000f-dfl-sea-0001k9.png,assets/images/eintracht-frankfurt/aurele-amenda.png,2025-2026,DFL-SEA-0001K9,24,0,0,10,2,8,228,5,0,0,197.9,33.51,2,23,1724,209,80
Eintracht Frankfurt,DFL-CLU-00000L,https://assets.bundesliga.com/clublogos/DFL-SEA-0001K9/DFL-CLU-00000L.svg,assets/logos/eintracht-frankfurt.svg,Aurèle Florian Amenda,DFL-OBJ-J01KLQ,aurele-amenda,5,Defender,2003-07-31,197,90,"CHE , CMR",https://assets.bundesliga.com/player/dfl-obj-j01klq-dfl-clu-00000f-dfl-sea-0001k9.png,assets/images/eintracht-frankfurt/aurele-amenda.png,2024-2025,DFL-SEA-0001K8,8,0,0,0,0,0,31,1,0,0,14.8,30.93,0,3,93,14,9
Eintracht Frankfurt,DFL-CLU-00000L,https://assets.bundesliga.com/clublogos/DFL-SEA-0001K9/DFL-CLU-00000L.svg,assets/logos/eintracht-frankfurt.svg,Ayoube Amaimouni-Echghouyab,DFL-OBJ-J0244U,ayoube-amaimouni-echghouyab,29,Striker,2004-11-30,179,70,"MAR , ESP",https://assets.bundesliga.com/player/dfl-obj-j0244u-dfl-clu-00000f-dfl-sea-0001k9.png,assets/images/eintracht-frankfurt/ayoube-amaimouni-echghouyab.png,2025-2026,DFL-SEA-0001K9,17,2,3,12,7,5,211,1,0,0,82.1,34.43,24,7,296,80,0
Eintracht Frankfurt,DFL-CLU-00000L,https://assets.bundesliga.com/clublogos/DFL-SEA-0001K9/DFL-CLU-00000L.svg,assets/logos/eintracht-frankfurt.svg,Can Yılmaz Uzun,DFL-OBJ-J01LMN,can-uzun,42,Midfielder,2005-11-11,186,67,"TUR , DEU",https://assets.bundesliga.com/player/dfl-obj-j01lmn-dfl-clu-00000f-dfl-sea-0001k9.png,assets/images/eintracht-frankfurt/can-uzun.png,2025-2026,DFL-SEA-0001K9,21,8,4,41,19,22,127,3,0,0,156.7,33.85,12,11,857,137,6
Eintracht Frankfurt,DFL-CLU-00000L,https://assets.bundesliga.com/clublogos/DFL-SEA-0001K9/DFL-CLU-00000L.svg,assets/logos/eintracht-frankfurt.svg,Can Yılmaz Uzun,DFL-OBJ-J01LMN,can-uzun,42,Midfielder,2005-11-11,186,67,"TUR , DEU",https://assets.bundesliga.com/player/dfl-obj-j01lmn-dfl-clu-00000f-dfl-sea-0001k9.png,assets/images/eintracht-frankfurt/can-uzun.png,2024-2025,DFL-SEA-0001K8,20,4,1,26,11,15,223,1,0,0,97.5,31.66,8,5,424,75,6
Eintracht Frankfurt,DFL-CLU-00000L,https://assets.bundesliga.com/clublogos/DFL-SEA-0001K9/DFL-CLU-00000L.svg,assets/logos/eintracht-frankfurt.svg,Elias Niklas Baum,DFL-OBJ-J01LTJ,elias-baum,2,Defender,2005-10-26,180,77,DEU,https://assets.bundesliga.com/player/dfl-obj-j01ltj-dfl-clu-00000f-dfl-sea-0001k9.png,assets/images/eintracht-frankfurt/elias-baum.png,2025-2026,DFL-SEA-0001K9,5,0,0,0,0,0,22,0,0,0,11.3,31.75,3,2,83,4,1
Eintracht Frankfurt,DFL-CLU-00000L,https://assets.bundesliga.com/clublogos/DFL-SEA-0001K9/DFL-CLU-00000L.svg,assets/logos/eintracht-frankfurt.svg,Elias Niklas Baum,DFL-OBJ-J01LTJ,elias-baum,2,Defender,2005-10-26,180,77,DEU,https://assets.bundesliga.com/player/dfl-obj-j01ltj-dfl-clu-00000f-dfl-sea-0001k9.png,assets/images/eintracht-frankfurt/elias-baum.png,2023-2024,DFL-SEA-0001K7,4,0,0,0,0,0,20,0,0,0,6.9,32.59,0,1,26,7,0
Eintracht Frankfurt,DFL-CLU-00000L,https://assets.bundesliga.com/clublogos/DFL-SEA-0001K9/DFL-CLU-00000L.svg,assets/logos/eintracht-frankfurt.svg,Ellyes Joris Skhiri,DFL-OBJ-002G4A,ellyes-skhiri,15,Midfielder,1995-05-10,185,74,"TUN , FRA",https://assets.bundesliga.com/player/dfl-obj-002g4a-dfl-clu-00000f-dfl-sea-0001k9.png,assets/images/eintracht-frankfurt/ellyes-skhiri.png,2025-2026,DFL-SEA-0001K9,25,0,0,8,0,8,190,1,0,0,202,31.79,3,13,1113,154,22
Eintracht Frankfurt,DFL-CLU-00000L,https://assets.bundesliga.com/clublogos/DFL-SEA-0001K9/DFL-CLU-00000L.svg,assets/logos/eintracht-frankfurt.svg,Ellyes Joris Skhiri,DFL-OBJ-002G4A,ellyes-skhiri,15,Midfielder,1995-05-10,185,74,"TUN , FRA",https://assets.bundesliga.com/player/dfl-obj-002g4a-dfl-clu-00000f-dfl-sea-0001k9.png,assets/images/eintracht-frankfurt/ellyes-skhiri.png,2024-2025,DFL-SEA-0001K8,30,1,1,12,2,10,513,6,0,0,312.8,32.26,2,22,1603,182,30
Eintracht Frankfurt,DFL-CLU-00000L,https://assets.bundesliga.com/clublogos/DFL-SEA-0001K9/DFL-CLU-00000L.svg,assets/logos/eintracht-frankfurt.svg,Ellyes Joris Skhiri,DFL-OBJ-002G4A,ellyes-skhiri,15,Midfielder,1995-05-10,185,74,"TUN , FRA",https://assets.bundesliga.com/player/dfl-obj-002g4a-dfl-clu-00000f-dfl-sea-0001k9.png,assets/images/eintracht-frankfurt/ellyes-skhiri.png,2023-2024,DFL-SEA-0001K7,27,2,1,17,7,10,385,1,0,0,306.7,31.35,2,13,1616,221,32
Eintracht Frankfurt,DFL-CLU-00000L,https://assets.bundesliga.com/clublogos/DFL-SEA-0001K9/DFL-CLU-00000L.svg,assets/logos/eintracht-frankfurt.svg,Ellyes Joris Skhiri,DFL-OBJ-002G4A,ellyes-skhiri,15,Midfielder,1995-05-10,185,74,"TUN , FRA",https://assets.bundesliga.com/player/dfl-obj-002g4a-dfl-clu-00000f-dfl-sea-0001k9.png,assets/images/eintracht-frankfurt/ellyes-skhiri.png,2022-2023,DFL-SEA-0001K6,32,7,1,32,12,20,564,5,0,0,357.7,32.29,11,34,2189,313,48
Eintracht Frankfurt,DFL-CLU-00000L,https://assets.bundesliga.com/clublogos/DFL-SEA-0001K9/DFL-CLU-00000L.svg,assets/logos/eintracht-frankfurt.svg,Ellyes Joris Skhiri,DFL-OBJ-002G4A,ellyes-skhiri,15,Midfielder,1995-05-10,185,74,"TUN , FRA",https://assets.bundesliga.com/player/dfl-obj-002g4a-dfl-clu-00000f-dfl-sea-0001k9.png,assets/images/eintracht-frankfurt/ellyes-skhiri.png,2021-2022,DFL-SEA-0001K5,22,4,1,22,8,14,459,3,0,0,253.9,33.1,4,17,1259,242,40
Eintracht Frankfurt,DFL-CLU-00000L,https://assets.bundesliga.com/clublogos/DFL-SEA-0001K9/DFL-CLU-00000L.svg,assets/logos/eintracht-frankfurt.svg,Ellyes Joris Skhiri,DFL-OBJ-002G4A,ellyes-skhiri,15,Midfielder,1995-05-10,185,74,"TUN , FRA",https://assets.bundesliga.com/player/dfl-obj-002g4a-dfl-clu-00000f-dfl-sea-0001k9.png,assets/images/eintracht-frankfurt/ellyes-skhiri.png,2020-2021,DFL-SEA-0001K4,31,5,2,16,7,9,570,5,0,0,384.2,31.7,4,38,2009,365,55
Eintracht Frankfurt,DFL-CLU-00000L,https://assets.bundesliga.com/clublogos/DFL-SEA-0001K9/DFL-CLU-00000L.svg,assets/logos/eintracht-frankfurt.svg,Ellyes Joris Skhiri,DFL-OBJ-002G4A,ellyes-skhiri,15,Midfielder,1995-05-10,185,74,"TUN , FRA",https://assets.bundesliga.com/player/dfl-obj-002g4a-dfl-clu-00000f-dfl-sea-0001k9.png,assets/images/eintracht-frankfurt/ellyes-skhiri.png,2019-2020,DFL-SEA-0001K3,32,1,3,25,4,21,603,4,0,0,374.9,31.52,4,33,1805,336,47
Eintracht Frankfurt,DFL-CLU-00000L,https://assets.bundesliga.com/clublogos/DFL-SEA-0001K9/DFL-CLU-00000L.svg,assets/logos/eintracht-frankfurt.svg,Farès Chaïbi,DFL-OBJ-J01XEE,fares-chaibi,8,Midfielder,2002-11-28,183,69,"DZA , FRA",https://assets.bundesliga.com/player/dfl-obj-j01xee-dfl-clu-00000f-dfl-sea-0001k9.png,assets/images/eintracht-frankfurt/fares-chaibi.png,2025-2026,DFL-SEA-0001K9,28,2,9,34,11,23,338,2,0,0,238,33.26,28,13,1189,199,30
Eintracht Frankfurt,DFL-CLU-00000L,https://assets.bundesliga.com/clublogos/DFL-SEA-0001K9/DFL-CLU-00000L.svg,assets/logos/eintracht-frankfurt.svg,Farès Chaïbi,DFL-OBJ-J01XEE,fares-chaibi,8,Midfielder,2002-11-28,183,69,"DZA , FRA",https://assets.bundesliga.com/player/dfl-obj-j01xee-dfl-clu-00000f-dfl-sea-0001k9.png,assets/images/eintracht-frankfurt/fares-chaibi.png,2024-2025,DFL-SEA-0001K8,26,1,3,24,6,18,361,2,0,0,138.6,33.2,23,6,603,83,18
Eintracht Frankfurt,DFL-CLU-00000L,https://assets.bundesliga.com/clublogos/DFL-SEA-0001K9/DFL-CLU-00000L.svg,assets/logos/eintracht-frankfurt.svg,Farès Chaïbi,DFL-OBJ-J01XEE,fares-chaibi,8,Midfielder,2002-11-28,183,69,"DZA , FRA",https://assets.bundesliga.com/player/dfl-obj-j01xee-dfl-clu-00000f-dfl-sea-0001k9.png,assets/images/eintracht-frankfurt/fares-chaibi.png,2023-2024,DFL-SEA-0001K7,28,2,4,37,14,23,664,2,0,0,251,33.56,46,12,1160,158,8
Eintracht Frankfurt,DFL-CLU-00000L,https://assets.bundesliga.com/clublogos/DFL-SEA-0001K9/DFL-CLU-00000L.svg,assets/logos/eintracht-frankfurt.svg,Fousseny Max Doumbia,DFL-OBJ-J024JR,fousseny-doumbia,41,Defender,2005-02-23,190,,"DEU , MLI",https://assets.bundesliga.com/player/dfl-obj-j024jr-dfl-clu-00000f-dfl-sea-0001k9.png,assets/images/eintracht-frankfurt/fousseny-doumbia.png,2025-2026,DFL-SEA-0001K9,,,,,,,,,,,,,,,,,
Eintracht Frankfurt,DFL-CLU-00000L,https://assets.bundesliga.com/clublogos/DFL-SEA-0001K9/DFL-CLU-00000L.svg,assets/logos/eintracht-frankfurt.svg,Hugo Emanuel Larsson,DFL-OBJ-J01VX4,hugo-larsson,16,Midfielder,2004-06-27,187,79,SWE,https://assets.bundesliga.com/player/dfl-obj-j01vx4-dfl-clu-00000f-dfl-sea-0001k9.png,assets/images/eintracht-frankfurt/hugo-larsson.png,2025-2026,DFL-SEA-0001K9,25,2,2,13,5,8,170,0,0,0,241.9,31.53,6,5,1266,117,14
Eintracht Frankfurt,DFL-CLU-00000L,https://assets.bundesliga.com/clublogos/DFL-SEA-0001K9/DFL-CLU-00000L.svg,assets/logos/eintracht-frankfurt.svg,Hugo Emanuel Larsson,DFL-OBJ-J01VX4,hugo-larsson,16,Midfielder,2004-06-27,187,79,SWE,https://assets.bundesliga.com/player/dfl-obj-j01vx4-dfl-clu-00000f-dfl-sea-0001k9.png,assets/images/eintracht-frankfurt/hugo-larsson.png,2024-2025,DFL-SEA-0001K8,33,3,1,20,10,10,469,2,0,0,328.7,34.42,4,22,1535,172,17
Eintracht Frankfurt,DFL-CLU-00000L,https://assets.bundesliga.com/clublogos/DFL-SEA-0001K9/DFL-CLU-00000L.svg,assets/logos/eintracht-frankfurt.svg,Hugo Emanuel Larsson,DFL-OBJ-J01VX4,hugo-larsson,16,Midfielder,2004-06-27,187,79,SWE,https://assets.bundesliga.com/player/dfl-obj-j01vx4-dfl-clu-00000f-dfl-sea-0001k9.png,assets/images/eintracht-frankfurt/hugo-larsson.png,2023-2024,DFL-SEA-0001K7,29,2,1,10,4,6,376,1,0,0,266.8,33.33,6,15,1185,136,10
Eintracht Frankfurt,DFL-CLU-00000L,https://assets.bundesliga.com/clublogos/DFL-SEA-0001K9/DFL-CLU-00000L.svg,assets/logos/eintracht-frankfurt.svg,Jean-Mattéo Bahoya Négoce,DFL-OBJ-J01TPA,jean-matteo-bahoya,19,Striker,2005-05-07,180,75,"FRA , CMR",https://assets.bundesliga.com/player/dfl-obj-j01tpa-dfl-clu-00000f-dfl-sea-0001k9.png,assets/images/eintracht-frankfurt/jean-matteo-bahoya.png,2025-2026,DFL-SEA-0001K9,27,3,4,27,9,18,334,2,0,0,165.9,36.04,30,13,765,176,7
Eintracht Frankfurt,DFL-CLU-00000L,https://assets.bundesliga.com/clublogos/DFL-SEA-0001K9/DFL-CLU-00000L.svg,assets/logos/eintracht-frankfurt.svg,Jean-Mattéo Bahoya Négoce,DFL-OBJ-J01TPA,jean-matteo-bahoya,19,Striker,2005-05-07,180,75,"FRA , CMR",https://assets.bundesliga.com/player/dfl-obj-j01tpa-dfl-clu-00000f-dfl-sea-0001k9.png,assets/images/eintracht-frankfurt/jean-matteo-bahoya.png,2024-2025,DFL-SEA-0001K8,24,2,3,9,2,7,324,3,0,0,119,37.16,16,9,503,96,12
Eintracht Frankfurt,DFL-CLU-00000L,https://assets.bundesliga.com/clublogos/DFL-SEA-0001K9/DFL-CLU-00000L.svg,assets/logos/eintracht-frankfurt.svg,Jean-Mattéo Bahoya Négoce,DFL-OBJ-J01TPA,jean-matteo-bahoya,19,Striker,2005-05-07,180,75,"FRA , CMR",https://assets.bundesliga.com/player/dfl-obj-j01tpa-dfl-clu-00000f-dfl-sea-0001k9.png,assets/images/eintracht-frankfurt/jean-matteo-bahoya.png,2023-2024,DFL-SEA-0001K7,8,0,0,0,0,0,74,0,0,0,26.3,34.03,1,1,118,26,1
Eintracht Frankfurt,DFL-CLU-00000L,https://assets.bundesliga.com/clublogos/DFL-SEA-0001K9/DFL-CLU-00000L.svg,assets/logos/eintracht-frankfurt.svg,Jens Grahl,DFL-OBJ-0000G2,jens-grahl,33,Goalkeeper,1988-09-22,192,88,DEU,https://assets.bundesliga.com/player/dfl-obj-0000g2-dfl-clu-00000f-dfl-sea-0001k9.png,assets/images/eintracht-frankfurt/jens-grahl.png,2023-2024,DFL-SEA-0001K7,2,0,1,0,0,0,0,0,0,0,9.8,23.96,0,0,112,0,0
Eintracht Frankfurt,DFL-CLU-00000L,https://assets.bundesliga.com/clublogos/DFL-SEA-0001K9/DFL-CLU-00000L.svg,assets/logos/eintracht-frankfurt.svg,Jens Grahl,DFL-OBJ-0000G2,jens-grahl,33,Goalkeeper,1988-09-22,192,88,DEU,https://assets.bundesliga.com/player/dfl-obj-0000g2-dfl-clu-00000f-dfl-sea-0001k9.png,assets/images/eintracht-frankfurt/jens-grahl.png,2021-2022,DFL-SEA-0001K5,1,0,0,0,0,0,0,0,0,0,5.5,24.24,0,0,35,0,0
Eintracht Frankfurt,DFL-CLU-00000L,https://assets.bundesliga.com/clublogos/DFL-SEA-0001K9/DFL-CLU-00000L.svg,assets/logos/eintracht-frankfurt.svg,Jonathan Michael Burkardt,DFL-OBJ-002FU7,jonathan-burkardt,9,Striker,2000-07-11,181,76,DEU,https://assets.bundesliga.com/player/dfl-obj-002fu7-dfl-clu-00000f-dfl-sea-0001k9.png,assets/images/eintracht-frankfurt/jonathan-burkardt.png,2025-2026,DFL-SEA-0001K9,22,13,1,40,22,18,256,1,0,0,163,34.38,2,12,374,116,19
Eintracht Frankfurt,DFL-CLU-00000L,https://assets.bundesliga.com/clublogos/DFL-SEA-0001K9/DFL-CLU-00000L.svg,assets/logos/eintracht-frankfurt.svg,Jonathan Michael Burkardt,DFL-OBJ-002FU7,jonathan-burkardt,9,Striker,2000-07-11,181,76,DEU,https://assets.bundesliga.com/player/dfl-obj-002fu7-dfl-clu-00000f-dfl-sea-0001k9.png,assets/images/eintracht-frankfurt/jonathan-burkardt.png,2024-2025,DFL-SEA-0001K8,29,18,2,76,31,45,599,0,0,0,259.2,34.59,18,23,827,178,21
Eintracht Frankfurt,DFL-CLU-00000L,https://assets.bundesliga.com/clublogos/DFL-SEA-0001K9/DFL-CLU-00000L.svg,assets/logos/eintracht-frankfurt.svg,Jonathan Michael Burkardt,DFL-OBJ-002FU7,jonathan-burkardt,9,Striker,2000-07-11,181,76,DEU,https://assets.bundesliga.com/player/dfl-obj-002fu7-dfl-clu-00000f-dfl-sea-0001k9.png,assets/images/eintracht-frankfurt/jonathan-burkardt.png,2023-2024,DFL-SEA-0001K7,21,8,2,42,17,25,491,2,0,0,198.2,32.67,29,18,653,181,32
Eintracht Frankfurt,DFL-CLU-00000L,https://assets.bundesliga.com/clublogos/DFL-SEA-0001K9/DFL-CLU-00000L.svg,assets/logos/eintracht-frankfurt.svg,Jonathan Michael Burkardt,DFL-OBJ-002FU7,jonathan-burkardt,9,Striker,2000-07-11,181,76,DEU,https://assets.bundesliga.com/player/dfl-obj-002fu7-dfl-clu-00000f-dfl-sea-0001k9.png,assets/images/eintracht-frankfurt/jonathan-burkardt.png,2022-2023,DFL-SEA-0001K6,11,1,2,23,7,16,146,2,0,0,54.9,33.91,11,5,192,69,11
Eintracht Frankfurt,DFL-CLU-00000L,https://assets.bundesliga.com/clublogos/DFL-SEA-0001K9/DFL-CLU-00000L.svg,assets/logos/eintracht-frankfurt.svg,Jonathan Michael Burkardt,DFL-OBJ-002FU7,jonathan-burkardt,9,Striker,2000-07-11,181,76,DEU,https://assets.bundesliga.com/player/dfl-obj-002fu7-dfl-clu-00000f-dfl-sea-0001k9.png,assets/images/eintracht-frankfurt/jonathan-burkardt.png,2021-2022,DFL-SEA-0001K5,34,11,3,82,36,46,832,0,0,0,317.5,34.75,29,22,1044,298,44
Eintracht Frankfurt,DFL-CLU-00000L,https://assets.bundesliga.com/clublogos/DFL-SEA-0001K9/DFL-CLU-00000L.svg,assets/logos/eintracht-frankfurt.svg,Jonathan Michael Burkardt,DFL-OBJ-002FU7,jonathan-burkardt,9,Striker,2000-07-11,181,76,DEU,https://assets.bundesliga.com/player/dfl-obj-002fu7-dfl-clu-00000f-dfl-sea-0001k9.png,assets/images/eintracht-frankfurt/jonathan-burkardt.png,2020-2021,DFL-SEA-0001K4,33,2,0,31,10,21,605,0,0,0,210.1,35.02,7,23,676,215,26
Eintracht Frankfurt,DFL-CLU-00000L,https://assets.bundesliga.com/clublogos/DFL-SEA-0001K9/DFL-CLU-00000L.svg,assets/logos/eintracht-frankfurt.svg,Jonathan Michael Burkardt,DFL-OBJ-002FU7,jonathan-burkardt,9,Striker,2000-07-11,181,76,DEU,https://assets.bundesliga.com/player/dfl-obj-002fu7-dfl-clu-00000f-dfl-sea-0001k9.png,assets/images/eintracht-frankfurt/jonathan-burkardt.png,2019-2020,DFL-SEA-0001K3,8,1,0,7,2,5,94,0,0,0,34.4,34.21,2,2,96,38,4
Eintracht Frankfurt,DFL-CLU-00000L,https://assets.bundesliga.com/clublogos/DFL-SEA-0001K9/DFL-CLU-00000L.svg,assets/logos/eintracht-frankfurt.svg,Kauã Morais Vieira dos Santos,DFL-OBJ-J01UNV,kaua-santos,40,Goalkeeper,2003-04-11,196,85,BRA,https://assets.bundesliga.com/player/dfl-obj-j01unv-dfl-clu-00000f-dfl-sea-0001k9.png,assets/images/eintracht-frankfurt/kaua-santos.png,2025-2026,DFL-SEA-0001K9,13,0,0,0,0,0,4,0,0,0,60.8,30.37,0,0,584,0,0
Eintracht Frankfurt,DFL-CLU-00000L,https://assets.bundesliga.com/clublogos/DFL-SEA-0001K9/DFL-CLU-00000L.svg,assets/logos/eintracht-frankfurt.svg,Kauã Morais Vieira dos Santos,DFL-OBJ-J01UNV,kaua-santos,40,Goalkeeper,2003-04-11,196,85,BRA,https://assets.bundesliga.com/player/dfl-obj-j01unv-dfl-clu-00000f-dfl-sea-0001k9.png,assets/images/eintracht-frankfurt/kaua-santos.png,2024-2025,DFL-SEA-0001K8,9,0,0,0,0,0,2,0,0,0,40,26.61,0,0,378,0,0
Eintracht Frankfurt,DFL-CLU-00000L,https://assets.bundesliga.com/clublogos/DFL-SEA-0001K9/DFL-CLU-00000L.svg,assets/logos/eintracht-frankfurt.svg,Keita Kosugi,DFL-OBJ-J01XWH,keita-kosugi,26,Defender,2006-03-18,172,69,JPN,https://assets.bundesliga.com/player/dfl-obj-j01xwh-dfl-clu-00000f-dfl-sea-0001k9.png,assets/images/eintracht-frankfurt/keita-kosugi.png,2025-2026,DFL-SEA-0001K9,,,,,,,,,,,,,,,,,
Eintracht Frankfurt,DFL-CLU-00000L,https://assets.bundesliga.com/clublogos/DFL-SEA-0001K9/DFL-CLU-00000L.svg,assets/logos/eintracht-frankfurt.svg,Paul Love Arrhov,DFL-OBJ-J0244I,love-arrhov,31,Midfielder,2008-05-17,178,70,SWE,https://assets.bundesliga.com/player/dfl-obj-j0244i-dfl-clu-00000f-dfl-sea-0001k9.png,assets/images/eintracht-frankfurt/love-arrhov.png,2025-2026,DFL-SEA-0001K9,5,0,0,0,0,0,24,1,0,0,10.8,30.79,0,3,34,5,0
Eintracht Frankfurt,DFL-CLU-00000L,https://assets.bundesliga.com/clublogos/DFL-SEA-0001K9/DFL-CLU-00000L.svg,assets/logos/eintracht-frankfurt.svg,Mahmoud Dahoud,DFL-OBJ-00021P,mahmoud-dahoud,18,Midfielder,1996-01-01,178,68,DEU,https://assets.bundesliga.com/player/dfl-obj-00021p-dfl-clu-00000f-dfl-sea-0001k9.png,assets/images/eintracht-frankfurt/mahmoud-dahoud.png,2025-2026,DFL-SEA-0001K9,15,2,3,18,2,16,85,0,0,0,100.6,31.06,1,15,470,70,6
Eintracht Frankfurt,DFL-CLU-00000L,https://assets.bundesliga.com/clublogos/DFL-SEA-0001K9/DFL-CLU-00000L.svg,assets/logos/eintracht-frankfurt.svg,Mahmoud Dahoud,DFL-OBJ-00021P,mahmoud-dahoud,18,Midfielder,1996-01-01,178,68,DEU,https://assets.bundesliga.com/player/dfl-obj-00021p-dfl-clu-00000f-dfl-sea-0001k9.png,assets/images/eintracht-frankfurt/mahmoud-dahoud.png,2024-2025,DFL-SEA-0001K8,9,1,1,7,2,5,61,2,0,0,50.5,30.36,1,10,269,30,2
Eintracht Frankfurt,DFL-CLU-00000L,https://assets.bundesliga.com/clublogos/DFL-SEA-0001K9/DFL-CLU-00000L.svg,assets/logos/eintracht-frankfurt.svg,Mahmoud Dahoud,DFL-OBJ-00021P,mahmoud-dahoud,18,Midfielder,1996-01-01,178,68,DEU,https://assets.bundesliga.com/player/dfl-obj-00021p-dfl-clu-00000f-dfl-sea-0001k9.png,assets/images/eintracht-frankfurt/mahmoud-dahoud.png,2023-2024,DFL-SEA-0001K7,13,1,0,3,1,2,43,0,0,0,28.7,29.59,1,0,257,24,1
Eintracht Frankfurt,DFL-CLU-00000L,https://assets.bundesliga.com/clublogos/DFL-SEA-0001K9/DFL-CLU-00000L.svg,assets/logos/eintracht-frankfurt.svg,Mahmoud Dahoud,DFL-OBJ-00021P,mahmoud-dahoud,18,Midfielder,1996-01-01,178,68,DEU,https://assets.bundesliga.com/player/dfl-obj-00021p-dfl-clu-00000f-dfl-sea-0001k9.png,assets/images/eintracht-frankfurt/mahmoud-dahoud.png,2022-2023,DFL-SEA-0001K6,9,0,0,6,1,5,57,1,0,0,41.6,31.94,0,3,312,36,2
Eintracht Frankfurt,DFL-CLU-00000L,https://assets.bundesliga.com/clublogos/DFL-SEA-0001K9/DFL-CLU-00000L.svg,assets/logos/eintracht-frankfurt.svg,Mahmoud Dahoud,DFL-OBJ-00021P,mahmoud-dahoud,18,Midfielder,1996-01-01,178,68,DEU,https://assets.bundesliga.com/player/dfl-obj-00021p-dfl-clu-00000f-dfl-sea-0001k9.png,assets/images/eintracht-frankfurt/mahmoud-dahoud.png,2021-2022,DFL-SEA-0001K5,22,2,3,25,4,21,290,5,0,0,219.7,32.01,7,20,1317,192,15
Eintracht Frankfurt,DFL-CLU-00000L,https://assets.bundesliga.com/clublogos/DFL-SEA-0001K9/DFL-CLU-00000L.svg,assets/logos/eintracht-frankfurt.svg,Mahmoud Dahoud,DFL-OBJ-00021P,mahmoud-dahoud,18,Midfielder,1996-01-01,178,68,DEU,https://assets.bundesliga.com/player/dfl-obj-00021p-dfl-clu-00000f-dfl-sea-0001k9.png,assets/images/eintracht-frankfurt/mahmoud-dahoud.png,2020-2021,DFL-SEA-0001K4,9,1,1,18,6,12,102,3,0,0,77.5,32.32,2,27,1116,182,16
Eintracht Frankfurt,DFL-CLU-00000L,https://assets.bundesliga.com/clublogos/DFL-SEA-0001K9/DFL-CLU-00000L.svg,assets/logos/eintracht-frankfurt.svg,Mahmoud Dahoud,DFL-OBJ-00021P,mahmoud-dahoud,18,Midfielder,1996-01-01,178,68,DEU,https://assets.bundesliga.com/player/dfl-obj-00021p-dfl-clu-00000f-dfl-sea-0001k9.png,assets/images/eintracht-frankfurt/mahmoud-dahoud.png,2019-2020,DFL-SEA-0001K3,12,0,1,13,4,9,99,1,0,0,79.4,32.21,4,12,585,73,4
Eintracht Frankfurt,DFL-CLU-00000L,https://assets.bundesliga.com/clublogos/DFL-SEA-0001K9/DFL-CLU-00000L.svg,assets/logos/eintracht-frankfurt.svg,Mario Götze,DFL-OBJ-00000H,mario-gotze,27,Midfielder,1992-06-03,176,75,DEU,https://assets.bundesliga.com/player/dfl-obj-00000h-dfl-clu-00000f-dfl-sea-0001k9.png,assets/images/eintracht-frankfurt/mario-gotze.png,2025-2026,DFL-SEA-0001K9,21,0,0,6,1,5,130,1,0,0,132.1,30.38,13,8,634,77,2
Eintracht Frankfurt,DFL-CLU-00000L,https://assets.bundesliga.com/clublogos/DFL-SEA-0001K9/DFL-CLU-00000L.svg,assets/logos/eintracht-frankfurt.svg,Mario Götze,DFL-OBJ-00000H,mario-gotze,27,Midfielder,1992-06-03,176,75,DEU,https://assets.bundesliga.com/player/dfl-obj-00000h-dfl-clu-00000f-dfl-sea-0001k9.png,assets/images/eintracht-frankfurt/mario-gotze.png,2024-2025,DFL-SEA-0001K8,24,3,2,8,6,2,423,1,0,0,208.3,31.05,12,15,1034,141,3
Eintracht Frankfurt,DFL-CLU-00000L,https://assets.bundesliga.com/clublogos/DFL-SEA-0001K9/DFL-CLU-00000L.svg,assets/logos/eintracht-frankfurt.svg,Mario Götze,DFL-OBJ-00000H,mario-gotze,27,Midfielder,1992-06-03,176,75,DEU,https://assets.bundesliga.com/player/dfl-obj-00000h-dfl-clu-00000f-dfl-sea-0001k9.png,assets/images/eintracht-frankfurt/mario-gotze.png,2023-2024,DFL-SEA-0001K7,30,3,2,15,6,9,479,3,0,0,278.2,30.95,25,14,1609,216,8
Eintracht Frankfurt,DFL-CLU-00000L,https://assets.bundesliga.com/clublogos/DFL-SEA-0001K9/DFL-CLU-00000L.svg,assets/logos/eintracht-frankfurt.svg,Mario Götze,DFL-OBJ-00000H,mario-gotze,27,Midfielder,1992-06-03,176,75,DEU,https://assets.bundesliga.com/player/dfl-obj-00000h-dfl-clu-00000f-dfl-sea-0001k9.png,assets/images/eintracht-frankfurt/mario-gotze.png,2022-2023,DFL-SEA-0001K6,32,3,1,27,9,18,737,6,0,0,365.9,31.81,50,20,1928,278,3
Eintracht Frankfurt,DFL-CLU-00000L,https://assets.bundesliga.com/clublogos/DFL-SEA-0001K9/DFL-CLU-00000L.svg,assets/logos/eintracht-frankfurt.svg,Mario Götze,DFL-OBJ-00000H,mario-gotze,27,Midfielder,1992-06-03,176,75,DEU,https://assets.bundesliga.com/player/dfl-obj-00000h-dfl-clu-00000f-dfl-sea-0001k9.png,assets/images/eintracht-frankfurt/mario-gotze.png,2019-2020,DFL-SEA-0001K3,15,3,0,8,4,4,168,0,0,0,70.1,32.9,7,6,358,60,3
Eintracht Frankfurt,DFL-CLU-00000L,https://assets.bundesliga.com/clublogos/DFL-SEA-0001K9/DFL-CLU-00000L.svg,assets/logos/eintracht-frankfurt.svg,Marvin Dills,DFL-OBJ-J022FO,marvin-dills,45,Midfielder,2007-04-25,177,,"DEU , USA",https://assets.bundesliga.com/player/dfl-obj-j022fo-dfl-clu-00000f-dfl-sea-0001k9.png,assets/images/eintracht-frankfurt/marvin-dills.png,2025-2026,DFL-SEA-0001K9,,,,,,,,,,,,,,,,,
Eintracht Frankfurt,DFL-CLU-00000L,https://assets.bundesliga.com/clublogos/DFL-SEA-0001K9/DFL-CLU-00000L.svg,assets/logos/eintracht-frankfurt.svg,Michael Zetterer,DFL-OBJ-00259O,michael-zetterer,23,Goalkeeper,1995-07-12,187,79,DEU,https://assets.bundesliga.com/player/dfl-obj-00259o-dfl-clu-00000f-dfl-sea-0001k9.png,assets/images/eintracht-frankfurt/michael-zetterer.png,2025-2026,DFL-SEA-0001K9,22,0,0,0,0,0,14,1,0,0,119.9,29,0,0,1057,0,0
Eintracht Frankfurt,DFL-CLU-00000L,https://assets.bundesliga.com/clublogos/DFL-SEA-0001K9/DFL-CLU-00000L.svg,assets/logos/eintracht-frankfurt.svg,Michael Zetterer,DFL-OBJ-00259O,michael-zetterer,23,Goalkeeper,1995-07-12,187,79,DEU,https://assets.bundesliga.com/player/dfl-obj-00259o-dfl-clu-00000f-dfl-sea-0001k9.png,assets/images/eintracht-frankfurt/michael-zetterer.png,2024-2025,DFL-SEA-0001K8,34,0,0,0,0,0,24,2,0,0,181.9,29.38,0,0,1511,0,0
Eintracht Frankfurt,DFL-CLU-00000L,https://assets.bundesliga.com/clublogos/DFL-SEA-0001K9/DFL-CLU-00000L.svg,assets/logos/eintracht-frankfurt.svg,Michael Zetterer,DFL-OBJ-00259O,michael-zetterer,23,Goalkeeper,1995-07-12,187,79,DEU,https://assets.bundesliga.com/player/dfl-obj-00259o-dfl-clu-00000f-dfl-sea-0001k9.png,assets/images/eintracht-frankfurt/michael-zetterer.png,2023-2024,DFL-SEA-0001K7,27,0,0,1,0,1,29,2,0,0,153.5,31.74,0,0,1335,0,0
Eintracht Frankfurt,DFL-CLU-00000L,https://assets.bundesliga.com/clublogos/DFL-SEA-0001K9/DFL-CLU-00000L.svg,assets/logos/eintracht-frankfurt.svg,Michael Zetterer,DFL-OBJ-00259O,michael-zetterer,23,Goalkeeper,1995-07-12,187,79,DEU,https://assets.bundesliga.com/player/dfl-obj-00259o-dfl-clu-00000f-dfl-sea-0001k9.png,assets/images/eintracht-frankfurt/michael-zetterer.png,2022-2023,DFL-SEA-0001K6,2,0,0,0,0,0,0,0,0,0,5.3,24.86,0,0,75,0,0
Eintracht Frankfurt,DFL-CLU-00000L,https://assets.bundesliga.com/clublogos/DFL-SEA-0001K9/DFL-CLU-00000L.svg,assets/logos/eintracht-frankfurt.svg,Michy Batshuayi-Atunga,DFL-OBJ-0028L8,michy-batshuayi,30,Striker,1993-10-02,185,88,"BEL , COD",https://assets.bundesliga.com/player/dfl-obj-0028l8-dfl-clu-00000f-dfl-sea-0001k9.png,assets/images/eintracht-frankfurt/michy-batshuayi.png,2025-2026,DFL-SEA-0001K9,6,1,0,5,1,4,25,0,0,0,17.4,31.44,1,3,67,13,6
Eintracht Frankfurt,DFL-CLU-00000L,https://assets.bundesliga.com/clublogos/DFL-SEA-0001K9/DFL-CLU-00000L.svg,assets/logos/eintracht-frankfurt.svg,Michy Batshuayi-Atunga,DFL-OBJ-0028L8,michy-batshuayi,30,Striker,1993-10-02,185,88,"BEL , COD",https://assets.bundesliga.com/player/dfl-obj-0028l8-dfl-clu-00000f-dfl-sea-0001k9.png,assets/images/eintracht-frankfurt/michy-batshuayi.png,2024-2025,DFL-SEA-0001K8,10,3,0,5,3,2,97,2,0,0,37.7,32.44,0,5,104,28,6
Eintracht Frankfurt,DFL-CLU-00000L,https://assets.bundesliga.com/clublogos/DFL-SEA-0001K9/DFL-CLU-00000L.svg,assets/logos/eintracht-frankfurt.svg,Nathaniel Brown,DFL-OBJ-J01DNM,nathaniel-brown,21,Defender,2003-06-16,176,60,"DEU , USA",https://assets.bundesliga.com/player/dfl-obj-j01dnm-dfl-clu-00000f-dfl-sea-0001k9.png,assets/images/eintracht-frankfurt/nathaniel-brown.png,2025-2026,DFL-SEA-0001K9,33,4,4,18,9,9,474,3,0,0,323.1,35.78,31,25,1760,303,15
Eintracht Frankfurt,DFL-CLU-00000L,https://assets.bundesliga.com/clublogos/DFL-SEA-0001K9/DFL-CLU-00000L.svg,assets/logos/eintracht-frankfurt.svg,Nathaniel Brown,DFL-OBJ-J01DNM,nathaniel-brown,21,Defender,2003-06-16,176,60,"DEU , USA",https://assets.bundesliga.com/player/dfl-obj-j01dnm-dfl-clu-00000f-dfl-sea-0001k9.png,assets/images/eintracht-frankfurt/nathaniel-brown.png,2024-2025,DFL-SEA-0001K8,26,3,6,13,6,7,549,2,0,0,241.8,34.27,34,14,1216,220,12
Eintracht Frankfurt,DFL-CLU-00000L,https://assets.bundesliga.com/clublogos/DFL-SEA-0001K9/DFL-CLU-00000L.svg,assets/logos/eintracht-frankfurt.svg,Pharrell Nnamdi Collins,DFL-OBJ-002GG7,nnamdi-collins,34,Defender,2004-01-10,188,81,"DEU , NGA",https://assets.bundesliga.com/player/dfl-obj-002gg7-dfl-clu-00000f-dfl-sea-0001k9.png,assets/images/eintracht-frankfurt/nnamdi-collins.png,2025-2026,DFL-SEA-0001K9,23,1,2,3,1,2,250,4,0,0,173.4,34.83,2,22,1451,197,23
Eintracht Frankfurt,DFL-CLU-00000L,https://assets.bundesliga.com/clublogos/DFL-SEA-0001K9/DFL-CLU-00000L.svg,assets/logos/eintracht-frankfurt.svg,Pharrell Nnamdi Collins,DFL-OBJ-002GG7,nnamdi-collins,34,Defender,2004-01-10,188,81,"DEU , NGA",https://assets.bundesliga.com/player/dfl-obj-002gg7-dfl-clu-00000f-dfl-sea-0001k9.png,assets/images/eintracht-frankfurt/nnamdi-collins.png,2024-2025,DFL-SEA-0001K8,24,1,1,5,2,3,370,4,0,0,172.5,35.77,9,24,1167,161,18
Eintracht Frankfurt,DFL-CLU-00000L,https://assets.bundesliga.com/clublogos/DFL-SEA-0001K9/DFL-CLU-00000L.svg,assets/logos/eintracht-frankfurt.svg,Pharrell Nnamdi Collins,DFL-OBJ-002GG7,nnamdi-collins,34,Defender,2004-01-10,188,81,"DEU , NGA",https://assets.bundesliga.com/player/dfl-obj-002gg7-dfl-clu-00000f-dfl-sea-0001k9.png,assets/images/eintracht-frankfurt/nnamdi-collins.png,2023-2024,DFL-SEA-0001K7,2,0,0,0,0,0,26,0,0,0,10.8,33.32,0,0,85,5,1
Eintracht Frankfurt,DFL-CLU-00000L,https://assets.bundesliga.com/clublogos/DFL-SEA-0001K9/DFL-CLU-00000L.svg,assets/logos/eintracht-frankfurt.svg,Oscar Winther Höjlund,DFL-OBJ-J01OBQ,oscar-hojlund,6,Midfielder,2005-01-04,184,76,DNK,https://assets.bundesliga.com/player/dfl-obj-j01obq-dfl-clu-00000f-dfl-sea-0001k9.png,assets/images/eintracht-frankfurt/oscar-hojlund.png,2025-2026,DFL-SEA-0001K9,24,1,1,8,4,4,218,2,0,0,150.4,32.74,2,26,722,114,7
Eintracht Frankfurt,DFL-CLU-00000L,https://assets.bundesliga.com/clublogos/DFL-SEA-0001K9/DFL-CLU-00000L.svg,assets/logos/eintracht-frankfurt.svg,Oscar Winther Höjlund,DFL-OBJ-J01OBQ,oscar-hojlund,6,Midfielder,2005-01-04,184,76,DNK,https://assets.bundesliga.com/player/dfl-obj-j01obq-dfl-clu-00000f-dfl-sea-0001k9.png,assets/images/eintracht-frankfurt/oscar-hojlund.png,2024-2025,DFL-SEA-0001K8,20,1,0,6,2,4,204,0,0,0,102.6,34.34,0,10,522,82,8
Eintracht Frankfurt,DFL-CLU-00000L,https://assets.bundesliga.com/clublogos/DFL-SEA-0001K9/DFL-CLU-00000L.svg,assets/logos/eintracht-frankfurt.svg,Rasmus Nissen Kristensen,DFL-OBJ-J018BS,rasmus-kristensen,13,Defender,1997-07-11,187,70,DNK,https://assets.bundesliga.com/player/dfl-obj-j018bs-dfl-clu-00000f-dfl-sea-0001k9.png,assets/images/eintracht-frankfurt/rasmus-kristensen.png,2025-2026,DFL-SEA-0001K9,22,2,0,17,7,10,287,4,0,0,174.2,32.94,27,23,1506,197,45
Eintracht Frankfurt,DFL-CLU-00000L,https://assets.bundesliga.com/clublogos/DFL-SEA-0001K9/DFL-CLU-00000L.svg,assets/logos/eintracht-frankfurt.svg,Rasmus Nissen Kristensen,DFL-OBJ-J018BS,rasmus-kristensen,13,Defender,1997-07-11,187,70,DNK,https://assets.bundesliga.com/player/dfl-obj-j018bs-dfl-clu-00000f-dfl-sea-0001k9.png,assets/images/eintracht-frankfurt/rasmus-kristensen.png,2024-2025,DFL-SEA-0001K8,30,5,3,23,8,15,698,4,0,0,287.3,33.57,50,25,2045,251,50
Eintracht Frankfurt,DFL-CLU-00000L,https://assets.bundesliga.com/clublogos/DFL-SEA-0001K9/DFL-CLU-00000L.svg,assets/logos/eintracht-frankfurt.svg,Ritsu Dōan,DFL-OBJ-002GJN,ritsu-doan,20,Midfielder,1998-06-16,172,70,JPN,https://assets.bundesliga.com/player/dfl-obj-002gjn-dfl-clu-00000f-dfl-sea-0001k9.png,assets/images/eintracht-frankfurt/ritsu-doan.png,2025-2026,DFL-SEA-0001K9,31,5,5,40,15,25,410,5,0,0,292.3,32.74,32,26,1401,298,23
Eintracht Frankfurt,DFL-CLU-00000L,https://assets.bundesliga.com/clublogos/DFL-SEA-0001K9/DFL-CLU-00000L.svg,assets/logos/eintracht-frankfurt.svg,Ritsu Dōan,DFL-OBJ-002GJN,ritsu-doan,20,Midfielder,1998-06-16,172,70,JPN,https://assets.bundesliga.com/player/dfl-obj-002gjn-dfl-clu-00000f-dfl-sea-0001k9.png,assets/images/eintracht-frankfurt/ritsu-doan.png,2024-2025,DFL-SEA-0001K8,34,10,7,59,22,37,802,2,0,0,336.7,34.25,47,27,1656,366,23
Eintracht Frankfurt,DFL-CLU-00000L,https://assets.bundesliga.com/clublogos/DFL-SEA-0001K9/DFL-CLU-00000L.svg,assets/logos/eintracht-frankfurt.svg,Ritsu Dōan,DFL-OBJ-002GJN,ritsu-doan,20,Midfielder,1998-06-16,172,70,JPN,https://assets.bundesliga.com/player/dfl-obj-002gjn-dfl-clu-00000f-dfl-sea-0001k9.png,assets/images/eintracht-frankfurt/ritsu-doan.png,2023-2024,DFL-SEA-0001K7,30,7,2,37,19,18,671,2,0,0,273.5,33.58,28,25,1120,250,22
Eintracht Frankfurt,DFL-CLU-00000L,https://assets.bundesliga.com/clublogos/DFL-SEA-0001K9/DFL-CLU-00000L.svg,assets/logos/eintracht-frankfurt.svg,Ritsu Dōan,DFL-OBJ-002GJN,ritsu-doan,20,Midfielder,1998-06-16,172,70,JPN,https://assets.bundesliga.com/player/dfl-obj-002gjn-dfl-clu-00000f-dfl-sea-0001k9.png,assets/images/eintracht-frankfurt/ritsu-doan.png,2022-2023,DFL-SEA-0001K6,33,5,4,57,27,30,623,3,0,0,253.7,33.9,21,29,1130,347,12
Eintracht Frankfurt,DFL-CLU-00000L,https://assets.bundesliga.com/clublogos/DFL-SEA-0001K9/DFL-CLU-00000L.svg,assets/logos/eintracht-frankfurt.svg,Ritsu Dōan,DFL-OBJ-002GJN,ritsu-doan,20,Midfielder,1998-06-16,172,70,JPN,https://assets.bundesliga.com/player/dfl-obj-002gjn-dfl-clu-00000f-dfl-sea-0001k9.png,assets/images/eintracht-frankfurt/ritsu-doan.png,2020-2021,DFL-SEA-0001K4,35,5,2,67,21,46,847,1,0,0,350.6,33.79,44,26,1423,384,19
Eintracht Frankfurt,DFL-CLU-00000L,https://assets.bundesliga.com/clublogos/DFL-SEA-0001K9/DFL-CLU-00000L.svg,assets/logos/eintracht-frankfurt.svg,Robin Leon Koch,DFL-OBJ-0025W7,robin-koch,4,Defender,1996-07-17,192,85,DEU,https://assets.bundesliga.com/player/dfl-obj-0025w7-dfl-clu-00000f-dfl-sea-0001k9.png,assets/images/eintracht-frankfurt/robin-koch.png,2025-2026,DFL-SEA-0001K9,32,3,1,15,4,11,311,1,0,0,338,33.33,2,29,2637,280,115
Eintracht Frankfurt,DFL-CLU-00000L,https://assets.bundesliga.com/clublogos/DFL-SEA-0001K9/DFL-CLU-00000L.svg,assets/logos/eintracht-frankfurt.svg,Robin Leon Koch,DFL-OBJ-0025W7,robin-koch,4,Defender,1996-07-17,192,85,DEU,https://assets.bundesliga.com/player/dfl-obj-0025w7-dfl-clu-00000f-dfl-sea-0001k9.png,assets/images/eintracht-frankfurt/robin-koch.png,2024-2025,DFL-SEA-0001K8,30,3,0,16,6,10,418,3,0,0,304.8,33.5,0,24,2253,216,116
Eintracht Frankfurt,DFL-CLU-00000L,https://assets.bundesliga.com/clublogos/DFL-SEA-0001K9/DFL-CLU-00000L.svg,assets/logos/eintracht-frankfurt.svg,Robin Leon Koch,DFL-OBJ-0025W7,robin-koch,4,Defender,1996-07-17,192,85,DEU,https://assets.bundesliga.com/player/dfl-obj-0025w7-dfl-clu-00000f-dfl-sea-0001k9.png,assets/images/eintracht-frankfurt/robin-koch.png,2023-2024,DFL-SEA-0001K7,31,2,0,21,5,16,476,10,0,0,325.3,33.38,1,20,2542,250,99
Eintracht Frankfurt,DFL-CLU-00000L,https://assets.bundesliga.com/clublogos/DFL-SEA-0001K9/DFL-CLU-00000L.svg,assets/logos/eintracht-frankfurt.svg,Robin Leon Koch,DFL-OBJ-0025W7,robin-koch,4,Defender,1996-07-17,192,85,DEU,https://assets.bundesliga.com/player/dfl-obj-0025w7-dfl-clu-00000f-dfl-sea-0001k9.png,assets/images/eintracht-frankfurt/robin-koch.png,2019-2020,DFL-SEA-0001K3,32,1,0,32,11,21,420,3,0,0,329,34.29,3,27,1825,281,139
Eintracht Frankfurt,DFL-CLU-00000L,https://assets.bundesliga.com/clublogos/DFL-SEA-0001K9/DFL-CLU-00000L.svg,assets/logos/eintracht-frankfurt.svg,Timothy Chandler,DFL-OBJ-0000PI,timothy-chandler,22,Midfielder,1990-03-29,187,84,"USA , DEU",https://assets.bundesliga.com/player/dfl-obj-0000pi-dfl-clu-00000f-dfl-sea-0001k9.png,assets/images/eintracht-frankfurt/timothy-chandler.png,2025-2026,DFL-SEA-0001K9,1,0,0,0,0,0,1,0,0,0,0.7,28.52,1,0,16,3,2
Eintracht Frankfurt,DFL-CLU-00000L,https://assets.bundesliga.com/clublogos/DFL-SEA-0001K9/DFL-CLU-00000L.svg,assets/logos/eintracht-frankfurt.svg,Timothy Chandler,DFL-OBJ-0000PI,timothy-chandler,22,Midfielder,1990-03-29,187,84,"USA , DEU",https://assets.bundesliga.com/player/dfl-obj-0000pi-dfl-clu-00000f-dfl-sea-0001k9.png,assets/images/eintracht-frankfurt/timothy-chandler.png,2024-2025,DFL-SEA-0001K8,3,0,0,0,0,0,15,0,0,0,3.9,29.26,1,0,33,9,7
Eintracht Frankfurt,DFL-CLU-00000L,https://assets.bundesliga.com/clublogos/DFL-SEA-0001K9/DFL-CLU-00000L.svg,assets/logos/eintracht-frankfurt.svg,Timothy Chandler,DFL-OBJ-0000PI,timothy-chandler,22,Midfielder,1990-03-29,187,84,"USA , DEU",https://assets.bundesliga.com/player/dfl-obj-0000pi-dfl-clu-00000f-dfl-sea-0001k9.png,assets/images/eintracht-frankfurt/timothy-chandler.png,2023-2024,DFL-SEA-0001K7,6,0,1,1,1,0,17,0,0,0,6.9,30.87,4,0,30,3,1
Eintracht Frankfurt,DFL-CLU-00000L,https://assets.bundesliga.com/clublogos/DFL-SEA-0001K9/DFL-CLU-00000L.svg,assets/logos/eintracht-frankfurt.svg,Timothy Chandler,DFL-OBJ-0000PI,timothy-chandler,22,Midfielder,1990-03-29,187,84,"USA , DEU",https://assets.bundesliga.com/player/dfl-obj-0000pi-dfl-clu-00000f-dfl-sea-0001k9.png,assets/images/eintracht-frankfurt/timothy-chandler.png,2022-2023,DFL-SEA-0001K6,6,0,0,0,0,0,19,0,0,0,10.7,30.65,3,0,72,9,1
Eintracht Frankfurt,DFL-CLU-00000L,https://assets.bundesliga.com/clublogos/DFL-SEA-0001K9/DFL-CLU-00000L.svg,assets/logos/eintracht-frankfurt.svg,Timothy Chandler,DFL-OBJ-0000PI,timothy-chandler,22,Midfielder,1990-03-29,187,84,"USA , DEU",https://assets.bundesliga.com/player/dfl-obj-0000pi-dfl-clu-00000f-dfl-sea-0001k9.png,assets/images/eintracht-frankfurt/timothy-chandler.png,2021-2022,DFL-SEA-0001K5,17,0,0,13,3,10,328,4,0,0,144.4,31.75,28,14,711,87,16
Eintracht Frankfurt,DFL-CLU-00000L,https://assets.bundesliga.com/clublogos/DFL-SEA-0001K9/DFL-CLU-00000L.svg,assets/logos/eintracht-frankfurt.svg,Timothy Chandler,DFL-OBJ-0000PI,timothy-chandler,22,Midfielder,1990-03-29,187,84,"USA , DEU",https://assets.bundesliga.com/player/dfl-obj-0000pi-dfl-clu-00000f-dfl-sea-0001k9.png,assets/images/eintracht-frankfurt/timothy-chandler.png,2020-2021,DFL-SEA-0001K4,16,1,0,8,2,6,160,2,0,0,57.8,32.39,22,5,254,28,9
Eintracht Frankfurt,DFL-CLU-00000L,https://assets.bundesliga.com/clublogos/DFL-SEA-0001K9/DFL-CLU-00000L.svg,assets/logos/eintracht-frankfurt.svg,Timothy Chandler,DFL-OBJ-0000PI,timothy-chandler,22,Midfielder,1990-03-29,187,84,"USA , DEU",https://assets.bundesliga.com/player/dfl-obj-0000pi-dfl-clu-00000f-dfl-sea-0001k9.png,assets/images/eintracht-frankfurt/timothy-chandler.png,2019-2020,DFL-SEA-0001K3,22,5,1,17,9,8,355,4,0,0,147.7,32.79,52,14,589,123,41
Eintracht Frankfurt,DFL-CLU-00000L,https://assets.bundesliga.com/clublogos/DFL-SEA-0001K9/DFL-CLU-00000L.svg,assets/logos/eintracht-frankfurt.svg,Younes Ebnoutalib,DFL-OBJ-J01CX2,younes-ebnoutalib,11,Striker,2003-09-13,187,79,"DEU , MAR",https://assets.bundesliga.com/player/dfl-obj-j01cx2-dfl-clu-00000f-dfl-sea-0001k9.png,assets/images/eintracht-frankfurt/younes-ebnoutalib.png,2025-2026,DFL-SEA-0001K9,5,1,0,5,2,3,28,0,0,0,19.3,31.2,0,2,48,14,3
Augsburg,DFL-CLU-00000G,https://assets.bundesliga.com/clublogos/DFL-SEA-0001K9/DFL-CLU-00000G.svg,assets/logos/fc-augsburg.svg,Alexis Julian Claude-Maurice,DFL-OBJ-J01FUR,alexis-claude-maurice,20,Midfielder,1998-06-06,174,62,"FRA , GLP",https://assets.bundesliga.com/player/dfl-obj-j01fur-dfl-clu-000010-dfl-sea-0001k9.png,assets/images/fc-augsburg/alexis-claude-maurice.png,2025-2026,DFL-SEA-0001K9,29,5,3,68,25,43,293,3,0,0,261.5,33.18,11,23,1244,270,17
Augsburg,DFL-CLU-00000G,https://assets.bundesliga.com/clublogos/DFL-SEA-0001K9/DFL-CLU-00000G.svg,assets/logos/fc-augsburg.svg,Alexis Julian Claude-Maurice,DFL-OBJ-J01FUR,alexis-claude-maurice,20,Midfielder,1998-06-06,174,62,"FRA , GLP",https://assets.bundesliga.com/player/dfl-obj-j01fur-dfl-clu-000010-dfl-sea-0001k9.png,assets/images/fc-augsburg/alexis-claude-maurice.png,2024-2025,DFL-SEA-0001K8,28,9,2,59,22,37,468,4,0,0,262.4,33.83,17,22,1097,271,16
Augsburg,DFL-CLU-00000G,https://assets.bundesliga.com/clublogos/DFL-SEA-0001K9/DFL-CLU-00000G.svg,assets/logos/fc-augsburg.svg,Anton Kade,DFL-OBJ-J01K2X,anton-kade,30,Midfielder,2004-01-17,185,72,DEU,https://assets.bundesliga.com/player/dfl-obj-j01k2x-dfl-clu-000010-dfl-sea-0001k9.png,assets/images/fc-augsburg/anton-kade.png,2025-2026,DFL-SEA-0001K9,28,6,0,43,21,22,466,3,0,0,220.1,34.41,21,16,833,234,43
Augsburg,DFL-CLU-00000G,https://assets.bundesliga.com/clublogos/DFL-SEA-0001K9/DFL-CLU-00000G.svg,assets/logos/fc-augsburg.svg,Anton Kade,DFL-OBJ-J01K2X,anton-kade,30,Midfielder,2004-01-17,185,72,DEU,https://assets.bundesliga.com/player/dfl-obj-j01k2x-dfl-clu-000010-dfl-sea-0001k9.png,assets/images/fc-augsburg/anton-kade.png,2021-2022,DFL-SEA-0001K5,4,0,0,1,1,0,47,0,0,0,11.4,31.78,2,2,51,13,2
Augsburg,DFL-CLU-00000G,https://assets.bundesliga.com/clublogos/DFL-SEA-0001K9/DFL-CLU-00000G.svg,assets/logos/fc-augsburg.svg,Arthur Largura Chaves,DFL-OBJ-J021YE,arthur-chaves,34,Defender,2001-01-29,188,78,BRA,https://assets.bundesliga.com/player/dfl-obj-j021ye-dfl-clu-000010-dfl-sea-0001k9.png,assets/images/fc-augsburg/arthur-chaves.png,2025-2026,DFL-SEA-0001K9,15,2,0,3,2,1,184,2,0,0,130.2,35.23,1,13,639,124,25
Augsburg,DFL-CLU-00000G,https://assets.bundesliga.com/clublogos/DFL-SEA-0001K9/DFL-CLU-00000G.svg,assets/logos/fc-augsburg.svg,Arthur Largura Chaves,DFL-OBJ-J021YE,arthur-chaves,34,Defender,2001-01-29,188,78,BRA,https://assets.bundesliga.com/player/dfl-obj-j021ye-dfl-clu-000010-dfl-sea-0001k9.png,assets/images/fc-augsburg/arthur-chaves.png,2024-2025,DFL-SEA-0001K8,26,1,0,10,2,8,517,8,0,0,265.7,34.41,5,36,1577,259,83
Augsburg,DFL-CLU-00000G,https://assets.bundesliga.com/clublogos/DFL-SEA-0001K9/DFL-CLU-00000G.svg,assets/logos/fc-augsburg.svg,Cédric Adrian Zesiger,DFL-OBJ-J017LG,cedric-zesiger,16,Defender,1998-06-24,194,92,CHE,https://assets.bundesliga.com/player/dfl-obj-j017lg-dfl-clu-000010-dfl-sea-0001k9.png,assets/images/fc-augsburg/cedric-zesiger.png,2025-2026,DFL-SEA-0001K9,27,0,0,11,3,8,305,7,0,0,215.7,33.57,16,17,1312,180,54
Augsburg,DFL-CLU-00000G,https://assets.bundesliga.com/clublogos/DFL-SEA-0001K9/DFL-CLU-00000G.svg,assets/logos/fc-augsburg.svg,Cédric Adrian Zesiger,DFL-OBJ-J017LG,cedric-zesiger,16,Defender,1998-06-24,194,92,CHE,https://assets.bundesliga.com/player/dfl-obj-j017lg-dfl-clu-000010-dfl-sea-0001k9.png,assets/images/fc-augsburg/cedric-zesiger.png,2024-2025,DFL-SEA-0001K8,22,0,2,10,3,7,393,9,0,0,200.1,33.86,6,29,1124,164,39
Augsburg,DFL-CLU-00000G,https://assets.bundesliga.com/clublogos/DFL-SEA-0001K9/DFL-CLU-00000G.svg,assets/logos/fc-augsburg.svg,Cédric Adrian Zesiger,DFL-OBJ-J017LG,cedric-zesiger,16,Defender,1998-06-24,194,92,CHE,https://assets.bundesliga.com/player/dfl-obj-j017lg-dfl-clu-000010-dfl-sea-0001k9.png,assets/images/fc-augsburg/cedric-zesiger.png,2023-2024,DFL-SEA-0001K7,23,0,0,14,2,12,394,5,0,0,192.9,34.08,5,23,1363,156,45
Augsburg,DFL-CLU-00000G,https://assets.bundesliga.com/clublogos/DFL-SEA-0001K9/DFL-CLU-00000G.svg,assets/logos/fc-augsburg.svg,Chrislain Iris Aurel Matsima,DFL-OBJ-J01L5I,chrislain-matsima,5,Defender,2002-05-15,193,81,"FRA , COD",https://assets.bundesliga.com/player/dfl-obj-j01l5i-dfl-clu-000010-dfl-sea-0001k9.png,assets/images/fc-augsburg/chrislain-matsima.png,2025-2026,DFL-SEA-0001K9,18,1,1,5,1,4,235,5,0,0,173.4,35.28,3,10,1041,149,43
Augsburg,DFL-CLU-00000G,https://assets.bundesliga.com/clublogos/DFL-SEA-0001K9/DFL-CLU-00000G.svg,assets/logos/fc-augsburg.svg,Chrislain Iris Aurel Matsima,DFL-OBJ-J01L5I,chrislain-matsima,5,Defender,2002-05-15,193,81,"FRA , COD",https://assets.bundesliga.com/player/dfl-obj-j01l5i-dfl-clu-000010-dfl-sea-0001k9.png,assets/images/fc-augsburg/chrislain-matsima.png,2024-2025,DFL-SEA-0001K8,30,1,1,14,2,12,489,4,0,0,291.4,34.8,2,11,1760,238,84
Augsburg,DFL-CLU-00000G,https://assets.bundesliga.com/clublogos/DFL-SEA-0001K9/DFL-CLU-00000G.svg,assets/logos/fc-augsburg.svg,Daniel Klein,DFL-OBJ-002FW1,daniel-klein,25,Goalkeeper,2001-03-13,193,87,DEU,https://assets.bundesliga.com/player/dfl-obj-002fw1-dfl-clu-000010-dfl-sea-0001k9.png,assets/images/fc-augsburg/daniel-klein.png,2025-2026,DFL-SEA-0001K9,,,,,,,,,,,,,,,,,
Augsburg,DFL-CLU-00000G,https://assets.bundesliga.com/clublogos/DFL-SEA-0001K9/DFL-CLU-00000G.svg,assets/logos/fc-augsburg.svg,Dimitrios Christos Giannoulis,DFL-OBJ-J017TJ,dimitrios-giannoulis,13,Defender,1995-10-17,177,71,GRC,https://assets.bundesliga.com/player/dfl-obj-j017tj-dfl-clu-000010-dfl-sea-0001k9.png,assets/images/fc-augsburg/dimitrios-giannoulis.png,2025-2026,DFL-SEA-0001K9,27,2,5,10,6,4,525,8,0,0,219.5,35.66,81,14,1232,187,19
Augsburg,DFL-CLU-00000G,https://assets.bundesliga.com/clublogos/DFL-SEA-0001K9/DFL-CLU-00000G.svg,assets/logos/fc-augsburg.svg,Dimitrios Christos Giannoulis,DFL-OBJ-J017TJ,dimitrios-giannoulis,13,Defender,1995-10-17,177,71,GRC,https://assets.bundesliga.com/player/dfl-obj-j017tj-dfl-clu-000010-dfl-sea-0001k9.png,assets/images/fc-augsburg/dimitrios-giannoulis.png,2024-2025,DFL-SEA-0001K8,31,1,4,14,4,10,949,8,0,0,313.2,35.29,95,17,1882,240,14
Augsburg,DFL-CLU-00000G,https://assets.bundesliga.com/clublogos/DFL-SEA-0001K9/DFL-CLU-00000G.svg,assets/logos/fc-augsburg.svg,Elvis Rexhbecaj,DFL-OBJ-0027UO,elvis-rexhbecaj,8,Midfielder,1997-11-01,182,78,"XKX , DEU",https://assets.bundesliga.com/player/dfl-obj-0027uo-dfl-clu-000010-dfl-sea-0001k9.png,assets/images/fc-augsburg/elvis-rexhbecaj.png,2025-2026,DFL-SEA-0001K9,26,2,0,12,5,7,143,4,0,0,154.5,31.47,11,11,625,101,15
Augsburg,DFL-CLU-00000G,https://assets.bundesliga.com/clublogos/DFL-SEA-0001K9/DFL-CLU-00000G.svg,assets/logos/fc-augsburg.svg,Elvis Rexhbecaj,DFL-OBJ-0027UO,elvis-rexhbecaj,8,Midfielder,1997-11-01,182,78,"XKX , DEU",https://assets.bundesliga.com/player/dfl-obj-0027uo-dfl-clu-000010-dfl-sea-0001k9.png,assets/images/fc-augsburg/elvis-rexhbecaj.png,2024-2025,DFL-SEA-0001K8,27,1,1,30,5,25,379,8,0,0,237.6,31.68,33,11,958,172,14
Augsburg,DFL-CLU-00000G,https://assets.bundesliga.com/clublogos/DFL-SEA-0001K9/DFL-CLU-00000G.svg,assets/logos/fc-augsburg.svg,Elvis Rexhbecaj,DFL-OBJ-0027UO,elvis-rexhbecaj,8,Midfielder,1997-11-01,182,78,"XKX , DEU",https://assets.bundesliga.com/player/dfl-obj-0027uo-dfl-clu-000010-dfl-sea-0001k9.png,assets/images/fc-augsburg/elvis-rexhbecaj.png,2023-2024,DFL-SEA-0001K7,25,2,0,29,5,24,347,4,0,0,258.6,31.7,11,18,987,189,34
Augsburg,DFL-CLU-00000G,https://assets.bundesliga.com/clublogos/DFL-SEA-0001K9/DFL-CLU-00000G.svg,assets/logos/fc-augsburg.svg,Elvis Rexhbecaj,DFL-OBJ-0027UO,elvis-rexhbecaj,8,Midfielder,1997-11-01,182,78,"XKX , DEU",https://assets.bundesliga.com/player/dfl-obj-0027uo-dfl-clu-000010-dfl-sea-0001k9.png,assets/images/fc-augsburg/elvis-rexhbecaj.png,2022-2023,DFL-SEA-0001K6,31,0,0,15,5,10,291,6,0,0,283.7,32.88,8,27,1254,243,46
Augsburg,DFL-CLU-00000G,https://assets.bundesliga.com/clublogos/DFL-SEA-0001K9/DFL-CLU-00000G.svg,assets/logos/fc-augsburg.svg,Elvis Rexhbecaj,DFL-OBJ-0027UO,elvis-rexhbecaj,8,Midfielder,1997-11-01,182,78,"XKX , DEU",https://assets.bundesliga.com/player/dfl-obj-0027uo-dfl-clu-000010-dfl-sea-0001k9.png,assets/images/fc-augsburg/elvis-rexhbecaj.png,2021-2022,DFL-SEA-0001K5,32,0,1,34,7,27,467,5,0,0,320.7,32.99,23,30,1169,239,34
Augsburg,DFL-CLU-00000G,https://assets.bundesliga.com/clublogos/DFL-SEA-0001K9/DFL-CLU-00000G.svg,assets/logos/fc-augsburg.svg,Elvis Rexhbecaj,DFL-OBJ-0027UO,elvis-rexhbecaj,8,Midfielder,1997-11-01,182,78,"XKX , DEU",https://assets.bundesliga.com/player/dfl-obj-0027uo-dfl-clu-000010-dfl-sea-0001k9.png,assets/images/fc-augsburg/elvis-rexhbecaj.png,2020-2021,DFL-SEA-0001K4,30,5,2,29,12,17,370,4,0,0,248.7,31.69,19,22,1006,228,19
Augsburg,DFL-CLU-00000G,https://assets.bundesliga.com/clublogos/DFL-SEA-0001K9/DFL-CLU-00000G.svg,assets/logos/fc-augsburg.svg,Elvis Rexhbecaj,DFL-OBJ-0027UO,elvis-rexhbecaj,8,Midfielder,1997-11-01,182,78,"XKX , DEU",https://assets.bundesliga.com/player/dfl-obj-0027uo-dfl-clu-000010-dfl-sea-0001k9.png,assets/images/fc-augsburg/elvis-rexhbecaj.png,2019-2020,DFL-SEA-0001K3,13,0,3,13,7,6,137,3,0,0,86.3,31.44,8,7,341,66,11
Augsburg,DFL-CLU-00000G,https://assets.bundesliga.com/clublogos/DFL-SEA-0001K9/DFL-CLU-00000G.svg,assets/logos/fc-augsburg.svg,Fabian Rieder,DFL-OBJ-J01G82,fabian-rieder,32,Midfielder,2002-02-16,181,74,CHE,https://assets.bundesliga.com/player/dfl-obj-j01g82-dfl-clu-000010-dfl-sea-0001k9.png,assets/images/fc-augsburg/fabian-rieder.png,2025-2026,DFL-SEA-0001K9,32,6,3,40,13,27,476,4,0,0,308.3,34.18,39,43,1329,257,24
Augsburg,DFL-CLU-00000G,https://assets.bundesliga.com/clublogos/DFL-SEA-0001K9/DFL-CLU-00000G.svg,assets/logos/fc-augsburg.svg,Fabian Rieder,DFL-OBJ-J01G82,fabian-rieder,32,Midfielder,2002-02-16,181,74,CHE,https://assets.bundesliga.com/player/dfl-obj-j01g82-dfl-clu-000010-dfl-sea-0001k9.png,assets/images/fc-augsburg/fabian-rieder.png,2024-2025,DFL-SEA-0001K8,21,1,3,20,7,13,349,1,0,0,119.3,33.76,9,13,534,97,5
Augsburg,DFL-CLU-00000G,https://assets.bundesliga.com/clublogos/DFL-SEA-0001K9/DFL-CLU-00000G.svg,assets/logos/fc-augsburg.svg,Felix Constantin Meiser,DFL-OBJ-J01NPD,felix-meiser,41,Defender,2007-01-16,189,78,DEU,https://assets.bundesliga.com/player/dfl-obj-j01npd-dfl-clu-000010-dfl-sea-0001k9.png,assets/images/fc-augsburg/felix-meiser.png,2025-2026,DFL-SEA-0001K9,,,,,,,,,,,,,,,,,
Augsburg,DFL-CLU-00000G,https://assets.bundesliga.com/clublogos/DFL-SEA-0001K9/DFL-CLU-00000G.svg,assets/logos/fc-augsburg.svg,Finn Gilbert Dahmen,DFL-OBJ-0028CO,finn-dahmen,1,Goalkeeper,1998-03-27,186,80,"DEU , ENG",https://assets.bundesliga.com/player/dfl-obj-0028co-dfl-clu-000010-dfl-sea-0001k9.png,assets/images/fc-augsburg/finn-dahmen.png,2025-2026,DFL-SEA-0001K9,34,0,0,1,0,1,8,1,0,0,211.4,28.27,0,0,1806,0,0
Augsburg,DFL-CLU-00000G,https://assets.bundesliga.com/clublogos/DFL-SEA-0001K9/DFL-CLU-00000G.svg,assets/logos/fc-augsburg.svg,Finn Gilbert Dahmen,DFL-OBJ-0028CO,finn-dahmen,1,Goalkeeper,1998-03-27,186,80,"DEU , ENG",https://assets.bundesliga.com/player/dfl-obj-0028co-dfl-clu-000010-dfl-sea-0001k9.png,assets/images/fc-augsburg/finn-dahmen.png,2024-2025,DFL-SEA-0001K8,19,0,0,0,0,0,6,0,0,0,115.5,26.94,0,0,881,0,0
Augsburg,DFL-CLU-00000G,https://assets.bundesliga.com/clublogos/DFL-SEA-0001K9/DFL-CLU-00000G.svg,assets/logos/fc-augsburg.svg,Finn Gilbert Dahmen,DFL-OBJ-0028CO,finn-dahmen,1,Goalkeeper,1998-03-27,186,80,"DEU , ENG",https://assets.bundesliga.com/player/dfl-obj-0028co-dfl-clu-000010-dfl-sea-0001k9.png,assets/images/fc-augsburg/finn-dahmen.png,2023-2024,DFL-SEA-0001K7,31,0,0,0,0,0,20,4,0,0,190.5,29.55,0,2,1563,0,0
Augsburg,DFL-CLU-00000G,https://assets.bundesliga.com/clublogos/DFL-SEA-0001K9/DFL-CLU-00000G.svg,assets/logos/fc-augsburg.svg,Finn Gilbert Dahmen,DFL-OBJ-0028CO,finn-dahmen,1,Goalkeeper,1998-03-27,186,80,"DEU , ENG",https://assets.bundesliga.com/player/dfl-obj-0028co-dfl-clu-000010-dfl-sea-0001k9.png,assets/images/fc-augsburg/finn-dahmen.png,2022-2023,DFL-SEA-0001K6,8,0,0,0,0,0,2,0,0,0,43.6,25.31,0,0,343,0,0
Augsburg,DFL-CLU-00000G,https://assets.bundesliga.com/clublogos/DFL-SEA-0001K9/DFL-CLU-00000G.svg,assets/logos/fc-augsburg.svg,Finn Gilbert Dahmen,DFL-OBJ-0028CO,finn-dahmen,1,Goalkeeper,1998-03-27,186,80,"DEU , ENG",https://assets.bundesliga.com/player/dfl-obj-0028co-dfl-clu-000010-dfl-sea-0001k9.png,assets/images/fc-augsburg/finn-dahmen.png,2021-2022,DFL-SEA-0001K5,2,0,0,0,0,0,1,0,0,0,13.4,25.61,0,0,90,0,0
Augsburg,DFL-CLU-00000G,https://assets.bundesliga.com/clublogos/DFL-SEA-0001K9/DFL-CLU-00000G.svg,assets/logos/fc-augsburg.svg,Finn Gilbert Dahmen,DFL-OBJ-0028CO,finn-dahmen,1,Goalkeeper,1998-03-27,186,80,"DEU , ENG",https://assets.bundesliga.com/player/dfl-obj-0028co-dfl-clu-000010-dfl-sea-0001k9.png,assets/images/fc-augsburg/finn-dahmen.png,2020-2021,DFL-SEA-0001K4,4,0,0,0,0,0,1,0,0,0,17.9,26.68,0,0,108,0,0
Augsburg,DFL-CLU-00000G,https://assets.bundesliga.com/clublogos/DFL-SEA-0001K9/DFL-CLU-00000G.svg,assets/logos/fc-augsburg.svg,Han-Noah Massengo,DFL-OBJ-J01BKL,han-noah-massengo,4,Midfielder,2001-07-07,178,70,"FRA , COD",https://assets.bundesliga.com/player/dfl-obj-j01bkl-dfl-clu-000010-dfl-sea-0001k9.png,assets/images/fc-augsburg/han-noah-massengo.png,2025-2026,DFL-SEA-0001K9,33,2,1,22,8,14,410,5,0,0,308.1,33.07,5,25,1499,250,22
Augsburg,DFL-CLU-00000G,https://assets.bundesliga.com/clublogos/DFL-SEA-0001K9/DFL-CLU-00000G.svg,assets/logos/fc-augsburg.svg,Ismaël Seifallah Gharbi Álvarez,DFL-OBJ-J01GSS,ismael-gharbi,11,Striker,2004-04-10,173,67,"TUN , FRA , ESP",https://assets.bundesliga.com/player/dfl-obj-j01gss-dfl-clu-000010-dfl-sea-0001k9.png,assets/images/fc-augsburg/ismael-gharbi.png,2025-2026,DFL-SEA-0001K9,6,0,0,3,0,3,35,0,0,0,15.3,31.97,2,2,75,16,0
Augsburg,DFL-CLU-00000G,https://assets.bundesliga.com/clublogos/DFL-SEA-0001K9/DFL-CLU-00000G.svg,assets/logos/fc-augsburg.svg,Jeffrey Gouweleeuw,DFL-OBJ-0026TP,jeffrey-gouweleeuw,6,Defender,1991-07-10,188,83,NLD,https://assets.bundesliga.com/player/dfl-obj-0026tp-dfl-clu-000010-dfl-sea-0001k9.png,assets/images/fc-augsburg/jeffrey-gouweleeuw.png,2025-2026,DFL-SEA-0001K9,11,0,0,3,2,1,87,3,0,0,94.8,33.46,2,5,543,79,23
Augsburg,DFL-CLU-00000G,https://assets.bundesliga.com/clublogos/DFL-SEA-0001K9/DFL-CLU-00000G.svg,assets/logos/fc-augsburg.svg,Jeffrey Gouweleeuw,DFL-OBJ-0026TP,jeffrey-gouweleeuw,6,Defender,1991-07-10,188,83,NLD,https://assets.bundesliga.com/player/dfl-obj-0026tp-dfl-clu-000010-dfl-sea-0001k9.png,assets/images/fc-augsburg/jeffrey-gouweleeuw.png,2024-2025,DFL-SEA-0001K8,33,1,4,20,7,13,431,9,0,0,328.3,32.84,8,21,2164,236,74
Augsburg,DFL-CLU-00000G,https://assets.bundesliga.com/clublogos/DFL-SEA-0001K9/DFL-CLU-00000G.svg,assets/logos/fc-augsburg.svg,Jeffrey Gouweleeuw,DFL-OBJ-0026TP,jeffrey-gouweleeuw,6,Defender,1991-07-10,188,83,NLD,https://assets.bundesliga.com/player/dfl-obj-0026tp-dfl-clu-000010-dfl-sea-0001k9.png,assets/images/fc-augsburg/jeffrey-gouweleeuw.png,2023-2024,DFL-SEA-0001K7,30,1,0,23,5,18,368,7,0,0,280.9,32.81,17,24,1855,224,70
Augsburg,DFL-CLU-00000G,https://assets.bundesliga.com/clublogos/DFL-SEA-0001K9/DFL-CLU-00000G.svg,assets/logos/fc-augsburg.svg,Jeffrey Gouweleeuw,DFL-OBJ-0026TP,jeffrey-gouweleeuw,6,Defender,1991-07-10,188,83,NLD,https://assets.bundesliga.com/player/dfl-obj-0026tp-dfl-clu-000010-dfl-sea-0001k9.png,assets/images/fc-augsburg/jeffrey-gouweleeuw.png,2022-2023,DFL-SEA-0001K6,32,1,1,14,4,10,394,12,0,0,276.9,32.63,8,36,1936,288,103
Augsburg,DFL-CLU-00000G,https://assets.bundesliga.com/clublogos/DFL-SEA-0001K9/DFL-CLU-00000G.svg,assets/logos/fc-augsburg.svg,Jeffrey Gouweleeuw,DFL-OBJ-0026TP,jeffrey-gouweleeuw,6,Defender,1991-07-10,188,83,NLD,https://assets.bundesliga.com/player/dfl-obj-0026tp-dfl-clu-000010-dfl-sea-0001k9.png,assets/images/fc-augsburg/jeffrey-gouweleeuw.png,2021-2022,DFL-SEA-0001K5,29,2,0,15,7,8,340,9,0,0,278.4,33.26,5,30,1650,229,58
Augsburg,DFL-CLU-00000G,https://assets.bundesliga.com/clublogos/DFL-SEA-0001K9/DFL-CLU-00000G.svg,assets/logos/fc-augsburg.svg,Jeffrey Gouweleeuw,DFL-OBJ-0026TP,jeffrey-gouweleeuw,6,Defender,1991-07-10,188,83,NLD,https://assets.bundesliga.com/player/dfl-obj-0026tp-dfl-clu-000010-dfl-sea-0001k9.png,assets/images/fc-augsburg/jeffrey-gouweleeuw.png,2020-2021,DFL-SEA-0001K4,32,1,0,7,4,3,410,9,0,0,320.6,33.47,3,27,2081,296,82
Augsburg,DFL-CLU-00000G,https://assets.bundesliga.com/clublogos/DFL-SEA-0001K9/DFL-CLU-00000G.svg,assets/logos/fc-augsburg.svg,Jeffrey Gouweleeuw,DFL-OBJ-0026TP,jeffrey-gouweleeuw,6,Defender,1991-07-10,188,83,NLD,https://assets.bundesliga.com/player/dfl-obj-0026tp-dfl-clu-000010-dfl-sea-0001k9.png,assets/images/fc-augsburg/jeffrey-gouweleeuw.png,2019-2020,DFL-SEA-0001K3,21,0,1,0,0,0,295,5,0,0,185.1,33.48,2,12,1021,143,37
Augsburg,DFL-CLU-00000G,https://assets.bundesliga.com/clublogos/DFL-SEA-0001K9/DFL-CLU-00000G.svg,assets/logos/fc-augsburg.svg,Keven Matteo Schlotterbeck,DFL-OBJ-0028D6,keven-schlotterbeck,31,Defender,1997-04-28,189,85,DEU,https://assets.bundesliga.com/player/dfl-obj-0028d6-dfl-clu-000010-dfl-sea-0001k9.png,assets/images/fc-augsburg/keven-schlotterbeck.png,2025-2026,DFL-SEA-0001K9,24,0,1,12,4,8,149,5,0,0,228.7,32.55,4,22,1591,229,85
Augsburg,DFL-CLU-00000G,https://assets.bundesliga.com/clublogos/DFL-SEA-0001K9/DFL-CLU-00000G.svg,assets/logos/fc-augsburg.svg,Keven Matteo Schlotterbeck,DFL-OBJ-0028D6,keven-schlotterbeck,31,Defender,1997-04-28,189,85,DEU,https://assets.bundesliga.com/player/dfl-obj-0028d6-dfl-clu-000010-dfl-sea-0001k9.png,assets/images/fc-augsburg/keven-schlotterbeck.png,2024-2025,DFL-SEA-0001K8,18,3,1,12,5,7,142,2,0,0,144,33.05,0,9,867,108,50
Augsburg,DFL-CLU-00000G,https://assets.bundesliga.com/clublogos/DFL-SEA-0001K9/DFL-CLU-00000G.svg,assets/logos/fc-augsburg.svg,Keven Matteo Schlotterbeck,DFL-OBJ-0028D6,keven-schlotterbeck,31,Defender,1997-04-28,189,85,DEU,https://assets.bundesliga.com/player/dfl-obj-0028d6-dfl-clu-000010-dfl-sea-0001k9.png,assets/images/fc-augsburg/keven-schlotterbeck.png,2023-2024,DFL-SEA-0001K7,27,5,1,26,13,13,263,9,0,0,247.5,32.53,7,39,1393,283,137
Augsburg,DFL-CLU-00000G,https://assets.bundesliga.com/clublogos/DFL-SEA-0001K9/DFL-CLU-00000G.svg,assets/logos/fc-augsburg.svg,Keven Matteo Schlotterbeck,DFL-OBJ-0028D6,keven-schlotterbeck,31,Defender,1997-04-28,189,85,DEU,https://assets.bundesliga.com/player/dfl-obj-0028d6-dfl-clu-000010-dfl-sea-0001k9.png,assets/images/fc-augsburg/keven-schlotterbeck.png,2022-2023,DFL-SEA-0001K6,15,2,0,9,3,6,103,3,0,0,74,31.36,3,11,468,114,55
Augsburg,DFL-CLU-00000G,https://assets.bundesliga.com/clublogos/DFL-SEA-0001K9/DFL-CLU-00000G.svg,assets/logos/fc-augsburg.svg,Keven Matteo Schlotterbeck,DFL-OBJ-0028D6,keven-schlotterbeck,31,Defender,1997-04-28,189,85,DEU,https://assets.bundesliga.com/player/dfl-obj-0028d6-dfl-clu-000010-dfl-sea-0001k9.png,assets/images/fc-augsburg/keven-schlotterbeck.png,2021-2022,DFL-SEA-0001K5,12,0,0,1,0,1,52,1,0,0,38,31.72,0,8,190,34,10
Augsburg,DFL-CLU-00000G,https://assets.bundesliga.com/clublogos/DFL-SEA-0001K9/DFL-CLU-00000G.svg,assets/logos/fc-augsburg.svg,Keven Matteo Schlotterbeck,DFL-OBJ-0028D6,keven-schlotterbeck,31,Defender,1997-04-28,189,85,DEU,https://assets.bundesliga.com/player/dfl-obj-0028d6-dfl-clu-000010-dfl-sea-0001k9.png,assets/images/fc-augsburg/keven-schlotterbeck.png,2020-2021,DFL-SEA-0001K4,25,1,0,7,1,6,200,3,0,0,190.9,31.62,1,20,1075,185,69
Augsburg,DFL-CLU-00000G,https://assets.bundesliga.com/clublogos/DFL-SEA-0001K9/DFL-CLU-00000G.svg,assets/logos/fc-augsburg.svg,Keven Matteo Schlotterbeck,DFL-OBJ-0028D6,keven-schlotterbeck,31,Defender,1997-04-28,189,85,DEU,https://assets.bundesliga.com/player/dfl-obj-0028d6-dfl-clu-000010-dfl-sea-0001k9.png,assets/images/fc-augsburg/keven-schlotterbeck.png,2019-2020,DFL-SEA-0001K3,23,0,0,11,3,8,276,6,0,0,223.5,34.41,0,21,1163,255,75
Augsburg,DFL-CLU-00000G,https://assets.bundesliga.com/clublogos/DFL-SEA-0001K9/DFL-CLU-00000G.svg,assets/logos/fc-augsburg.svg,Kristijan Jakić,DFL-OBJ-J01FX8,kristijan-jakic,17,Midfielder,1997-05-14,181,75,HRV,https://assets.bundesliga.com/player/dfl-obj-j01fx8-dfl-clu-000010-dfl-sea-0001k9.png,assets/images/fc-augsburg/kristijan-jakic.png,2025-2026,DFL-SEA-0001K9,26,2,1,17,6,11,254,5,0,0,215.6,31.78,4,18,988,166,26
Augsburg,DFL-CLU-00000G,https://assets.bundesliga.com/clublogos/DFL-SEA-0001K9/DFL-CLU-00000G.svg,assets/logos/fc-augsburg.svg,Kristijan Jakić,DFL-OBJ-J01FX8,kristijan-jakic,17,Midfielder,1997-05-14,181,75,HRV,https://assets.bundesliga.com/player/dfl-obj-j01fx8-dfl-clu-000010-dfl-sea-0001k9.png,assets/images/fc-augsburg/kristijan-jakic.png,2024-2025,DFL-SEA-0001K8,31,0,0,18,6,12,510,2,0,0,304.3,32.9,7,22,1434,225,39
Augsburg,DFL-CLU-00000G,https://assets.bundesliga.com/clublogos/DFL-SEA-0001K9/DFL-CLU-00000G.svg,assets/logos/fc-augsburg.svg,Kristijan Jakić,DFL-OBJ-J01FX8,kristijan-jakic,17,Midfielder,1997-05-14,181,75,HRV,https://assets.bundesliga.com/player/dfl-obj-j01fx8-dfl-clu-000010-dfl-sea-0001k9.png,assets/images/fc-augsburg/kristijan-jakic.png,2023-2024,DFL-SEA-0001K7,18,2,1,14,5,9,245,5,0,0,154.2,31.92,5,21,792,133,27
Augsburg,DFL-CLU-00000G,https://assets.bundesliga.com/clublogos/DFL-SEA-0001K9/DFL-CLU-00000G.svg,assets/logos/fc-augsburg.svg,Kristijan Jakić,DFL-OBJ-J01FX8,kristijan-jakic,17,Midfielder,1997-05-14,181,75,HRV,https://assets.bundesliga.com/player/dfl-obj-j01fx8-dfl-clu-000010-dfl-sea-0001k9.png,assets/images/fc-augsburg/kristijan-jakic.png,2022-2023,DFL-SEA-0001K6,24,1,1,9,4,5,374,4,0,0,183.6,32.13,10,15,1200,163,38
Augsburg,DFL-CLU-00000G,https://assets.bundesliga.com/clublogos/DFL-SEA-0001K9/DFL-CLU-00000G.svg,assets/logos/fc-augsburg.svg,Kristijan Jakić,DFL-OBJ-J01FX8,kristijan-jakic,17,Midfielder,1997-05-14,181,75,HRV,https://assets.bundesliga.com/player/dfl-obj-j01fx8-dfl-clu-000010-dfl-sea-0001k9.png,assets/images/fc-augsburg/kristijan-jakic.png,2021-2022,DFL-SEA-0001K5,26,1,1,30,6,24,489,6,0,0,249.4,31.29,4,29,1110,212,40
Augsburg,DFL-CLU-00000G,https://assets.bundesliga.com/clublogos/DFL-SEA-0001K9/DFL-CLU-00000G.svg,assets/logos/fc-augsburg.svg,Mads Giersing Valentin Pedersen,DFL-OBJ-002G1W,mads-pedersen,3,Defender,1996-09-01,174,72,DNK,https://assets.bundesliga.com/player/dfl-obj-002g1w-dfl-clu-000010-dfl-sea-0001k9.png,assets/images/fc-augsburg/mads-pedersen.png,2025-2026,DFL-SEA-0001K9,7,0,0,3,0,3,69,0,0,0,28.7,33.46,8,4,143,19,1
Augsburg,DFL-CLU-00000G,https://assets.bundesliga.com/clublogos/DFL-SEA-0001K9/DFL-CLU-00000G.svg,assets/logos/fc-augsburg.svg,Mads Giersing Valentin Pedersen,DFL-OBJ-002G1W,mads-pedersen,3,Defender,1996-09-01,174,72,DNK,https://assets.bundesliga.com/player/dfl-obj-002g1w-dfl-clu-000010-dfl-sea-0001k9.png,assets/images/fc-augsburg/mads-pedersen.png,2024-2025,DFL-SEA-0001K8,7,0,0,1,0,1,65,0,0,0,30.7,33.89,5,4,129,25,3
Augsburg,DFL-CLU-00000G,https://assets.bundesliga.com/clublogos/DFL-SEA-0001K9/DFL-CLU-00000G.svg,assets/logos/fc-augsburg.svg,Mads Giersing Valentin Pedersen,DFL-OBJ-002G1W,mads-pedersen,3,Defender,1996-09-01,174,72,DNK,https://assets.bundesliga.com/player/dfl-obj-002g1w-dfl-clu-000010-dfl-sea-0001k9.png,assets/images/fc-augsburg/mads-pedersen.png,2023-2024,DFL-SEA-0001K7,27,1,1,12,1,11,541,5,0,0,214.7,33.92,41,32,1158,208,16
Augsburg,DFL-CLU-00000G,https://assets.bundesliga.com/clublogos/DFL-SEA-0001K9/DFL-CLU-00000G.svg,assets/logos/fc-augsburg.svg,Mads Giersing Valentin Pedersen,DFL-OBJ-002G1W,mads-pedersen,3,Defender,1996-09-01,174,72,DNK,https://assets.bundesliga.com/player/dfl-obj-002g1w-dfl-clu-000010-dfl-sea-0001k9.png,assets/images/fc-augsburg/mads-pedersen.png,2022-2023,DFL-SEA-0001K6,28,0,0,11,1,10,580,6,0,0,219,34.71,31,22,977,191,10
Augsburg,DFL-CLU-00000G,https://assets.bundesliga.com/clublogos/DFL-SEA-0001K9/DFL-CLU-00000G.svg,assets/logos/fc-augsburg.svg,Mads Giersing Valentin Pedersen,DFL-OBJ-002G1W,mads-pedersen,3,Defender,1996-09-01,174,72,DNK,https://assets.bundesliga.com/player/dfl-obj-002g1w-dfl-clu-000010-dfl-sea-0001k9.png,assets/images/fc-augsburg/mads-pedersen.png,2021-2022,DFL-SEA-0001K5,29,2,1,19,6,13,486,5,0,0,176.5,34.5,23,24,696,169,8
Augsburg,DFL-CLU-00000G,https://assets.bundesliga.com/clublogos/DFL-SEA-0001K9/DFL-CLU-00000G.svg,assets/logos/fc-augsburg.svg,Mads Giersing Valentin Pedersen,DFL-OBJ-002G1W,mads-pedersen,3,Defender,1996-09-01,174,72,DNK,https://assets.bundesliga.com/player/dfl-obj-002g1w-dfl-clu-000010-dfl-sea-0001k9.png,assets/images/fc-augsburg/mads-pedersen.png,2020-2021,DFL-SEA-0001K4,15,0,0,1,0,1,282,1,0,0,109.5,34.63,16,16,598,109,11
Augsburg,DFL-CLU-00000G,https://assets.bundesliga.com/clublogos/DFL-SEA-0001K9/DFL-CLU-00000G.svg,assets/logos/fc-augsburg.svg,Mads Giersing Valentin Pedersen,DFL-OBJ-002G1W,mads-pedersen,3,Defender,1996-09-01,174,72,DNK,https://assets.bundesliga.com/player/dfl-obj-002g1w-dfl-clu-000010-dfl-sea-0001k9.png,assets/images/fc-augsburg/mads-pedersen.png,2019-2020,DFL-SEA-0001K3,2,0,1,0,0,0,30,0,0,0,12.4,33.35,3,0,52,10,0
Augsburg,DFL-CLU-00000G,https://assets.bundesliga.com/clublogos/DFL-SEA-0001K9/DFL-CLU-00000G.svg,assets/logos/fc-augsburg.svg,Mahmut Can Küçükşahin,DFL-OBJ-J020XW,mahmut-kucuksahin,42,Midfielder,2004-04-07,182,80,"DEU , TUR",https://assets.bundesliga.com/player/dfl-obj-j020xw-dfl-clu-000010-dfl-sea-0001k9.png,assets/images/fc-augsburg/mahmut-kucuksahin.png,2023-2024,DFL-SEA-0001K7,1,0,0,0,0,0,2,0,0,0,0.5,28.07,0,0,3,0,0
Augsburg,DFL-CLU-00000G,https://assets.bundesliga.com/clublogos/DFL-SEA-0001K9/DFL-CLU-00000G.svg,assets/logos/fc-augsburg.svg,Manuel Baum,DFL-OBJ-0027JS,manuel-baum,,Augsburg,1979-08-30,0,,DEU,https://assets.bundesliga.com/person/dfl-obj-0027js-dfl-clu-000010-dfl-sea-0001k9.png,assets/images/fc-augsburg/manuel-baum.png,2025-2026,DFL-SEA-0001K9,,,,,,,,,,,,,,,,,
Augsburg,DFL-CLU-00000G,https://assets.bundesliga.com/clublogos/DFL-SEA-0001K9/DFL-CLU-00000G.svg,assets/logos/fc-augsburg.svg,Marius Wolf,DFL-OBJ-0002IG,marius-wolf,27,Defender,1995-05-27,188,81,DEU,https://assets.bundesliga.com/player/dfl-obj-0002ig-dfl-clu-000010-dfl-sea-0001k9.png,assets/images/fc-augsburg/marius-wolf.png,2025-2026,DFL-SEA-0001K9,29,1,1,13,4,9,213,4,0,0,133.2,33.16,36,10,636,92,9
Augsburg,DFL-CLU-00000G,https://assets.bundesliga.com/clublogos/DFL-SEA-0001K9/DFL-CLU-00000G.svg,assets/logos/fc-augsburg.svg,Marius Wolf,DFL-OBJ-0002IG,marius-wolf,27,Defender,1995-05-27,188,81,DEU,https://assets.bundesliga.com/player/dfl-obj-0002ig-dfl-clu-000010-dfl-sea-0001k9.png,assets/images/fc-augsburg/marius-wolf.png,2024-2025,DFL-SEA-0001K8,32,1,3,14,2,12,530,2,0,0,263.1,33.94,53,19,1493,149,14
Augsburg,DFL-CLU-00000G,https://assets.bundesliga.com/clublogos/DFL-SEA-0001K9/DFL-CLU-00000G.svg,assets/logos/fc-augsburg.svg,Marius Wolf,DFL-OBJ-0002IG,marius-wolf,27,Defender,1995-05-27,188,81,DEU,https://assets.bundesliga.com/player/dfl-obj-0002ig-dfl-clu-000010-dfl-sea-0001k9.png,assets/images/fc-augsburg/marius-wolf.png,2023-2024,DFL-SEA-0001K7,22,0,1,10,1,9,338,2,0,0,145.5,33.83,32,7,1052,95,10
Augsburg,DFL-CLU-00000G,https://assets.bundesliga.com/clublogos/DFL-SEA-0001K9/DFL-CLU-00000G.svg,assets/logos/fc-augsburg.svg,Marius Wolf,DFL-OBJ-0002IG,marius-wolf,27,Defender,1995-05-27,188,81,DEU,https://assets.bundesliga.com/player/dfl-obj-0002ig-dfl-clu-000010-dfl-sea-0001k9.png,assets/images/fc-augsburg/marius-wolf.png,2022-2023,DFL-SEA-0001K6,25,1,1,22,6,16,332,2,0,0,141.5,34.5,49,11,1344,181,8
Augsburg,DFL-CLU-00000G,https://assets.bundesliga.com/clublogos/DFL-SEA-0001K9/DFL-CLU-00000G.svg,assets/logos/fc-augsburg.svg,Marius Wolf,DFL-OBJ-0002IG,marius-wolf,27,Defender,1995-05-27,188,81,DEU,https://assets.bundesliga.com/player/dfl-obj-0002ig-dfl-clu-000010-dfl-sea-0001k9.png,assets/images/fc-augsburg/marius-wolf.png,2021-2022,DFL-SEA-0001K5,27,3,1,21,10,11,473,4,0,0,174.8,34.11,18,17,928,121,11
Augsburg,DFL-CLU-00000G,https://assets.bundesliga.com/clublogos/DFL-SEA-0001K9/DFL-CLU-00000G.svg,assets/logos/fc-augsburg.svg,Marius Wolf,DFL-OBJ-0002IG,marius-wolf,27,Defender,1995-05-27,188,81,DEU,https://assets.bundesliga.com/player/dfl-obj-0002ig-dfl-clu-000010-dfl-sea-0001k9.png,assets/images/fc-augsburg/marius-wolf.png,2020-2021,DFL-SEA-0001K4,30,2,2,43,11,32,672,3,0,0,301.2,35.27,49,25,1747,317,44
Augsburg,DFL-CLU-00000G,https://assets.bundesliga.com/clublogos/DFL-SEA-0001K9/DFL-CLU-00000G.svg,assets/logos/fc-augsburg.svg,Marius Wolf,DFL-OBJ-0002IG,marius-wolf,27,Defender,1995-05-27,188,81,DEU,https://assets.bundesliga.com/player/dfl-obj-0002ig-dfl-clu-000010-dfl-sea-0001k9.png,assets/images/fc-augsburg/marius-wolf.png,2019-2020,DFL-SEA-0001K3,21,1,3,14,2,12,433,1,0,0,181.5,34.21,34,14,916,144,26
Augsburg,DFL-CLU-00000G,https://assets.bundesliga.com/clublogos/DFL-SEA-0001K9/DFL-CLU-00000G.svg,assets/logos/fc-augsburg.svg,Mert Kömür,DFL-OBJ-J01KEV,mert-komur,36,Midfielder,2005-07-17,183,77,"DEU , TUR",https://assets.bundesliga.com/player/dfl-obj-j01kev-dfl-clu-000010-dfl-sea-0001k9.png,assets/images/fc-augsburg/mert-komur.png,2025-2026,DFL-SEA-0001K9,28,2,4,41,17,24,294,1,0,0,198.3,32.76,20,24,793,140,18
Augsburg,DFL-CLU-00000G,https://assets.bundesliga.com/clublogos/DFL-SEA-0001K9/DFL-CLU-00000G.svg,assets/logos/fc-augsburg.svg,Mert Kömür,DFL-OBJ-J01KEV,mert-komur,36,Midfielder,2005-07-17,183,77,"DEU , TUR",https://assets.bundesliga.com/player/dfl-obj-j01kev-dfl-clu-000010-dfl-sea-0001k9.png,assets/images/fc-augsburg/mert-komur.png,2024-2025,DFL-SEA-0001K8,20,2,1,13,7,6,221,1,0,0,94.1,32.66,5,5,346,80,13
Augsburg,DFL-CLU-00000G,https://assets.bundesliga.com/clublogos/DFL-SEA-0001K9/DFL-CLU-00000G.svg,assets/logos/fc-augsburg.svg,Mert Kömür,DFL-OBJ-J01KEV,mert-komur,36,Midfielder,2005-07-17,183,77,"DEU , TUR",https://assets.bundesliga.com/player/dfl-obj-j01kev-dfl-clu-000010-dfl-sea-0001k9.png,assets/images/fc-augsburg/mert-komur.png,2023-2024,DFL-SEA-0001K7,4,1,0,2,1,1,29,0,0,0,17.2,32.08,1,2,51,15,1
Augsburg,DFL-CLU-00000G,https://assets.bundesliga.com/clublogos/DFL-SEA-0001K9/DFL-CLU-00000G.svg,assets/logos/fc-augsburg.svg,Michael Gregoritsch,DFL-OBJ-00018O,michael-gregoritsch,38,Striker,1994-04-18,193,91,AUT,https://assets.bundesliga.com/player/dfl-obj-00018o-dfl-clu-000010-dfl-sea-0001k9.png,assets/images/fc-augsburg/michael-gregoritsch.png,2025-2026,DFL-SEA-0001K9,17,6,2,28,10,18,98,2,0,0,101,32.17,4,6,317,93,37
Augsburg,DFL-CLU-00000G,https://assets.bundesliga.com/clublogos/DFL-SEA-0001K9/DFL-CLU-00000G.svg,assets/logos/fc-augsburg.svg,Michael Gregoritsch,DFL-OBJ-00018O,michael-gregoritsch,38,Striker,1994-04-18,193,91,AUT,https://assets.bundesliga.com/player/dfl-obj-00018o-dfl-clu-000010-dfl-sea-0001k9.png,assets/images/fc-augsburg/michael-gregoritsch.png,2024-2025,DFL-SEA-0001K8,20,2,1,15,6,9,162,2,0,0,76.9,29.19,1,7,226,62,30
Augsburg,DFL-CLU-00000G,https://assets.bundesliga.com/clublogos/DFL-SEA-0001K9/DFL-CLU-00000G.svg,assets/logos/fc-augsburg.svg,Michael Gregoritsch,DFL-OBJ-00018O,michael-gregoritsch,38,Striker,1994-04-18,193,91,AUT,https://assets.bundesliga.com/player/dfl-obj-00018o-dfl-clu-000010-dfl-sea-0001k9.png,assets/images/fc-augsburg/michael-gregoritsch.png,2023-2024,DFL-SEA-0001K7,32,7,4,75,34,41,373,2,0,0,192.8,30.93,8,16,687,189,88
Augsburg,DFL-CLU-00000G,https://assets.bundesliga.com/clublogos/DFL-SEA-0001K9/DFL-CLU-00000G.svg,assets/logos/fc-augsburg.svg,Michael Gregoritsch,DFL-OBJ-00018O,michael-gregoritsch,38,Striker,1994-04-18,193,91,AUT,https://assets.bundesliga.com/player/dfl-obj-00018o-dfl-clu-000010-dfl-sea-0001k9.png,assets/images/fc-augsburg/michael-gregoritsch.png,2022-2023,DFL-SEA-0001K6,30,10,4,67,38,29,509,6,0,0,214.8,32.21,13,25,814,284,148
Augsburg,DFL-CLU-00000G,https://assets.bundesliga.com/clublogos/DFL-SEA-0001K9/DFL-CLU-00000G.svg,assets/logos/fc-augsburg.svg,Michael Gregoritsch,DFL-OBJ-00018O,michael-gregoritsch,38,Striker,1994-04-18,193,91,AUT,https://assets.bundesliga.com/player/dfl-obj-00018o-dfl-clu-000010-dfl-sea-0001k9.png,assets/images/fc-augsburg/michael-gregoritsch.png,2021-2022,DFL-SEA-0001K5,25,9,1,41,19,22,534,3,0,0,164,31.52,8,17,634,204,103
Augsburg,DFL-CLU-00000G,https://assets.bundesliga.com/clublogos/DFL-SEA-0001K9/DFL-CLU-00000G.svg,assets/logos/fc-augsburg.svg,Michael Gregoritsch,DFL-OBJ-00018O,michael-gregoritsch,38,Striker,1994-04-18,193,91,AUT,https://assets.bundesliga.com/player/dfl-obj-00018o-dfl-clu-000010-dfl-sea-0001k9.png,assets/images/fc-augsburg/michael-gregoritsch.png,2020-2021,DFL-SEA-0001K4,25,1,2,14,4,10,280,1,0,0,111.5,32.68,6,11,414,103,32
Augsburg,DFL-CLU-00000G,https://assets.bundesliga.com/clublogos/DFL-SEA-0001K9/DFL-CLU-00000G.svg,assets/logos/fc-augsburg.svg,Michael Gregoritsch,DFL-OBJ-00018O,michael-gregoritsch,38,Striker,1994-04-18,193,91,AUT,https://assets.bundesliga.com/player/dfl-obj-00018o-dfl-clu-000010-dfl-sea-0001k9.png,assets/images/fc-augsburg/michael-gregoritsch.png,2019-2020,DFL-SEA-0001K3,20,1,1,25,11,14,359,2,0,0,126.7,30.86,4,12,463,113,57
Augsburg,DFL-CLU-00000G,https://assets.bundesliga.com/clublogos/DFL-SEA-0001K9/DFL-CLU-00000G.svg,assets/logos/fc-augsburg.svg,Nediljko Labrović,DFL-OBJ-J01QWT,nediljko-labrovic,22,Goalkeeper,1999-10-10,196,88,HRV,https://assets.bundesliga.com/player/dfl-obj-j01qwt-dfl-clu-000010-dfl-sea-0001k9.png,assets/images/fc-augsburg/nediljko-labrovic.png,2024-2025,DFL-SEA-0001K8,15,0,0,0,0,0,3,0,0,0,69.3,26.98,0,0,613,0,0
Augsburg,DFL-CLU-00000G,https://assets.bundesliga.com/clublogos/DFL-SEA-0001K9/DFL-CLU-00000G.svg,assets/logos/fc-augsburg.svg,Noahkai Dominic Banks,DFL-OBJ-J01YBZ,noahkai-banks,40,Defender,2006-12-01,193,92,"DEU , USA",https://assets.bundesliga.com/player/dfl-obj-j01ybz-dfl-clu-000010-dfl-sea-0001k9.png,assets/images/fc-augsburg/noahkai-banks.png,2025-2026,DFL-SEA-0001K9,23,1,1,9,5,4,201,8,0,0,205.9,33.13,3,28,1175,193,39
Augsburg,DFL-CLU-00000G,https://assets.bundesliga.com/clublogos/DFL-SEA-0001K9/DFL-CLU-00000G.svg,assets/logos/fc-augsburg.svg,Noahkai Dominic Banks,DFL-OBJ-J01YBZ,noahkai-banks,40,Defender,2006-12-01,193,92,"DEU , USA",https://assets.bundesliga.com/player/dfl-obj-j01ybz-dfl-clu-000010-dfl-sea-0001k9.png,assets/images/fc-augsburg/noahkai-banks.png,2024-2025,DFL-SEA-0001K8,8,0,0,1,0,1,77,2,0,0,34.5,32,1,1,238,34,10
Augsburg,DFL-CLU-00000G,https://assets.bundesliga.com/clublogos/DFL-SEA-0001K9/DFL-CLU-00000G.svg,assets/logos/fc-augsburg.svg,Oliver Sorg,DFL-OBJ-J01Q8X,oliver-sorg,43,Defender,2007-07-31,176,70,AUT,https://assets.bundesliga.com/player/dfl-obj-j01q8x-dfl-clu-000010-dfl-sea-0001k9.png,assets/images/fc-augsburg/oliver-sorg.png,2025-2026,DFL-SEA-0001K9,,,,,,,,,,,,,,,,,
Augsburg,DFL-CLU-00000G,https://assets.bundesliga.com/clublogos/DFL-SEA-0001K9/DFL-CLU-00000G.svg,assets/logos/fc-augsburg.svg,Robin Salvatore Fellhauer,DFL-OBJ-0028C6,robin-fellhauer,19,Midfielder,1998-01-21,182,75,DEU,https://assets.bundesliga.com/player/dfl-obj-0028c6-dfl-clu-000010-dfl-sea-0001k9.png,assets/images/fc-augsburg/robin-fellhauer.png,2025-2026,DFL-SEA-0001K9,34,3,2,29,9,20,699,2,0,0,354.8,34.62,71,24,1589,262,46
Augsburg,DFL-CLU-00000G,https://assets.bundesliga.com/clublogos/DFL-SEA-0001K9/DFL-CLU-00000G.svg,assets/logos/fc-augsburg.svg,Rodrigo Duarte Ribeiro,DFL-OBJ-J01N1P,rodrigo-ribeiro,21,Striker,2005-04-28,186,79,PRT,https://assets.bundesliga.com/player/dfl-obj-j01n1p-dfl-clu-000010-dfl-sea-0001k9.png,assets/images/fc-augsburg/rodrigo-ribeiro.png,2025-2026,DFL-SEA-0001K9,14,2,0,25,8,17,193,1,0,0,76.2,33.11,1,9,220,69,25
Augsburg,DFL-CLU-00000G,https://assets.bundesliga.com/clublogos/DFL-SEA-0001K9/DFL-CLU-00000G.svg,assets/logos/fc-augsburg.svg,Thomas Kastanaras,DFL-OBJ-J01DEW,thomas-kastanaras,24,Striker,2003-01-09,186,83,"DEU , GRC",https://assets.bundesliga.com/player/dfl-obj-j01dew-dfl-clu-000010-dfl-sea-0001k9.png,assets/images/fc-augsburg/thomas-kastanaras.png,2022-2023,DFL-SEA-0001K6,4,0,0,2,1,1,19,0,0,0,7.8,32.42,1,0,28,5,0
Augsburg,DFL-CLU-00000G,https://assets.bundesliga.com/clublogos/DFL-SEA-0001K9/DFL-CLU-00000G.svg,assets/logos/fc-augsburg.svg,Tim Dennis Schnitzer,DFL-OBJ-J020EV,tim-schnitzer,37,Midfielder,2008-02-07,185,,DEU,https://assets.bundesliga.com/player/dfl-obj-j020ev-dfl-clu-000010-dfl-sea-0001k9.png,assets/images/fc-augsburg/tim-schnitzer.png,2025-2026,DFL-SEA-0001K9,1,0,0,0,0,0,2,0,0,0,1.4,28.62,0,0,6,3,1
Augsburg,DFL-CLU-00000G,https://assets.bundesliga.com/clublogos/DFL-SEA-0001K9/DFL-CLU-00000G.svg,assets/logos/fc-augsburg.svg,Uchenna Ogundu,DFL-OBJ-J0259C,uchenna-ogundu,39,Striker,2006-05-12,188,80,NGA,https://assets.bundesliga.com/player/dfl-obj-j0259c-dfl-clu-000010-dfl-sea-0001k9.png,assets/images/fc-augsburg/uchenna-ogundu.png,2025-2026,DFL-SEA-0001K9,5,0,0,3,1,2,21,0,0,0,8.4,36.77,0,1,28,10,5
Augsburg,DFL-CLU-00000G,https://assets.bundesliga.com/clublogos/DFL-SEA-0001K9/DFL-CLU-00000G.svg,assets/logos/fc-augsburg.svg,Yannik Keitel,DFL-OBJ-0028SY,yannik-keitel,14,Midfielder,2000-02-15,186,84,DEU,https://assets.bundesliga.com/player/dfl-obj-0028sy-dfl-clu-000010-dfl-sea-0001k9.png,assets/images/fc-augsburg/yannik-keitel.png,2025-2026,DFL-SEA-0001K9,6,0,0,0,0,0,29,2,0,0,31.9,32.02,0,3,127,32,9
Augsburg,DFL-CLU-00000G,https://assets.bundesliga.com/clublogos/DFL-SEA-0001K9/DFL-CLU-00000G.svg,assets/logos/fc-augsburg.svg,Yannik Keitel,DFL-OBJ-0028SY,yannik-keitel,14,Midfielder,2000-02-15,186,84,DEU,https://assets.bundesliga.com/player/dfl-obj-0028sy-dfl-clu-000010-dfl-sea-0001k9.png,assets/images/fc-augsburg/yannik-keitel.png,2024-2025,DFL-SEA-0001K8,11,0,0,5,2,3,40,1,0,0,36.1,31.13,2,2,230,36,6
Augsburg,DFL-CLU-00000G,https://assets.bundesliga.com/clublogos/DFL-SEA-0001K9/DFL-CLU-00000G.svg,assets/logos/fc-augsburg.svg,Yannik Keitel,DFL-OBJ-0028SY,yannik-keitel,14,Midfielder,2000-02-15,186,84,DEU,https://assets.bundesliga.com/player/dfl-obj-0028sy-dfl-clu-000010-dfl-sea-0001k9.png,assets/images/fc-augsburg/yannik-keitel.png,2023-2024,DFL-SEA-0001K7,15,1,0,6,2,4,176,0,0,0,108.5,32.96,1,12,703,103,23
Augsburg,DFL-CLU-00000G,https://assets.bundesliga.com/clublogos/DFL-SEA-0001K9/DFL-CLU-00000G.svg,assets/logos/fc-augsburg.svg,Yannik Keitel,DFL-OBJ-0028SY,yannik-keitel,14,Midfielder,2000-02-15,186,84,DEU,https://assets.bundesliga.com/player/dfl-obj-0028sy-dfl-clu-000010-dfl-sea-0001k9.png,assets/images/fc-augsburg/yannik-keitel.png,2022-2023,DFL-SEA-0001K6,22,0,2,4,3,1,146,4,0,0,85,32.75,3,21,322,65,19
Augsburg,DFL-CLU-00000G,https://assets.bundesliga.com/clublogos/DFL-SEA-0001K9/DFL-CLU-00000G.svg,assets/logos/fc-augsburg.svg,Yannik Keitel,DFL-OBJ-0028SY,yannik-keitel,14,Midfielder,2000-02-15,186,84,DEU,https://assets.bundesliga.com/player/dfl-obj-0028sy-dfl-clu-000010-dfl-sea-0001k9.png,assets/images/fc-augsburg/yannik-keitel.png,2021-2022,DFL-SEA-0001K5,12,0,0,10,2,8,95,1,0,0,61.5,32.56,1,13,248,64,13
Augsburg,DFL-CLU-00000G,https://assets.bundesliga.com/clublogos/DFL-SEA-0001K9/DFL-CLU-00000G.svg,assets/logos/fc-augsburg.svg,Yannik Keitel,DFL-OBJ-0028SY,yannik-keitel,14,Midfielder,2000-02-15,186,84,DEU,https://assets.bundesliga.com/player/dfl-obj-0028sy-dfl-clu-000010-dfl-sea-0001k9.png,assets/images/fc-augsburg/yannik-keitel.png,2020-2021,DFL-SEA-0001K4,12,0,0,8,1,7,104,1,0,0,63.1,32.62,0,12,304,86,21
Augsburg,DFL-CLU-00000G,https://assets.bundesliga.com/clublogos/DFL-SEA-0001K9/DFL-CLU-00000G.svg,assets/logos/fc-augsburg.svg,Yannik Keitel,DFL-OBJ-0028SY,yannik-keitel,14,Midfielder,2000-02-15,186,84,DEU,https://assets.bundesliga.com/player/dfl-obj-0028sy-dfl-clu-000010-dfl-sea-0001k9.png,assets/images/fc-augsburg/yannik-keitel.png,2019-2020,DFL-SEA-0001K3,3,0,0,2,1,1,30,0,0,0,22.8,31.2,0,5,85,22,3
Bayern Munich,DFL-CLU-00000L,https://assets.bundesliga.com/clublogos/DFL-SEA-0001K9/DFL-CLU-00000L.svg,assets/logos/fc-bayern-muenchen.svg,Aleksandar Pavlović,DFL-OBJ-J01KAH,aleksandar-pavlovic,45,Midfielder,2004-05-03,188,75,"DEU , SRB",https://assets.bundesliga.com/player/dfl-obj-j01kah-dfl-clu-00000g-dfl-sea-0001k9.png,assets/images/fc-bayern-muenchen/aleksandar-pavlovic.png,2025-2026,DFL-SEA-0001K9,24,3,1,10,5,5,208,2,0,0,218.5,32.81,7,20,1810,138,10
Bayern Munich,DFL-CLU-00000L,https://assets.bundesliga.com/clublogos/DFL-SEA-0001K9/DFL-CLU-00000L.svg,assets/logos/fc-bayern-muenchen.svg,Aleksandar Pavlović,DFL-OBJ-J01KAH,aleksandar-pavlovic,45,Midfielder,2004-05-03,188,75,"DEU , SRB",https://assets.bundesliga.com/player/dfl-obj-j01kah-dfl-clu-00000g-dfl-sea-0001k9.png,assets/images/fc-bayern-muenchen/aleksandar-pavlovic.png,2024-2025,DFL-SEA-0001K8,21,1,0,9,5,4,290,2,0,0,205.3,31.6,5,15,1683,125,18
Bayern Munich,DFL-CLU-00000L,https://assets.bundesliga.com/clublogos/DFL-SEA-0001K9/DFL-CLU-00000L.svg,assets/logos/fc-bayern-muenchen.svg,Aleksandar Pavlović,DFL-OBJ-J01KAH,aleksandar-pavlovic,45,Midfielder,2004-05-03,188,75,"DEU , SRB",https://assets.bundesliga.com/player/dfl-obj-j01kah-dfl-clu-00000g-dfl-sea-0001k9.png,assets/images/fc-bayern-muenchen/aleksandar-pavlovic.png,2023-2024,DFL-SEA-0001K7,19,2,2,8,2,6,202,6,0,0,142.9,32.58,3,21,1134,123,11
Bayern Munich,DFL-CLU-00000L,https://assets.bundesliga.com/clublogos/DFL-SEA-0001K9/DFL-CLU-00000L.svg,assets/logos/fc-bayern-muenchen.svg,Alphonso Boyle Davies,DFL-OBJ-002FWZ,alphonso-davies,19,Defender,2000-11-02,185,77,"CAN , LBR",https://assets.bundesliga.com/player/dfl-obj-002fwz-dfl-clu-00000g-dfl-sea-0001k9.png,assets/images/fc-bayern-muenchen/alphonso-davies.png,2025-2026,DFL-SEA-0001K9,13,1,3,4,1,3,163,1,0,0,68.6,35.11,4,2,499,59,8
Bayern Munich,DFL-CLU-00000L,https://assets.bundesliga.com/clublogos/DFL-SEA-0001K9/DFL-CLU-00000L.svg,assets/logos/fc-bayern-muenchen.svg,Alphonso Boyle Davies,DFL-OBJ-002FWZ,alphonso-davies,19,Defender,2000-11-02,185,77,"CAN , LBR",https://assets.bundesliga.com/player/dfl-obj-002fwz-dfl-clu-00000g-dfl-sea-0001k9.png,assets/images/fc-bayern-muenchen/alphonso-davies.png,2024-2025,DFL-SEA-0001K8,19,1,2,18,3,15,565,0,0,0,189.1,36.24,16,8,1562,170,7
Bayern Munich,DFL-CLU-00000L,https://assets.bundesliga.com/clublogos/DFL-SEA-0001K9/DFL-CLU-00000L.svg,assets/logos/fc-bayern-muenchen.svg,Alphonso Boyle Davies,DFL-OBJ-002FWZ,alphonso-davies,19,Defender,2000-11-02,185,77,"CAN , LBR",https://assets.bundesliga.com/player/dfl-obj-002fwz-dfl-clu-00000g-dfl-sea-0001k9.png,assets/images/fc-bayern-muenchen/alphonso-davies.png,2023-2024,DFL-SEA-0001K7,29,2,5,13,5,8,677,0,0,0,215.9,36.1,20,15,2063,254,18
Bayern Munich,DFL-CLU-00000L,https://assets.bundesliga.com/clublogos/DFL-SEA-0001K9/DFL-CLU-00000L.svg,assets/logos/fc-bayern-muenchen.svg,Alphonso Boyle Davies,DFL-OBJ-002FWZ,alphonso-davies,19,Defender,2000-11-02,185,77,"CAN , LBR",https://assets.bundesliga.com/player/dfl-obj-002fwz-dfl-clu-00000g-dfl-sea-0001k9.png,assets/images/fc-bayern-muenchen/alphonso-davies.png,2022-2023,DFL-SEA-0001K6,26,1,4,19,6,13,689,0,0,0,217,36.53,19,7,1989,273,9
Bayern Munich,DFL-CLU-00000L,https://assets.bundesliga.com/clublogos/DFL-SEA-0001K9/DFL-CLU-00000L.svg,assets/logos/fc-bayern-muenchen.svg,Alphonso Boyle Davies,DFL-OBJ-002FWZ,alphonso-davies,19,Defender,2000-11-02,185,77,"CAN , LBR",https://assets.bundesliga.com/player/dfl-obj-002fwz-dfl-clu-00000g-dfl-sea-0001k9.png,assets/images/fc-bayern-muenchen/alphonso-davies.png,2021-2022,DFL-SEA-0001K5,22,0,3,20,7,13,703,3,0,0,216.9,36.08,35,14,1710,266,16
Bayern Munich,DFL-CLU-00000L,https://assets.bundesliga.com/clublogos/DFL-SEA-0001K9/DFL-CLU-00000L.svg,assets/logos/fc-bayern-muenchen.svg,Alphonso Boyle Davies,DFL-OBJ-002FWZ,alphonso-davies,19,Defender,2000-11-02,185,77,"CAN , LBR",https://assets.bundesliga.com/player/dfl-obj-002fwz-dfl-clu-00000g-dfl-sea-0001k9.png,assets/images/fc-bayern-muenchen/alphonso-davies.png,2020-2021,DFL-SEA-0001K4,22,1,2,4,3,1,650,2,0,0,202.4,35.97,25,12,1906,284,22
Bayern Munich,DFL-CLU-00000L,https://assets.bundesliga.com/clublogos/DFL-SEA-0001K9/DFL-CLU-00000L.svg,assets/logos/fc-bayern-muenchen.svg,Alphonso Boyle Davies,DFL-OBJ-002FWZ,alphonso-davies,19,Defender,2000-11-02,185,77,"CAN , LBR",https://assets.bundesliga.com/player/dfl-obj-002fwz-dfl-clu-00000g-dfl-sea-0001k9.png,assets/images/fc-bayern-muenchen/alphonso-davies.png,2019-2020,DFL-SEA-0001K3,29,3,5,12,5,7,914,2,0,0,276.9,36.51,51,25,2350,374,41
Bayern Munich,DFL-CLU-00000L,https://assets.bundesliga.com/clublogos/DFL-SEA-0001K9/DFL-CLU-00000L.svg,assets/logos/fc-bayern-muenchen.svg,Bara Joseph Sapoko Ndiaye,DFL-OBJ-J0257K,bara-sapoko-ndiaye,39,Midfielder,2007-12-31,180,,SEN,https://assets.bundesliga.com/player/dfl-obj-j0257k-dfl-clu-00000g-dfl-sea-0001k9.png,assets/images/fc-bayern-muenchen/bara-sapoko-ndiaye.png,2025-2026,DFL-SEA-0001K9,4,0,0,0,0,0,18,0,0,0,19.1,31.82,1,1,163,24,2
Bayern Munich,DFL-CLU-00000L,https://assets.bundesliga.com/clublogos/DFL-SEA-0001K9/DFL-CLU-00000L.svg,assets/logos/fc-bayern-muenchen.svg,Bastian Friedrich Assomo,DFL-OBJ-J023TS,bastian-assomo,33,Striker,2010-01-03,0,,DEU,https://assets.bundesliga.com/player/dfl-obj-j023ts-dfl-clu-00000g-dfl-sea-0001k9.png,assets/images/fc-bayern-muenchen/bastian-assomo.png,2025-2026,DFL-SEA-0001K9,,,,,,,,,,,,,,,,,
Bayern Munich,DFL-CLU-00000L,https://assets.bundesliga.com/clublogos/DFL-SEA-0001K9/DFL-CLU-00000L.svg,assets/logos/fc-bayern-muenchen.svg,Cassiano Tomas Kiala,DFL-OBJ-J020RF,cassiano-kiala,30,Defender,2009-01-11,174,,DEU,https://assets.bundesliga.com/player/dfl-obj-j020rf-dfl-clu-00000g-dfl-sea-0001k9.png,assets/images/fc-bayern-muenchen/cassiano-kiala.png,2025-2026,DFL-SEA-0001K9,1,0,0,0,0,0,1,0,0,0,0.5,29.52,0,0,3,0,0
Bayern Munich,DFL-CLU-00000L,https://assets.bundesliga.com/clublogos/DFL-SEA-0001K9/DFL-CLU-00000L.svg,assets/logos/fc-bayern-muenchen.svg,David Michael Santos Daiber,DFL-OBJ-J01Z07,david-santos-daiber,47,Midfielder,2007-01-10,185,,"DEU , PRT",https://assets.bundesliga.com/player/dfl-obj-j01z07-dfl-clu-00000g-dfl-sea-0001k9.png,assets/images/fc-bayern-muenchen/david-santos-daiber.png,2025-2026,DFL-SEA-0001K9,2,0,0,1,0,1,6,0,0,0,5.3,31.6,0,2,31,4,0
Bayern Munich,DFL-CLU-00000L,https://assets.bundesliga.com/clublogos/DFL-SEA-0001K9/DFL-CLU-00000L.svg,assets/logos/fc-bayern-muenchen.svg,Dayotchanculle Oswald Upamecano,DFL-OBJ-0027KL,dayot-upamecano,2,Defender,1998-10-27,186,90,FRA,https://assets.bundesliga.com/player/dfl-obj-0027kl-dfl-clu-00000g-dfl-sea-0001k9.png,assets/images/fc-bayern-muenchen/dayot-upamecano.png,2025-2026,DFL-SEA-0001K9,24,1,1,7,2,5,291,4,0,0,210.8,34.06,4,15,1906,172,36
Bayern Munich,DFL-CLU-00000L,https://assets.bundesliga.com/clublogos/DFL-SEA-0001K9/DFL-CLU-00000L.svg,assets/logos/fc-bayern-muenchen.svg,Dayotchanculle Oswald Upamecano,DFL-OBJ-0027KL,dayot-upamecano,2,Defender,1998-10-27,186,90,FRA,https://assets.bundesliga.com/player/dfl-obj-0027kl-dfl-clu-00000g-dfl-sea-0001k9.png,assets/images/fc-bayern-muenchen/dayot-upamecano.png,2024-2025,DFL-SEA-0001K8,20,2,0,14,7,7,374,6,0,0,210,34.27,4,21,2179,226,73
Bayern Munich,DFL-CLU-00000L,https://assets.bundesliga.com/clublogos/DFL-SEA-0001K9/DFL-CLU-00000L.svg,assets/logos/fc-bayern-muenchen.svg,Dayotchanculle Oswald Upamecano,DFL-OBJ-0027KL,dayot-upamecano,2,Defender,1998-10-27,186,90,FRA,https://assets.bundesliga.com/player/dfl-obj-0027kl-dfl-clu-00000g-dfl-sea-0001k9.png,assets/images/fc-bayern-muenchen/dayot-upamecano.png,2023-2024,DFL-SEA-0001K7,25,1,0,10,6,4,383,1,0,0,197.1,35.02,2,22,2045,190,48
Bayern Munich,DFL-CLU-00000L,https://assets.bundesliga.com/clublogos/DFL-SEA-0001K9/DFL-CLU-00000L.svg,assets/logos/fc-bayern-muenchen.svg,Dayotchanculle Oswald Upamecano,DFL-OBJ-0027KL,dayot-upamecano,2,Defender,1998-10-27,186,90,FRA,https://assets.bundesliga.com/player/dfl-obj-0027kl-dfl-clu-00000g-dfl-sea-0001k9.png,assets/images/fc-bayern-muenchen/dayot-upamecano.png,2022-2023,DFL-SEA-0001K6,29,0,1,8,1,7,455,6,0,0,241,35.67,0,30,2669,296,66
Bayern Munich,DFL-CLU-00000L,https://assets.bundesliga.com/clublogos/DFL-SEA-0001K9/DFL-CLU-00000L.svg,assets/logos/fc-bayern-muenchen.svg,Dayotchanculle Oswald Upamecano,DFL-OBJ-0027KL,dayot-upamecano,2,Defender,1998-10-27,186,90,FRA,https://assets.bundesliga.com/player/dfl-obj-0027kl-dfl-clu-00000g-dfl-sea-0001k9.png,assets/images/fc-bayern-muenchen/dayot-upamecano.png,2021-2022,DFL-SEA-0001K5,28,1,6,10,2,8,516,4,0,0,271.8,35.67,1,26,2607,292,76
Bayern Munich,DFL-CLU-00000L,https://assets.bundesliga.com/clublogos/DFL-SEA-0001K9/DFL-CLU-00000L.svg,assets/logos/fc-bayern-muenchen.svg,Dayotchanculle Oswald Upamecano,DFL-OBJ-0027KL,dayot-upamecano,2,Defender,1998-10-27,186,90,FRA,https://assets.bundesliga.com/player/dfl-obj-0027kl-dfl-clu-00000g-dfl-sea-0001k9.png,assets/images/fc-bayern-muenchen/dayot-upamecano.png,2020-2021,DFL-SEA-0001K4,29,1,0,13,7,6,444,6,0,0,271.4,35.43,3,33,2536,311,97
Bayern Munich,DFL-CLU-00000L,https://assets.bundesliga.com/clublogos/DFL-SEA-0001K9/DFL-CLU-00000L.svg,assets/logos/fc-bayern-muenchen.svg,Dayotchanculle Oswald Upamecano,DFL-OBJ-0027KL,dayot-upamecano,2,Defender,1998-10-27,186,90,FRA,https://assets.bundesliga.com/player/dfl-obj-0027kl-dfl-clu-00000g-dfl-sea-0001k9.png,assets/images/fc-bayern-muenchen/dayot-upamecano.png,2019-2020,DFL-SEA-0001K3,28,0,1,15,5,10,520,6,0,0,281.2,34.98,0,26,2355,297,66
Bayern Munich,DFL-CLU-00000L,https://assets.bundesliga.com/clublogos/DFL-SEA-0001K9/DFL-CLU-00000L.svg,assets/logos/fc-bayern-muenchen.svg,Deniz Emre Ofli,DFL-OBJ-J01S6Y,deniz-ofli,34,Defender,2007-03-29,0,,"DEU , TUR",https://assets.bundesliga.com/player/dfl-obj-j01s6y-dfl-clu-00000g-dfl-sea-0001k9.png,assets/images/fc-bayern-muenchen/deniz-ofli.png,2025-2026,DFL-SEA-0001K9,1,0,0,0,0,0,6,0,0,0,1.3,28.62,0,0,6,0,0
Bayern Munich,DFL-CLU-00000L,https://assets.bundesliga.com/clublogos/DFL-SEA-0001K9/DFL-CLU-00000L.svg,assets/logos/fc-bayern-muenchen.svg,Erblin Osmani,DFL-OBJ-J022DZ,erblin-osmani,38,Midfielder,2009-05-19,0,,DEU,https://assets.bundesliga.com/player/dfl-obj-j022dz-dfl-clu-00000g-dfl-sea-0001k9.png,assets/images/fc-bayern-muenchen/erblin-osmani.png,2025-2026,DFL-SEA-0001K9,1,0,0,0,0,0,0,0,0,0,0.9,24.95,0,0,7,1,0
Bayern Munich,DFL-CLU-00000L,https://assets.bundesliga.com/clublogos/DFL-SEA-0001K9/DFL-CLU-00000L.svg,assets/logos/fc-bayern-muenchen.svg,Filip Pavić,DFL-OBJ-J023U4,filip-pavic,43,Midfielder,2010-01-19,0,,"DEU , HRV",https://assets.bundesliga.com/player/dfl-obj-j023u4-dfl-clu-00000g-dfl-sea-0001k9.png,assets/images/fc-bayern-muenchen/filip-pavic.png,2025-2026,DFL-SEA-0001K9,,,,,,,,,,,,,,,,,
Bayern Munich,DFL-CLU-00000L,https://assets.bundesliga.com/clublogos/DFL-SEA-0001K9/DFL-CLU-00000L.svg,assets/logos/fc-bayern-muenchen.svg,Guido Della Rovere,DFL-OBJ-J025GZ,guido-della-rovere,31,Midfielder,2007-06-04,187,,ITA,https://assets.bundesliga.com/player/dfl-obj-j025gz-dfl-clu-00000g-dfl-sea-0001k9.png,assets/images/fc-bayern-muenchen/guido-della-rovere.png,2025-2026,DFL-SEA-0001K9,,,,,,,,,,,,,,,,,
Bayern Munich,DFL-CLU-00000L,https://assets.bundesliga.com/clublogos/DFL-SEA-0001K9/DFL-CLU-00000L.svg,assets/logos/fc-bayern-muenchen.svg,Harry Edward Kane,DFL-OBJ-J00ZZ3,harry-kane,9,Striker,1993-07-28,188,86,ENG,https://assets.bundesliga.com/player/dfl-obj-j00zz3-dfl-clu-00000g-dfl-sea-0001k9.png,assets/images/fc-bayern-muenchen/harry-kane.png,2025-2026,DFL-SEA-0001K9,31,36,5,113,66,47,182,1,0,0,291.4,32.24,8,22,1128,259,41
Bayern Munich,DFL-CLU-00000L,https://assets.bundesliga.com/clublogos/DFL-SEA-0001K9/DFL-CLU-00000L.svg,assets/logos/fc-bayern-muenchen.svg,Harry Edward Kane,DFL-OBJ-J00ZZ3,harry-kane,9,Striker,1993-07-28,188,86,ENG,https://assets.bundesliga.com/player/dfl-obj-j00zz3-dfl-clu-00000g-dfl-sea-0001k9.png,assets/images/fc-bayern-muenchen/harry-kane.png,2024-2025,DFL-SEA-0001K8,31,26,8,110,55,55,389,5,0,0,297.1,32.66,10,7,957,182,29
Bayern Munich,DFL-CLU-00000L,https://assets.bundesliga.com/clublogos/DFL-SEA-0001K9/DFL-CLU-00000L.svg,assets/logos/fc-bayern-muenchen.svg,Harry Edward Kane,DFL-OBJ-J00ZZ3,harry-kane,9,Striker,1993-07-28,188,86,ENG,https://assets.bundesliga.com/player/dfl-obj-j00zz3-dfl-clu-00000g-dfl-sea-0001k9.png,assets/images/fc-bayern-muenchen/harry-kane.png,2023-2024,DFL-SEA-0001K7,32,36,8,145,69,76,446,2,0,0,289.1,32.68,23,9,1047,221,30
Bayern Munich,DFL-CLU-00000L,https://assets.bundesliga.com/clublogos/DFL-SEA-0001K9/DFL-CLU-00000L.svg,assets/logos/fc-bayern-muenchen.svg,Hiroki Ito,DFL-OBJ-J01ILL,hiroki-ito,21,Defender,1999-05-12,188,84,JPN,https://assets.bundesliga.com/player/dfl-obj-j01ill-dfl-clu-00000g-dfl-sea-0001k9.png,assets/images/fc-bayern-muenchen/hiroki-ito.png,2025-2026,DFL-SEA-0001K9,16,1,2,10,3,7,167,0,0,0,112.5,34.33,2,10,967,81,27
Bayern Munich,DFL-CLU-00000L,https://assets.bundesliga.com/clublogos/DFL-SEA-0001K9/DFL-CLU-00000L.svg,assets/logos/fc-bayern-muenchen.svg,Hiroki Ito,DFL-OBJ-J01ILL,hiroki-ito,21,Defender,1999-05-12,188,84,JPN,https://assets.bundesliga.com/player/dfl-obj-j01ill-dfl-clu-00000g-dfl-sea-0001k9.png,assets/images/fc-bayern-muenchen/hiroki-ito.png,2024-2025,DFL-SEA-0001K8,6,1,0,1,1,0,61,1,0,0,30.9,33.9,2,2,252,20,5
Bayern Munich,DFL-CLU-00000L,https://assets.bundesliga.com/clublogos/DFL-SEA-0001K9/DFL-CLU-00000L.svg,assets/logos/fc-bayern-muenchen.svg,Hiroki Ito,DFL-OBJ-J01ILL,hiroki-ito,21,Defender,1999-05-12,188,84,JPN,https://assets.bundesliga.com/player/dfl-obj-j01ill-dfl-clu-00000g-dfl-sea-0001k9.png,assets/images/fc-bayern-muenchen/hiroki-ito.png,2023-2024,DFL-SEA-0001K7,26,0,2,18,4,14,383,1,0,0,237.1,33.91,15,16,2354,157,43
Bayern Munich,DFL-CLU-00000L,https://assets.bundesliga.com/clublogos/DFL-SEA-0001K9/DFL-CLU-00000L.svg,assets/logos/fc-bayern-muenchen.svg,Hiroki Ito,DFL-OBJ-J01ILL,hiroki-ito,21,Defender,1999-05-12,188,84,JPN,https://assets.bundesliga.com/player/dfl-obj-j01ill-dfl-clu-00000g-dfl-sea-0001k9.png,assets/images/fc-bayern-muenchen/hiroki-ito.png,2022-2023,DFL-SEA-0001K6,30,1,1,21,6,15,414,5,0,0,226.2,34.43,10,16,2471,223,58
Bayern Munich,DFL-CLU-00000L,https://assets.bundesliga.com/clublogos/DFL-SEA-0001K9/DFL-CLU-00000L.svg,assets/logos/fc-bayern-muenchen.svg,Hiroki Ito,DFL-OBJ-J01ILL,hiroki-ito,21,Defender,1999-05-12,188,84,JPN,https://assets.bundesliga.com/player/dfl-obj-j01ill-dfl-clu-00000g-dfl-sea-0001k9.png,assets/images/fc-bayern-muenchen/hiroki-ito.png,2021-2022,DFL-SEA-0001K5,29,1,1,12,2,10,463,2,0,0,260.2,34.73,6,20,2221,213,60
Bayern Munich,DFL-CLU-00000L,https://assets.bundesliga.com/clublogos/DFL-SEA-0001K9/DFL-CLU-00000L.svg,assets/logos/fc-bayern-muenchen.svg,Jamal Musiala,DFL-OBJ-002GCR,jamal-musiala,10,Midfielder,2003-02-26,184,72,"DEU , ENG",https://assets.bundesliga.com/player/dfl-obj-002gcr-dfl-clu-00000g-dfl-sea-0001k9.png,assets/images/fc-bayern-muenchen/jamal-musiala.png,2025-2026,DFL-SEA-0001K9,15,3,4,30,9,21,124,1,0,0,80,34.08,3,5,484,122,1
Bayern Munich,DFL-CLU-00000L,https://assets.bundesliga.com/clublogos/DFL-SEA-0001K9/DFL-CLU-00000L.svg,assets/logos/fc-bayern-muenchen.svg,Jamal Musiala,DFL-OBJ-002GCR,jamal-musiala,10,Midfielder,2003-02-26,184,72,"DEU , ENG",https://assets.bundesliga.com/player/dfl-obj-002gcr-dfl-clu-00000g-dfl-sea-0001k9.png,assets/images/fc-bayern-muenchen/jamal-musiala.png,2024-2025,DFL-SEA-0001K8,25,12,2,67,32,35,508,3,0,0,216.8,33.68,3,18,1384,278,5
Bayern Munich,DFL-CLU-00000L,https://assets.bundesliga.com/clublogos/DFL-SEA-0001K9/DFL-CLU-00000L.svg,assets/logos/fc-bayern-muenchen.svg,Jamal Musiala,DFL-OBJ-002GCR,jamal-musiala,10,Midfielder,2003-02-26,184,72,"DEU , ENG",https://assets.bundesliga.com/player/dfl-obj-002gcr-dfl-clu-00000g-dfl-sea-0001k9.png,assets/images/fc-bayern-muenchen/jamal-musiala.png,2023-2024,DFL-SEA-0001K7,24,10,6,56,21,35,449,2,0,0,183.5,34.17,6,24,1232,296,7
Bayern Munich,DFL-CLU-00000L,https://assets.bundesliga.com/clublogos/DFL-SEA-0001K9/DFL-CLU-00000L.svg,assets/logos/fc-bayern-muenchen.svg,Jamal Musiala,DFL-OBJ-002GCR,jamal-musiala,10,Midfielder,2003-02-26,184,72,"DEU , ENG",https://assets.bundesliga.com/player/dfl-obj-002gcr-dfl-clu-00000g-dfl-sea-0001k9.png,assets/images/fc-bayern-muenchen/jamal-musiala.png,2022-2023,DFL-SEA-0001K6,33,12,10,63,26,37,554,1,0,0,227.4,35.25,5,21,1508,365,13
Bayern Munich,DFL-CLU-00000L,https://assets.bundesliga.com/clublogos/DFL-SEA-0001K9/DFL-CLU-00000L.svg,assets/logos/fc-bayern-muenchen.svg,Jamal Musiala,DFL-OBJ-002GCR,jamal-musiala,10,Midfielder,2003-02-26,184,72,"DEU , ENG",https://assets.bundesliga.com/player/dfl-obj-002gcr-dfl-clu-00000g-dfl-sea-0001k9.png,assets/images/fc-bayern-muenchen/jamal-musiala.png,2021-2022,DFL-SEA-0001K5,30,5,5,41,16,25,402,2,0,0,190.6,32.55,3,16,1069,244,7
Bayern Munich,DFL-CLU-00000L,https://assets.bundesliga.com/clublogos/DFL-SEA-0001K9/DFL-CLU-00000L.svg,assets/logos/fc-bayern-muenchen.svg,Jamal Musiala,DFL-OBJ-002GCR,jamal-musiala,10,Midfielder,2003-02-26,184,72,"DEU , ENG",https://assets.bundesliga.com/player/dfl-obj-002gcr-dfl-clu-00000g-dfl-sea-0001k9.png,assets/images/fc-bayern-muenchen/jamal-musiala.png,2020-2021,DFL-SEA-0001K4,25,6,1,27,13,14,192,0,0,0,111.9,33.3,4,10,681,192,10
Bayern Munich,DFL-CLU-00000L,https://assets.bundesliga.com/clublogos/DFL-SEA-0001K9/DFL-CLU-00000L.svg,assets/logos/fc-bayern-muenchen.svg,Jamal Musiala,DFL-OBJ-002GCR,jamal-musiala,10,Midfielder,2003-02-26,184,72,"DEU , ENG",https://assets.bundesliga.com/player/dfl-obj-002gcr-dfl-clu-00000g-dfl-sea-0001k9.png,assets/images/fc-bayern-muenchen/jamal-musiala.png,2019-2020,DFL-SEA-0001K3,1,0,0,0,0,0,1,0,0,0,0.7,24.38,0,0,7,2,0
Bayern Munich,DFL-CLU-00000L,https://assets.bundesliga.com/clublogos/DFL-SEA-0001K9/DFL-CLU-00000L.svg,assets/logos/fc-bayern-muenchen.svg,Jannis Gerhard Bärtl,DFL-OBJ-J024L2,jannis-bartl,35,Goalkeeper,2006-06-24,183,,DEU,https://assets.bundesliga.com/player/dfl-obj-j024l2-dfl-clu-00000g-dfl-sea-0001k9.png,assets/images/fc-bayern-muenchen/jannis-bartl.png,2025-2026,DFL-SEA-0001K9,,,,,,,,,,,,,,,,,
Bayern Munich,DFL-CLU-00000L,https://assets.bundesliga.com/clublogos/DFL-SEA-0001K9/DFL-CLU-00000L.svg,assets/logos/fc-bayern-muenchen.svg,Jonas Kurt Urbig,DFL-OBJ-J01JM5,jonas-urbig,40,Goalkeeper,2003-08-08,189,83,DEU,https://assets.bundesliga.com/player/dfl-obj-j01jm5-dfl-clu-00000g-dfl-sea-0001k9.png,assets/images/fc-bayern-muenchen/jonas-urbig.png,2025-2026,DFL-SEA-0001K9,14,0,0,0,0,0,23,0,0,0,73.4,29.41,0,0,581,0,0
Bayern Munich,DFL-CLU-00000L,https://assets.bundesliga.com/clublogos/DFL-SEA-0001K9/DFL-CLU-00000L.svg,assets/logos/fc-bayern-muenchen.svg,Jonas Kurt Urbig,DFL-OBJ-J01JM5,jonas-urbig,40,Goalkeeper,2003-08-08,189,83,DEU,https://assets.bundesliga.com/player/dfl-obj-j01jm5-dfl-clu-00000g-dfl-sea-0001k9.png,assets/images/fc-bayern-muenchen/jonas-urbig.png,2024-2025,DFL-SEA-0001K8,8,0,0,0,0,0,19,0,0,0,48.2,30.59,0,0,341,0,0
Bayern Munich,DFL-CLU-00000L,https://assets.bundesliga.com/clublogos/DFL-SEA-0001K9/DFL-CLU-00000L.svg,assets/logos/fc-bayern-muenchen.svg,Jonathan Glao Tah,DFL-OBJ-0001UP,jonathan-tah,4,Defender,1996-02-11,195,94,"DEU , CIV",https://assets.bundesliga.com/player/dfl-obj-0001up-dfl-clu-00000g-dfl-sea-0001k9.png,assets/images/fc-bayern-muenchen/jonathan-tah.png,2025-2026,DFL-SEA-0001K9,28,2,1,8,4,4,277,7,0,0,239.8,33.36,0,22,2217,176,52
Bayern Munich,DFL-CLU-00000L,https://assets.bundesliga.com/clublogos/DFL-SEA-0001K9/DFL-CLU-00000L.svg,assets/logos/fc-bayern-muenchen.svg,Jonathan Glao Tah,DFL-OBJ-0001UP,jonathan-tah,4,Defender,1996-02-11,195,94,"DEU , CIV",https://assets.bundesliga.com/player/dfl-obj-0001up-dfl-clu-00000g-dfl-sea-0001k9.png,assets/images/fc-bayern-muenchen/jonathan-tah.png,2024-2025,DFL-SEA-0001K8,33,3,0,21,6,15,517,3,0,0,349.7,33.09,3,16,2700,232,85
Bayern Munich,DFL-CLU-00000L,https://assets.bundesliga.com/clublogos/DFL-SEA-0001K9/DFL-CLU-00000L.svg,assets/logos/fc-bayern-muenchen.svg,Jonathan Glao Tah,DFL-OBJ-0001UP,jonathan-tah,4,Defender,1996-02-11,195,94,"DEU , CIV",https://assets.bundesliga.com/player/dfl-obj-0001up-dfl-clu-00000g-dfl-sea-0001k9.png,assets/images/fc-bayern-muenchen/jonathan-tah.png,2023-2024,DFL-SEA-0001K7,31,4,1,23,11,12,392,6,0,0,305.5,35.81,3,32,2504,206,83
Bayern Munich,DFL-CLU-00000L,https://assets.bundesliga.com/clublogos/DFL-SEA-0001K9/DFL-CLU-00000L.svg,assets/logos/fc-bayern-muenchen.svg,Jonathan Glao Tah,DFL-OBJ-0001UP,jonathan-tah,4,Defender,1996-02-11,195,94,"DEU , CIV",https://assets.bundesliga.com/player/dfl-obj-0001up-dfl-clu-00000g-dfl-sea-0001k9.png,assets/images/fc-bayern-muenchen/jonathan-tah.png,2022-2023,DFL-SEA-0001K6,33,1,0,10,2,8,339,6,0,0,255.4,33.82,3,21,1935,226,83
Bayern Munich,DFL-CLU-00000L,https://assets.bundesliga.com/clublogos/DFL-SEA-0001K9/DFL-CLU-00000L.svg,assets/logos/fc-bayern-muenchen.svg,Jonathan Glao Tah,DFL-OBJ-0001UP,jonathan-tah,4,Defender,1996-02-11,195,94,"DEU , CIV",https://assets.bundesliga.com/player/dfl-obj-0001up-dfl-clu-00000g-dfl-sea-0001k9.png,assets/images/fc-bayern-muenchen/jonathan-tah.png,2021-2022,DFL-SEA-0001K5,33,2,3,15,3,12,444,4,0,0,327.3,33.41,2,19,2318,295,125
Bayern Munich,DFL-CLU-00000L,https://assets.bundesliga.com/clublogos/DFL-SEA-0001K9/DFL-CLU-00000L.svg,assets/logos/fc-bayern-muenchen.svg,Jonathan Glao Tah,DFL-OBJ-0001UP,jonathan-tah,4,Defender,1996-02-11,195,94,"DEU , CIV",https://assets.bundesliga.com/player/dfl-obj-0001up-dfl-clu-00000g-dfl-sea-0001k9.png,assets/images/fc-bayern-muenchen/jonathan-tah.png,2020-2021,DFL-SEA-0001K4,27,1,0,9,2,7,442,3,0,0,270,33.14,3,29,2336,236,91
Bayern Munich,DFL-CLU-00000L,https://assets.bundesliga.com/clublogos/DFL-SEA-0001K9/DFL-CLU-00000L.svg,assets/logos/fc-bayern-muenchen.svg,Jonathan Glao Tah,DFL-OBJ-0001UP,jonathan-tah,4,Defender,1996-02-11,195,94,"DEU , CIV",https://assets.bundesliga.com/player/dfl-obj-0001up-dfl-clu-00000g-dfl-sea-0001k9.png,assets/images/fc-bayern-muenchen/jonathan-tah.png,2019-2020,DFL-SEA-0001K3,25,0,1,5,1,4,425,4,0,0,261,33.24,1,28,2373,252,89
Bayern Munich,DFL-CLU-00000L,https://assets.bundesliga.com/clublogos/DFL-SEA-0001K9/DFL-CLU-00000L.svg,assets/logos/fc-bayern-muenchen.svg,Joshua Walter Kimmich,DFL-OBJ-0002F5,joshua-kimmich,6,Midfielder,1995-02-08,177,75,DEU,https://assets.bundesliga.com/player/dfl-obj-0002f5-dfl-clu-00000g-dfl-sea-0001k9.png,assets/images/fc-bayern-muenchen/joshua-kimmich.png,2025-2026,DFL-SEA-0001K9,29,2,8,28,9,19,278,4,0,0,311.5,33.08,27,7,3102,169,15
Bayern Munich,DFL-CLU-00000L,https://assets.bundesliga.com/clublogos/DFL-SEA-0001K9/DFL-CLU-00000L.svg,assets/logos/fc-bayern-muenchen.svg,Joshua Walter Kimmich,DFL-OBJ-0002F5,joshua-kimmich,6,Midfielder,1995-02-08,177,75,DEU,https://assets.bundesliga.com/player/dfl-obj-0002f5-dfl-clu-00000g-dfl-sea-0001k9.png,assets/images/fc-bayern-muenchen/joshua-kimmich.png,2024-2025,DFL-SEA-0001K8,33,3,6,35,11,24,549,4,0,0,390.4,33.34,37,14,3996,198,20
Bayern Munich,DFL-CLU-00000L,https://assets.bundesliga.com/clublogos/DFL-SEA-0001K9/DFL-CLU-00000L.svg,assets/logos/fc-bayern-muenchen.svg,Joshua Walter Kimmich,DFL-OBJ-0002F5,joshua-kimmich,6,Midfielder,1995-02-08,177,75,DEU,https://assets.bundesliga.com/player/dfl-obj-0002f5-dfl-clu-00000g-dfl-sea-0001k9.png,assets/images/fc-bayern-muenchen/joshua-kimmich.png,2023-2024,DFL-SEA-0001K7,28,1,6,28,8,20,447,1,0,0,261.4,32.29,55,12,2546,167,9
Bayern Munich,DFL-CLU-00000L,https://assets.bundesliga.com/clublogos/DFL-SEA-0001K9/DFL-CLU-00000L.svg,assets/logos/fc-bayern-muenchen.svg,Joshua Walter Kimmich,DFL-OBJ-0002F5,joshua-kimmich,6,Midfielder,1995-02-08,177,75,DEU,https://assets.bundesliga.com/player/dfl-obj-0002f5-dfl-clu-00000g-dfl-sea-0001k9.png,assets/images/fc-bayern-muenchen/joshua-kimmich.png,2022-2023,DFL-SEA-0001K6,33,5,6,31,12,19,451,4,0,0,318,32.54,21,20,3229,317,30
Bayern Munich,DFL-CLU-00000L,https://assets.bundesliga.com/clublogos/DFL-SEA-0001K9/DFL-CLU-00000L.svg,assets/logos/fc-bayern-muenchen.svg,Joshua Walter Kimmich,DFL-OBJ-0002F5,joshua-kimmich,6,Midfielder,1995-02-08,177,75,DEU,https://assets.bundesliga.com/player/dfl-obj-0002f5-dfl-clu-00000g-dfl-sea-0001k9.png,assets/images/fc-bayern-muenchen/joshua-kimmich.png,2021-2022,DFL-SEA-0001K5,28,3,11,31,13,18,524,4,0,0,342.7,31.91,15,18,3034,288,31
Bayern Munich,DFL-CLU-00000L,https://assets.bundesliga.com/clublogos/DFL-SEA-0001K9/DFL-CLU-00000L.svg,assets/logos/fc-bayern-muenchen.svg,Joshua Walter Kimmich,DFL-OBJ-0002F5,joshua-kimmich,6,Midfielder,1995-02-08,177,75,DEU,https://assets.bundesliga.com/player/dfl-obj-0002f5-dfl-clu-00000g-dfl-sea-0001k9.png,assets/images/fc-bayern-muenchen/joshua-kimmich.png,2020-2021,DFL-SEA-0001K4,27,4,10,37,14,23,429,4,0,0,306.8,31.89,21,18,2516,266,23
Bayern Munich,DFL-CLU-00000L,https://assets.bundesliga.com/clublogos/DFL-SEA-0001K9/DFL-CLU-00000L.svg,assets/logos/fc-bayern-muenchen.svg,Joshua Walter Kimmich,DFL-OBJ-0002F5,joshua-kimmich,6,Midfielder,1995-02-08,177,75,DEU,https://assets.bundesliga.com/player/dfl-obj-0002f5-dfl-clu-00000g-dfl-sea-0001k9.png,assets/images/fc-bayern-muenchen/joshua-kimmich.png,2019-2020,DFL-SEA-0001K3,33,4,7,28,13,15,666,7,0,0,398,32.49,49,25,3263,322,35
Bayern Munich,DFL-CLU-00000L,https://assets.bundesliga.com/clublogos/DFL-SEA-0001K9/DFL-CLU-00000L.svg,assets/logos/fc-bayern-muenchen.svg,Josip Stanišić,DFL-OBJ-002GIC,josip-stanisic,44,Defender,2000-04-02,187,77,"HRV , DEU",https://assets.bundesliga.com/player/dfl-obj-002gic-dfl-clu-00000g-dfl-sea-0001k9.png,assets/images/fc-bayern-muenchen/josip-stanisic.png,2025-2026,DFL-SEA-0001K9,26,2,3,7,4,3,428,1,0,0,235.2,35.16,16,8,1682,174,29
Bayern Munich,DFL-CLU-00000L,https://assets.bundesliga.com/clublogos/DFL-SEA-0001K9/DFL-CLU-00000L.svg,assets/logos/fc-bayern-muenchen.svg,Josip Stanišić,DFL-OBJ-002GIC,josip-stanisic,44,Defender,2000-04-02,187,77,"HRV , DEU",https://assets.bundesliga.com/player/dfl-obj-002gic-dfl-clu-00000g-dfl-sea-0001k9.png,assets/images/fc-bayern-muenchen/josip-stanisic.png,2024-2025,DFL-SEA-0001K8,14,0,2,2,0,2,238,0,0,0,109.1,34.2,7,2,912,72,12
Bayern Munich,DFL-CLU-00000L,https://assets.bundesliga.com/clublogos/DFL-SEA-0001K9/DFL-CLU-00000L.svg,assets/logos/fc-bayern-muenchen.svg,Josip Stanišić,DFL-OBJ-002GIC,josip-stanisic,44,Defender,2000-04-02,187,77,"HRV , DEU",https://assets.bundesliga.com/player/dfl-obj-002gic-dfl-clu-00000g-dfl-sea-0001k9.png,assets/images/fc-bayern-muenchen/josip-stanisic.png,2023-2024,DFL-SEA-0001K7,20,3,1,10,5,5,307,3,0,0,159.3,34.27,12,5,1235,121,19
Bayern Munich,DFL-CLU-00000L,https://assets.bundesliga.com/clublogos/DFL-SEA-0001K9/DFL-CLU-00000L.svg,assets/logos/fc-bayern-muenchen.svg,Josip Stanišić,DFL-OBJ-002GIC,josip-stanisic,44,Defender,2000-04-02,187,77,"HRV , DEU",https://assets.bundesliga.com/player/dfl-obj-002gic-dfl-clu-00000g-dfl-sea-0001k9.png,assets/images/fc-bayern-muenchen/josip-stanisic.png,2022-2023,DFL-SEA-0001K6,14,0,0,0,0,0,107,1,0,0,53.1,34.77,7,6,713,59,8
Bayern Munich,DFL-CLU-00000L,https://assets.bundesliga.com/clublogos/DFL-SEA-0001K9/DFL-CLU-00000L.svg,assets/logos/fc-bayern-muenchen.svg,Josip Stanišić,DFL-OBJ-002GIC,josip-stanisic,44,Defender,2000-04-02,187,77,"HRV , DEU",https://assets.bundesliga.com/player/dfl-obj-002gic-dfl-clu-00000g-dfl-sea-0001k9.png,assets/images/fc-bayern-muenchen/josip-stanisic.png,2021-2022,DFL-SEA-0001K5,13,1,0,4,3,1,235,1,0,0,83.2,33.44,8,5,693,88,8
Bayern Munich,DFL-CLU-00000L,https://assets.bundesliga.com/clublogos/DFL-SEA-0001K9/DFL-CLU-00000L.svg,assets/logos/fc-bayern-muenchen.svg,Josip Stanišić,DFL-OBJ-002GIC,josip-stanisic,44,Defender,2000-04-02,187,77,"HRV , DEU",https://assets.bundesliga.com/player/dfl-obj-002gic-dfl-clu-00000g-dfl-sea-0001k9.png,assets/images/fc-bayern-muenchen/josip-stanisic.png,2020-2021,DFL-SEA-0001K4,1,0,0,2,0,2,40,0,0,0,11.8,31.67,1,1,74,12,5
Bayern Munich,DFL-CLU-00000L,https://assets.bundesliga.com/clublogos/DFL-SEA-0001K9/DFL-CLU-00000L.svg,assets/logos/fc-bayern-muenchen.svg,Konrad Laimer,DFL-OBJ-0027T1,konrad-laimer,27,Midfielder,1997-05-27,180,72,AUT,https://assets.bundesliga.com/player/dfl-obj-0027t1-dfl-clu-00000g-dfl-sea-0001k9.png,assets/images/fc-bayern-muenchen/konrad-laimer.png,2025-2026,DFL-SEA-0001K9,29,3,9,17,8,9,484,9,0,0,243.1,35.46,30,29,1852,204,22
Bayern Munich,DFL-CLU-00000L,https://assets.bundesliga.com/clublogos/DFL-SEA-0001K9/DFL-CLU-00000L.svg,assets/logos/fc-bayern-muenchen.svg,Konrad Laimer,DFL-OBJ-0027T1,konrad-laimer,27,Midfielder,1997-05-27,180,72,AUT,https://assets.bundesliga.com/player/dfl-obj-0027t1-dfl-clu-00000g-dfl-sea-0001k9.png,assets/images/fc-bayern-muenchen/konrad-laimer.png,2024-2025,DFL-SEA-0001K8,29,2,2,16,6,10,650,8,0,0,211.1,34.47,12,35,1463,188,19
Bayern Munich,DFL-CLU-00000L,https://assets.bundesliga.com/clublogos/DFL-SEA-0001K9/DFL-CLU-00000L.svg,assets/logos/fc-bayern-muenchen.svg,Konrad Laimer,DFL-OBJ-0027T1,konrad-laimer,27,Midfielder,1997-05-27,180,72,AUT,https://assets.bundesliga.com/player/dfl-obj-0027t1-dfl-clu-00000g-dfl-sea-0001k9.png,assets/images/fc-bayern-muenchen/konrad-laimer.png,2023-2024,DFL-SEA-0001K7,29,0,3,17,4,13,496,3,0,0,204.3,34.49,17,26,1761,229,14
Bayern Munich,DFL-CLU-00000L,https://assets.bundesliga.com/clublogos/DFL-SEA-0001K9/DFL-CLU-00000L.svg,assets/logos/fc-bayern-muenchen.svg,Konrad Laimer,DFL-OBJ-0027T1,konrad-laimer,27,Midfielder,1997-05-27,180,72,AUT,https://assets.bundesliga.com/player/dfl-obj-0027t1-dfl-clu-00000g-dfl-sea-0001k9.png,assets/images/fc-bayern-muenchen/konrad-laimer.png,2022-2023,DFL-SEA-0001K6,21,3,0,19,10,9,430,8,0,0,163.3,34.12,13,31,1052,223,5
Bayern Munich,DFL-CLU-00000L,https://assets.bundesliga.com/clublogos/DFL-SEA-0001K9/DFL-CLU-00000L.svg,assets/logos/fc-bayern-muenchen.svg,Konrad Laimer,DFL-OBJ-0027T1,konrad-laimer,27,Midfielder,1997-05-27,180,72,AUT,https://assets.bundesliga.com/player/dfl-obj-0027t1-dfl-clu-00000g-dfl-sea-0001k9.png,assets/images/fc-bayern-muenchen/konrad-laimer.png,2021-2022,DFL-SEA-0001K5,26,4,4,16,8,8,381,2,0,0,154.3,34.63,12,37,911,177,17
Bayern Munich,DFL-CLU-00000L,https://assets.bundesliga.com/clublogos/DFL-SEA-0001K9/DFL-CLU-00000L.svg,assets/logos/fc-bayern-muenchen.svg,Konrad Laimer,DFL-OBJ-0027T1,konrad-laimer,27,Midfielder,1997-05-27,180,72,AUT,https://assets.bundesliga.com/player/dfl-obj-0027t1-dfl-clu-00000g-dfl-sea-0001k9.png,assets/images/fc-bayern-muenchen/konrad-laimer.png,2020-2021,DFL-SEA-0001K4,3,0,0,3,2,1,33,0,0,0,9.2,32.55,0,2,61,16,3
Bayern Munich,DFL-CLU-00000L,https://assets.bundesliga.com/clublogos/DFL-SEA-0001K9/DFL-CLU-00000L.svg,assets/logos/fc-bayern-muenchen.svg,Konrad Laimer,DFL-OBJ-0027T1,konrad-laimer,27,Midfielder,1997-05-27,180,72,AUT,https://assets.bundesliga.com/player/dfl-obj-0027t1-dfl-clu-00000g-dfl-sea-0001k9.png,assets/images/fc-bayern-muenchen/konrad-laimer.png,2019-2020,DFL-SEA-0001K3,29,2,6,10,5,5,526,6,0,0,270.1,34.73,4,60,1652,344,20
Bayern Munich,DFL-CLU-00000L,https://assets.bundesliga.com/clublogos/DFL-SEA-0001K9/DFL-CLU-00000L.svg,assets/logos/fc-bayern-muenchen.svg,Lennart Karl,DFL-OBJ-J01UD5,lennart-karl,42,Midfielder,2008-02-22,168,67,DEU,https://assets.bundesliga.com/player/dfl-obj-j01ud5-dfl-clu-00000g-dfl-sea-0001k9.png,assets/images/fc-bayern-muenchen/lennart-karl.png,2025-2026,DFL-SEA-0001K9,26,5,5,40,21,19,337,1,0,0,164,33.16,21,5,1128,126,3
Bayern Munich,DFL-CLU-00000L,https://assets.bundesliga.com/clublogos/DFL-SEA-0001K9/DFL-CLU-00000L.svg,assets/logos/fc-bayern-muenchen.svg,Leon Christoph Goretzka,DFL-OBJ-000191,leon-goretzka,8,Midfielder,1995-02-06,189,82,DEU,https://assets.bundesliga.com/player/dfl-obj-000191-dfl-clu-00000g-dfl-sea-0001k9.png,assets/images/fc-bayern-muenchen/leon-goretzka.png,2025-2026,DFL-SEA-0001K9,31,5,3,33,11,22,291,4,0,0,233.5,33.27,4,13,1901,205,34
Bayern Munich,DFL-CLU-00000L,https://assets.bundesliga.com/clublogos/DFL-SEA-0001K9/DFL-CLU-00000L.svg,assets/logos/fc-bayern-muenchen.svg,Leon Christoph Goretzka,DFL-OBJ-000191,leon-goretzka,8,Midfielder,1995-02-06,189,82,DEU,https://assets.bundesliga.com/player/dfl-obj-000191-dfl-clu-00000g-dfl-sea-0001k9.png,assets/images/fc-bayern-muenchen/leon-goretzka.png,2024-2025,DFL-SEA-0001K8,26,4,1,30,10,20,312,2,0,0,168.8,34.4,3,13,1406,155,42
Bayern Munich,DFL-CLU-00000L,https://assets.bundesliga.com/clublogos/DFL-SEA-0001K9/DFL-CLU-00000L.svg,assets/logos/fc-bayern-muenchen.svg,Leon Christoph Goretzka,DFL-OBJ-000191,leon-goretzka,8,Midfielder,1995-02-06,189,82,DEU,https://assets.bundesliga.com/player/dfl-obj-000191-dfl-clu-00000g-dfl-sea-0001k9.png,assets/images/fc-bayern-muenchen/leon-goretzka.png,2023-2024,DFL-SEA-0001K7,30,6,7,52,15,37,388,3,0,0,238.9,32.89,7,23,2094,216,36
Bayern Munich,DFL-CLU-00000L,https://assets.bundesliga.com/clublogos/DFL-SEA-0001K9/DFL-CLU-00000L.svg,assets/logos/fc-bayern-muenchen.svg,Leon Christoph Goretzka,DFL-OBJ-000191,leon-goretzka,8,Midfielder,1995-02-06,189,82,DEU,https://assets.bundesliga.com/player/dfl-obj-000191-dfl-clu-00000g-dfl-sea-0001k9.png,assets/images/fc-bayern-muenchen/leon-goretzka.png,2022-2023,DFL-SEA-0001K6,27,3,2,38,13,25,296,5,0,0,176.9,34.32,6,23,1342,244,49
Bayern Munich,DFL-CLU-00000L,https://assets.bundesliga.com/clublogos/DFL-SEA-0001K9/DFL-CLU-00000L.svg,assets/logos/fc-bayern-muenchen.svg,Leon Christoph Goretzka,DFL-OBJ-000191,leon-goretzka,8,Midfielder,1995-02-06,189,82,DEU,https://assets.bundesliga.com/player/dfl-obj-000191-dfl-clu-00000g-dfl-sea-0001k9.png,assets/images/fc-bayern-muenchen/leon-goretzka.png,2021-2022,DFL-SEA-0001K5,19,3,3,44,14,30,326,0,0,0,170.8,32.72,7,14,1083,157,33
Bayern Munich,DFL-CLU-00000L,https://assets.bundesliga.com/clublogos/DFL-SEA-0001K9/DFL-CLU-00000L.svg,assets/logos/fc-bayern-muenchen.svg,Leon Christoph Goretzka,DFL-OBJ-000191,leon-goretzka,8,Midfielder,1995-02-06,189,82,DEU,https://assets.bundesliga.com/player/dfl-obj-000191-dfl-clu-00000g-dfl-sea-0001k9.png,assets/images/fc-bayern-muenchen/leon-goretzka.png,2020-2021,DFL-SEA-0001K4,28,5,5,43,14,29,491,2,0,0,239.5,34.4,6,27,1353,234,51
Bayern Munich,DFL-CLU-00000L,https://assets.bundesliga.com/clublogos/DFL-SEA-0001K9/DFL-CLU-00000L.svg,assets/logos/fc-bayern-muenchen.svg,Leon Christoph Goretzka,DFL-OBJ-000191,leon-goretzka,8,Midfielder,1995-02-06,189,82,DEU,https://assets.bundesliga.com/player/dfl-obj-000191-dfl-clu-00000g-dfl-sea-0001k9.png,assets/images/fc-bayern-muenchen/leon-goretzka.png,2019-2020,DFL-SEA-0001K3,24,6,5,39,15,24,382,2,0,0,191.6,34.3,1,25,1162,188,31
Bayern Munich,DFL-CLU-00000L,https://assets.bundesliga.com/clublogos/DFL-SEA-0001K9/DFL-CLU-00000L.svg,assets/logos/fc-bayern-muenchen.svg,Leon Klanac,DFL-OBJ-J01NAX,leon-klanac,48,Goalkeeper,2007-03-01,185,80,"DEU , HRV",https://assets.bundesliga.com/player/dfl-obj-j01nax-dfl-clu-00000g-dfl-sea-0001k9.png,assets/images/fc-bayern-muenchen/leon-klanac.png,2025-2026,DFL-SEA-0001K9,,,,,,,,,,,,,,,,,
Bayern Munich,DFL-CLU-00000L,https://assets.bundesliga.com/clublogos/DFL-SEA-0001K9/DFL-CLU-00000L.svg,assets/logos/fc-bayern-muenchen.svg,Leonard Prescott,DFL-OBJ-J020R0,leonard-prescott,37,Goalkeeper,2009-09-23,196,,"DEU , USA",https://assets.bundesliga.com/player/dfl-obj-j020r0-dfl-clu-00000g-dfl-sea-0001k9.png,assets/images/fc-bayern-muenchen/leonard-prescott.png,2025-2026,DFL-SEA-0001K9,,,,,,,,,,,,,,,,,
Bayern Munich,DFL-CLU-00000L,https://assets.bundesliga.com/clublogos/DFL-SEA-0001K9/DFL-CLU-00000L.svg,assets/logos/fc-bayern-muenchen.svg,Luis Fernando Díaz Marulanda,DFL-OBJ-J01DA7,luis-diaz,14,Striker,1997-01-13,180,74,COL,https://assets.bundesliga.com/player/dfl-obj-j01da7-dfl-clu-00000g-dfl-sea-0001k9.png,assets/images/fc-bayern-muenchen/luis-diaz.png,2025-2026,DFL-SEA-0001K9,32,15,14,85,36,49,569,5,0,0,284.2,34.14,42,34,1867,288,13
Bayern Munich,DFL-CLU-00000L,https://assets.bundesliga.com/clublogos/DFL-SEA-0001K9/DFL-CLU-00000L.svg,assets/logos/fc-bayern-muenchen.svg,Manuel Peter Neuer,DFL-OBJ-0000I4,manuel-neuer,1,Goalkeeper,1986-03-27,193,93,DEU,https://assets.bundesliga.com/player/dfl-obj-0000i4-dfl-clu-00000g-dfl-sea-0001k9.png,assets/images/fc-bayern-muenchen/manuel-neuer.png,2025-2026,DFL-SEA-0001K9,22,0,0,0,0,0,11,0,0,0,122.9,27.95,0,0,906,0,0
Bayern Munich,DFL-CLU-00000L,https://assets.bundesliga.com/clublogos/DFL-SEA-0001K9/DFL-CLU-00000L.svg,assets/logos/fc-bayern-muenchen.svg,Manuel Peter Neuer,DFL-OBJ-0000I4,manuel-neuer,1,Goalkeeper,1986-03-27,193,93,DEU,https://assets.bundesliga.com/player/dfl-obj-0000i4-dfl-clu-00000g-dfl-sea-0001k9.png,assets/images/fc-bayern-muenchen/manuel-neuer.png,2024-2025,DFL-SEA-0001K8,22,0,0,0,0,0,20,0,0,0,134.1,27.25,0,0,1014,0,0
Bayern Munich,DFL-CLU-00000L,https://assets.bundesliga.com/clublogos/DFL-SEA-0001K9/DFL-CLU-00000L.svg,assets/logos/fc-bayern-muenchen.svg,Manuel Peter Neuer,DFL-OBJ-0000I4,manuel-neuer,1,Goalkeeper,1986-03-27,193,93,DEU,https://assets.bundesliga.com/player/dfl-obj-0000i4-dfl-clu-00000g-dfl-sea-0001k9.png,assets/images/fc-bayern-muenchen/manuel-neuer.png,2023-2024,DFL-SEA-0001K7,23,0,0,0,0,0,12,1,0,0,106.5,26.53,0,1,995,0,0
Bayern Munich,DFL-CLU-00000L,https://assets.bundesliga.com/clublogos/DFL-SEA-0001K9/DFL-CLU-00000L.svg,assets/logos/fc-bayern-muenchen.svg,Manuel Peter Neuer,DFL-OBJ-0000I4,manuel-neuer,1,Goalkeeper,1986-03-27,193,93,DEU,https://assets.bundesliga.com/player/dfl-obj-0000i4-dfl-clu-00000g-dfl-sea-0001k9.png,assets/images/fc-bayern-muenchen/manuel-neuer.png,2022-2023,DFL-SEA-0001K6,12,0,0,2,1,1,4,0,0,0,42.1,28.74,0,0,564,0,0
Bayern Munich,DFL-CLU-00000L,https://assets.bundesliga.com/clublogos/DFL-SEA-0001K9/DFL-CLU-00000L.svg,assets/logos/fc-bayern-muenchen.svg,Manuel Peter Neuer,DFL-OBJ-0000I4,manuel-neuer,1,Goalkeeper,1986-03-27,193,93,DEU,https://assets.bundesliga.com/player/dfl-obj-0000i4-dfl-clu-00000g-dfl-sea-0001k9.png,assets/images/fc-bayern-muenchen/manuel-neuer.png,2021-2022,DFL-SEA-0001K5,28,0,0,0,0,0,32,0,0,0,148.5,28.07,0,0,1398,0,0
Bayern Munich,DFL-CLU-00000L,https://assets.bundesliga.com/clublogos/DFL-SEA-0001K9/DFL-CLU-00000L.svg,assets/logos/fc-bayern-muenchen.svg,Manuel Peter Neuer,DFL-OBJ-0000I4,manuel-neuer,1,Goalkeeper,1986-03-27,193,93,DEU,https://assets.bundesliga.com/player/dfl-obj-0000i4-dfl-clu-00000g-dfl-sea-0001k9.png,assets/images/fc-bayern-muenchen/manuel-neuer.png,2020-2021,DFL-SEA-0001K4,32,0,0,0,0,0,43,1,0,0,164.2,27.7,0,1,1502,0,0
Bayern Munich,DFL-CLU-00000L,https://assets.bundesliga.com/clublogos/DFL-SEA-0001K9/DFL-CLU-00000L.svg,assets/logos/fc-bayern-muenchen.svg,Manuel Peter Neuer,DFL-OBJ-0000I4,manuel-neuer,1,Goalkeeper,1986-03-27,193,93,DEU,https://assets.bundesliga.com/player/dfl-obj-0000i4-dfl-clu-00000g-dfl-sea-0001k9.png,assets/images/fc-bayern-muenchen/manuel-neuer.png,2019-2020,DFL-SEA-0001K3,33,0,0,0,0,0,47,0,0,0,172.5,29.64,0,0,1648,0,0
Bayern Munich,DFL-CLU-00000L,https://assets.bundesliga.com/clublogos/DFL-SEA-0001K9/DFL-CLU-00000L.svg,assets/logos/fc-bayern-muenchen.svg,Maycon Douglas Normanha Cardozo,DFL-OBJ-J0252S,maycon-douglas-cardozo,49,Midfielder,2008-10-10,165,,"BRA , PRT",https://assets.bundesliga.com/player/dfl-obj-j0252s-dfl-clu-00000g-dfl-sea-0001k9.png,assets/images/fc-bayern-muenchen/maycon-douglas-cardozo.png,2025-2026,DFL-SEA-0001K9,2,0,0,0,0,0,5,0,0,0,5,28.52,1,0,24,3,0
Bayern Munich,DFL-CLU-00000L,https://assets.bundesliga.com/clublogos/DFL-SEA-0001K9/DFL-CLU-00000L.svg,assets/logos/fc-bayern-muenchen.svg,Michael Akpovie Olise,DFL-OBJ-J01R3R,michael-olise,17,Midfielder,2001-12-12,176,73,"FRA , ENG",https://assets.bundesliga.com/player/dfl-obj-j01r3r-dfl-clu-00000g-dfl-sea-0001k9.png,assets/images/fc-bayern-muenchen/michael-olise.png,2025-2026,DFL-SEA-0001K9,32,15,19,101,51,50,622,8,0,0,292.5,34.54,49,29,2329,316,6
Bayern Munich,DFL-CLU-00000L,https://assets.bundesliga.com/clublogos/DFL-SEA-0001K9/DFL-CLU-00000L.svg,assets/logos/fc-bayern-muenchen.svg,Michael Akpovie Olise,DFL-OBJ-J01R3R,michael-olise,17,Midfielder,2001-12-12,176,73,"FRA , ENG",https://assets.bundesliga.com/player/dfl-obj-j01r3r-dfl-clu-00000g-dfl-sea-0001k9.png,assets/images/fc-bayern-muenchen/michael-olise.png,2024-2025,DFL-SEA-0001K8,34,12,15,88,37,51,756,3,0,0,298,33.87,66,22,2088,334,13
Bayern Munich,DFL-CLU-00000L,https://assets.bundesliga.com/clublogos/DFL-SEA-0001K9/DFL-CLU-00000L.svg,assets/logos/fc-bayern-muenchen.svg,Minjae Kim,DFL-OBJ-J01AE6,minjae-kim,3,Defender,1996-11-15,190,81,KOR,https://assets.bundesliga.com/player/dfl-obj-j01ae6-dfl-clu-00000g-dfl-sea-0001k9.png,assets/images/fc-bayern-muenchen/minjae-kim.png,2025-2026,DFL-SEA-0001K9,25,1,1,5,3,2,303,1,0,0,193.2,33.58,2,9,1866,166,53
Bayern Munich,DFL-CLU-00000L,https://assets.bundesliga.com/clublogos/DFL-SEA-0001K9/DFL-CLU-00000L.svg,assets/logos/fc-bayern-muenchen.svg,Minjae Kim,DFL-OBJ-J01AE6,minjae-kim,3,Defender,1996-11-15,190,81,KOR,https://assets.bundesliga.com/player/dfl-obj-j01ae6-dfl-clu-00000g-dfl-sea-0001k9.png,assets/images/fc-bayern-muenchen/minjae-kim.png,2024-2025,DFL-SEA-0001K8,27,2,0,6,5,1,524,2,0,0,269.8,33.75,0,25,2857,224,89
Bayern Munich,DFL-CLU-00000L,https://assets.bundesliga.com/clublogos/DFL-SEA-0001K9/DFL-CLU-00000L.svg,assets/logos/fc-bayern-muenchen.svg,Minjae Kim,DFL-OBJ-J01AE6,minjae-kim,3,Defender,1996-11-15,190,81,KOR,https://assets.bundesliga.com/player/dfl-obj-j01ae6-dfl-clu-00000g-dfl-sea-0001k9.png,assets/images/fc-bayern-muenchen/minjae-kim.png,2023-2024,DFL-SEA-0001K7,25,1,1,7,3,4,444,3,0,0,213,34.32,1,18,2438,217,81
Bayern Munich,DFL-CLU-00000L,https://assets.bundesliga.com/clublogos/DFL-SEA-0001K9/DFL-CLU-00000L.svg,assets/logos/fc-bayern-muenchen.svg,Nicolas Jackson,DFL-OBJ-J01KLU,nicolas-jackson,11,Striker,2001-06-20,187,79,"SEN , GMB",https://assets.bundesliga.com/player/dfl-obj-j01klu-dfl-clu-00000g-dfl-sea-0001k9.png,assets/images/fc-bayern-muenchen/nicolas-jackson.png,2025-2026,DFL-SEA-0001K9,23,8,1,36,20,16,291,2,0,0,125.2,34.23,4,14,495,102,6
Bayern Munich,DFL-CLU-00000L,https://assets.bundesliga.com/clublogos/DFL-SEA-0001K9/DFL-CLU-00000L.svg,assets/logos/fc-bayern-muenchen.svg,Raphaël Adelino José Guerreiro,DFL-OBJ-0027AH,raphael-guerreiro,22,Defender,1993-12-22,170,71,"PRT , FRA",https://assets.bundesliga.com/player/dfl-obj-0027ah-dfl-clu-00000g-dfl-sea-0001k9.png,assets/images/fc-bayern-muenchen/raphael-guerreiro.png,2025-2026,DFL-SEA-0001K9,18,5,2,13,5,8,102,0,0,0,110.4,30.3,3,3,626,65,3
Bayern Munich,DFL-CLU-00000L,https://assets.bundesliga.com/clublogos/DFL-SEA-0001K9/DFL-CLU-00000L.svg,assets/logos/fc-bayern-muenchen.svg,Raphaël Adelino José Guerreiro,DFL-OBJ-0027AH,raphael-guerreiro,22,Defender,1993-12-22,170,71,"PRT , FRA",https://assets.bundesliga.com/player/dfl-obj-0027ah-dfl-clu-00000g-dfl-sea-0001k9.png,assets/images/fc-bayern-muenchen/raphael-guerreiro.png,2024-2025,DFL-SEA-0001K8,23,4,3,20,11,9,374,2,0,0,203.6,32.33,17,9,1529,120,10
Bayern Munich,DFL-CLU-00000L,https://assets.bundesliga.com/clublogos/DFL-SEA-0001K9/DFL-CLU-00000L.svg,assets/logos/fc-bayern-muenchen.svg,Raphaël Adelino José Guerreiro,DFL-OBJ-0027AH,raphael-guerreiro,22,Defender,1993-12-22,170,71,"PRT , FRA",https://assets.bundesliga.com/player/dfl-obj-0027ah-dfl-clu-00000g-dfl-sea-0001k9.png,assets/images/fc-bayern-muenchen/raphael-guerreiro.png,2023-2024,DFL-SEA-0001K7,20,3,0,19,6,13,255,2,0,0,136.6,31.37,18,3,1164,84,3
Bayern Munich,DFL-CLU-00000L,https://assets.bundesliga.com/clublogos/DFL-SEA-0001K9/DFL-CLU-00000L.svg,assets/logos/fc-bayern-muenchen.svg,Raphaël Adelino José Guerreiro,DFL-OBJ-0027AH,raphael-guerreiro,22,Defender,1993-12-22,170,71,"PRT , FRA",https://assets.bundesliga.com/player/dfl-obj-0027ah-dfl-clu-00000g-dfl-sea-0001k9.png,assets/images/fc-bayern-muenchen/raphael-guerreiro.png,2022-2023,DFL-SEA-0001K6,27,4,12,34,16,18,445,4,0,0,204.9,31.54,30,8,2117,158,8
Bayern Munich,DFL-CLU-00000L,https://assets.bundesliga.com/clublogos/DFL-SEA-0001K9/DFL-CLU-00000L.svg,assets/logos/fc-bayern-muenchen.svg,Raphaël Adelino José Guerreiro,DFL-OBJ-0027AH,raphael-guerreiro,22,Defender,1993-12-22,170,71,"PRT , FRA",https://assets.bundesliga.com/player/dfl-obj-0027ah-dfl-clu-00000g-dfl-sea-0001k9.png,assets/images/fc-bayern-muenchen/raphael-guerreiro.png,2021-2022,DFL-SEA-0001K5,23,4,2,32,11,21,435,1,0,0,214.1,31.77,18,12,1804,150,12
Bayern Munich,DFL-CLU-00000L,https://assets.bundesliga.com/clublogos/DFL-SEA-0001K9/DFL-CLU-00000L.svg,assets/logos/fc-bayern-muenchen.svg,Raphaël Adelino José Guerreiro,DFL-OBJ-0027AH,raphael-guerreiro,22,Defender,1993-12-22,170,71,"PRT , FRA",https://assets.bundesliga.com/player/dfl-obj-0027ah-dfl-clu-00000g-dfl-sea-0001k9.png,assets/images/fc-bayern-muenchen/raphael-guerreiro.png,2020-2021,DFL-SEA-0001K4,29,5,10,36,16,20,584,1,0,0,277.9,30.73,31,9,2453,174,10
Bayern Munich,DFL-CLU-00000L,https://assets.bundesliga.com/clublogos/DFL-SEA-0001K9/DFL-CLU-00000L.svg,assets/logos/fc-bayern-muenchen.svg,Raphaël Adelino José Guerreiro,DFL-OBJ-0027AH,raphael-guerreiro,22,Defender,1993-12-22,170,71,"PRT , FRA",https://assets.bundesliga.com/player/dfl-obj-0027ah-dfl-clu-00000g-dfl-sea-0001k9.png,assets/images/fc-bayern-muenchen/raphael-guerreiro.png,2019-2020,DFL-SEA-0001K3,29,8,2,40,16,24,571,3,0,0,286.6,32.06,36,10,2486,227,9
Bayern Munich,DFL-CLU-00000L,https://assets.bundesliga.com/clublogos/DFL-SEA-0001K9/DFL-CLU-00000L.svg,assets/logos/fc-bayern-muenchen.svg,Serge David Gnabry,DFL-OBJ-0027G6,serge-gnabry,7,Striker,1995-07-14,176,77,"DEU , CIV",https://assets.bundesliga.com/player/dfl-obj-0027g6-dfl-clu-00000g-dfl-sea-0001k9.png,assets/images/fc-bayern-muenchen/serge-gnabry.png,2025-2026,DFL-SEA-0001K9,21,8,6,48,16,32,228,1,0,0,158,33.16,12,7,865,96,2
Bayern Munich,DFL-CLU-00000L,https://assets.bundesliga.com/clublogos/DFL-SEA-0001K9/DFL-CLU-00000L.svg,assets/logos/fc-bayern-muenchen.svg,Serge David Gnabry,DFL-OBJ-0027G6,serge-gnabry,7,Striker,1995-07-14,176,77,"DEU , CIV",https://assets.bundesliga.com/player/dfl-obj-0027g6-dfl-clu-00000g-dfl-sea-0001k9.png,assets/images/fc-bayern-muenchen/serge-gnabry.png,2024-2025,DFL-SEA-0001K8,27,7,5,49,19,30,354,0,0,0,153,34.16,14,18,796,110,6
Bayern Munich,DFL-CLU-00000L,https://assets.bundesliga.com/clublogos/DFL-SEA-0001K9/DFL-CLU-00000L.svg,assets/logos/fc-bayern-muenchen.svg,Serge David Gnabry,DFL-OBJ-0027G6,serge-gnabry,7,Striker,1995-07-14,176,77,"DEU , CIV",https://assets.bundesliga.com/player/dfl-obj-0027g6-dfl-clu-00000g-dfl-sea-0001k9.png,assets/images/fc-bayern-muenchen/serge-gnabry.png,2023-2024,DFL-SEA-0001K7,10,3,1,15,6,9,99,0,0,0,34.9,33.19,4,5,285,39,2
Bayern Munich,DFL-CLU-00000L,https://assets.bundesliga.com/clublogos/DFL-SEA-0001K9/DFL-CLU-00000L.svg,assets/logos/fc-bayern-muenchen.svg,Serge David Gnabry,DFL-OBJ-0027G6,serge-gnabry,7,Striker,1995-07-14,176,77,"DEU , CIV",https://assets.bundesliga.com/player/dfl-obj-0027g6-dfl-clu-00000g-dfl-sea-0001k9.png,assets/images/fc-bayern-muenchen/serge-gnabry.png,2022-2023,DFL-SEA-0001K6,34,14,5,84,42,42,530,0,0,0,195.2,34.23,24,29,1195,188,15
Bayern Munich,DFL-CLU-00000L,https://assets.bundesliga.com/clublogos/DFL-SEA-0001K9/DFL-CLU-00000L.svg,assets/logos/fc-bayern-muenchen.svg,Serge David Gnabry,DFL-OBJ-0027G6,serge-gnabry,7,Striker,1995-07-14,176,77,"DEU , CIV",https://assets.bundesliga.com/player/dfl-obj-0027g6-dfl-clu-00000g-dfl-sea-0001k9.png,assets/images/fc-bayern-muenchen/serge-gnabry.png,2021-2022,DFL-SEA-0001K5,34,14,5,68,29,39,775,0,0,0,254.3,34.76,50,12,1749,250,12
Bayern Munich,DFL-CLU-00000L,https://assets.bundesliga.com/clublogos/DFL-SEA-0001K9/DFL-CLU-00000L.svg,assets/logos/fc-bayern-muenchen.svg,Serge David Gnabry,DFL-OBJ-0027G6,serge-gnabry,7,Striker,1995-07-14,176,77,"DEU , CIV",https://assets.bundesliga.com/player/dfl-obj-0027g6-dfl-clu-00000g-dfl-sea-0001k9.png,assets/images/fc-bayern-muenchen/serge-gnabry.png,2020-2021,DFL-SEA-0001K4,26,10,2,62,28,34,535,4,0,0,190.6,32.96,31,19,1183,175,5
Bayern Munich,DFL-CLU-00000L,https://assets.bundesliga.com/clublogos/DFL-SEA-0001K9/DFL-CLU-00000L.svg,assets/logos/fc-bayern-muenchen.svg,Serge David Gnabry,DFL-OBJ-0027G6,serge-gnabry,7,Striker,1995-07-14,176,77,"DEU , CIV",https://assets.bundesliga.com/player/dfl-obj-0027g6-dfl-clu-00000g-dfl-sea-0001k9.png,assets/images/fc-bayern-muenchen/serge-gnabry.png,2019-2020,DFL-SEA-0001K3,31,12,10,100,43,57,804,0,0,0,260.7,33.2,47,15,1532,250,10
Bayern Munich,DFL-CLU-00000L,https://assets.bundesliga.com/clublogos/DFL-SEA-0001K9/DFL-CLU-00000L.svg,assets/logos/fc-bayern-muenchen.svg,Sven Ulreich,DFL-OBJ-0000LT,sven-ulreich,26,Goalkeeper,1988-08-03,192,87,DEU,https://assets.bundesliga.com/player/dfl-obj-0000lt-dfl-clu-00000g-dfl-sea-0001k9.png,assets/images/fc-bayern-muenchen/sven-ulreich.png,2025-2026,DFL-SEA-0001K9,1,0,0,0,0,0,2,1,0,0,5.7,26.43,0,0,48,0,0
Bayern Munich,DFL-CLU-00000L,https://assets.bundesliga.com/clublogos/DFL-SEA-0001K9/DFL-CLU-00000L.svg,assets/logos/fc-bayern-muenchen.svg,Sven Ulreich,DFL-OBJ-0000LT,sven-ulreich,26,Goalkeeper,1988-08-03,192,87,DEU,https://assets.bundesliga.com/player/dfl-obj-0000lt-dfl-clu-00000g-dfl-sea-0001k9.png,assets/images/fc-bayern-muenchen/sven-ulreich.png,2024-2025,DFL-SEA-0001K8,1,0,0,0,0,0,0,0,0,0,5.3,20.29,0,0,32,0,0
Bayern Munich,DFL-CLU-00000L,https://assets.bundesliga.com/clublogos/DFL-SEA-0001K9/DFL-CLU-00000L.svg,assets/logos/fc-bayern-muenchen.svg,Sven Ulreich,DFL-OBJ-0000LT,sven-ulreich,26,Goalkeeper,1988-08-03,192,87,DEU,https://assets.bundesliga.com/player/dfl-obj-0000lt-dfl-clu-00000g-dfl-sea-0001k9.png,assets/images/fc-bayern-muenchen/sven-ulreich.png,2023-2024,DFL-SEA-0001K7,11,0,0,0,0,0,4,1,0,0,50.6,27.11,0,0,440,0,0
Bayern Munich,DFL-CLU-00000L,https://assets.bundesliga.com/clublogos/DFL-SEA-0001K9/DFL-CLU-00000L.svg,assets/logos/fc-bayern-muenchen.svg,Sven Ulreich,DFL-OBJ-0000LT,sven-ulreich,26,Goalkeeper,1988-08-03,192,87,DEU,https://assets.bundesliga.com/player/dfl-obj-0000lt-dfl-clu-00000g-dfl-sea-0001k9.png,assets/images/fc-bayern-muenchen/sven-ulreich.png,2022-2023,DFL-SEA-0001K6,3,0,0,0,0,0,0,1,0,0,16.4,25.63,0,1,154,0,0
Bayern Munich,DFL-CLU-00000L,https://assets.bundesliga.com/clublogos/DFL-SEA-0001K9/DFL-CLU-00000L.svg,assets/logos/fc-bayern-muenchen.svg,Sven Ulreich,DFL-OBJ-0000LT,sven-ulreich,26,Goalkeeper,1988-08-03,192,87,DEU,https://assets.bundesliga.com/player/dfl-obj-0000lt-dfl-clu-00000g-dfl-sea-0001k9.png,assets/images/fc-bayern-muenchen/sven-ulreich.png,2021-2022,DFL-SEA-0001K5,6,0,0,0,0,0,6,0,0,0,34.2,26.48,0,0,258,1,0
Bayern Munich,DFL-CLU-00000L,https://assets.bundesliga.com/clublogos/DFL-SEA-0001K9/DFL-CLU-00000L.svg,assets/logos/fc-bayern-muenchen.svg,Sven Ulreich,DFL-OBJ-0000LT,sven-ulreich,26,Goalkeeper,1988-08-03,192,87,DEU,https://assets.bundesliga.com/player/dfl-obj-0000lt-dfl-clu-00000g-dfl-sea-0001k9.png,assets/images/fc-bayern-muenchen/sven-ulreich.png,2019-2020,DFL-SEA-0001K3,1,0,0,0,0,0,0,1,0,0,5.4,20.85,0,0,58,0,0
Bayern Munich,DFL-CLU-00000L,https://assets.bundesliga.com/clublogos/DFL-SEA-0001K9/DFL-CLU-00000L.svg,assets/logos/fc-bayern-muenchen.svg,Tom Bischof,DFL-OBJ-J01K2F,tom-bischof,20,Midfielder,2005-06-28,176,66,DEU,https://assets.bundesliga.com/player/dfl-obj-j01k2f-dfl-clu-00000g-dfl-sea-0001k9.png,assets/images/fc-bayern-muenchen/tom-bischof.png,2025-2026,DFL-SEA-0001K9,26,3,3,30,9,21,151,2,0,0,173,30.86,9,15,1475,140,14
Bayern Munich,DFL-CLU-00000L,https://assets.bundesliga.com/clublogos/DFL-SEA-0001K9/DFL-CLU-00000L.svg,assets/logos/fc-bayern-muenchen.svg,Tom Bischof,DFL-OBJ-J01K2F,tom-bischof,20,Midfielder,2005-06-28,176,66,DEU,https://assets.bundesliga.com/player/dfl-obj-j01k2f-dfl-clu-00000g-dfl-sea-0001k9.png,assets/images/fc-bayern-muenchen/tom-bischof.png,2024-2025,DFL-SEA-0001K8,31,5,2,51,18,33,493,5,0,0,345.3,30.99,27,43,2064,368,13
Bayern Munich,DFL-CLU-00000L,https://assets.bundesliga.com/clublogos/DFL-SEA-0001K9/DFL-CLU-00000L.svg,assets/logos/fc-bayern-muenchen.svg,Tom Bischof,DFL-OBJ-J01K2F,tom-bischof,20,Midfielder,2005-06-28,176,66,DEU,https://assets.bundesliga.com/player/dfl-obj-j01k2f-dfl-clu-00000g-dfl-sea-0001k9.png,assets/images/fc-bayern-muenchen/tom-bischof.png,2023-2024,DFL-SEA-0001K7,13,0,2,5,2,3,59,0,0,0,32.2,30.4,3,2,150,24,1
Bayern Munich,DFL-CLU-00000L,https://assets.bundesliga.com/clublogos/DFL-SEA-0001K9/DFL-CLU-00000L.svg,assets/logos/fc-bayern-muenchen.svg,Tom Bischof,DFL-OBJ-J01K2F,tom-bischof,20,Midfielder,2005-06-28,176,66,DEU,https://assets.bundesliga.com/player/dfl-obj-j01k2f-dfl-clu-00000g-dfl-sea-0001k9.png,assets/images/fc-bayern-muenchen/tom-bischof.png,2022-2023,DFL-SEA-0001K6,11,0,0,7,2,5,87,0,0,0,47.6,30.76,2,8,188,52,4
Bayern Munich,DFL-CLU-00000L,https://assets.bundesliga.com/clublogos/DFL-SEA-0001K9/DFL-CLU-00000L.svg,assets/logos/fc-bayern-muenchen.svg,Tom Bischof,DFL-OBJ-J01K2F,tom-bischof,20,Midfielder,2005-06-28,176,66,DEU,https://assets.bundesliga.com/player/dfl-obj-j01k2f-dfl-clu-00000g-dfl-sea-0001k9.png,assets/images/fc-bayern-muenchen/tom-bischof.png,2021-2022,DFL-SEA-0001K5,1,0,0,0,0,0,5,0,0,0,1.9,25.51,0,1,7,1,0
Bayern Munich,DFL-CLU-00000L,https://assets.bundesliga.com/clublogos/DFL-SEA-0001K9/DFL-CLU-00000L.svg,assets/logos/fc-bayern-muenchen.svg,Vincent Jean Mpoy Kompany,DFL-OBJ-002A4J,vincent-kompany,,Bayern Munich,1986-04-10,190,,"BEL , COD",https://assets.bundesliga.com/person/dfl-obj-002a4j-dfl-clu-00000g-dfl-sea-0001k9.png,assets/images/fc-bayern-muenchen/vincent-kompany.png,2025-2026,DFL-SEA-0001K9,,,,,,,,,,,,,,,,,
Bayern Munich,DFL-CLU-00000L,https://assets.bundesliga.com/clublogos/DFL-SEA-0001K9/DFL-CLU-00000L.svg,assets/logos/fc-bayern-muenchen.svg,Vincent Ugo Manuba,DFL-OBJ-J01ECT,vincent-manuba,41,Defender,2005-07-01,183,78,"DEU , DZA",https://assets.bundesliga.com/player/dfl-obj-j01ect-dfl-clu-00000g-dfl-sea-0001k9.png,assets/images/fc-bayern-muenchen/vincent-manuba.png,2025-2026,DFL-SEA-0001K9,,,,,,,,,,,,,,,,,
Bayern Munich,DFL-CLU-00000L,https://assets.bundesliga.com/clublogos/DFL-SEA-0001K9/DFL-CLU-00000L.svg,assets/logos/fc-bayern-muenchen.svg,Wisdom Okpako Mike,DFL-OBJ-J01UDE,wisdom-mike,36,Striker,2008-09-24,175,65,"DEU , NGA",https://assets.bundesliga.com/player/dfl-obj-j01ude-dfl-clu-00000g-dfl-sea-0001k9.png,assets/images/fc-bayern-muenchen/wisdom-mike.png,2025-2026,DFL-SEA-0001K9,4,0,0,2,1,1,14,0,0,0,6,32.18,1,0,25,1,0
St. Pauli,DFL-CLU-00000L,https://assets.bundesliga.com/clublogos/DFL-SEA-0001K9/DFL-CLU-00000L.svg,assets/logos/fc-st-pauli.svg,Abdoulie Ceesay,DFL-OBJ-J022YI,abdoulie-ceesay,9,Striker,2004-01-05,185,79,GMB,https://assets.bundesliga.com/player/dfl-obj-j022yi-dfl-clu-00000h-dfl-sea-0001k9.png,assets/images/fc-st-pauli/abdoulie-ceesay.png,2025-2026,DFL-SEA-0001K9,20,3,0,11,4,7,112,4,0,0,48.8,32.31,3,14,133,57,12
St. Pauli,DFL-CLU-00000L,https://assets.bundesliga.com/clublogos/DFL-SEA-0001K9/DFL-CLU-00000L.svg,assets/logos/fc-st-pauli.svg,Abdoulie Ceesay,DFL-OBJ-J022YI,abdoulie-ceesay,9,Striker,2004-01-05,185,79,GMB,https://assets.bundesliga.com/player/dfl-obj-j022yi-dfl-clu-00000h-dfl-sea-0001k9.png,assets/images/fc-st-pauli/abdoulie-ceesay.png,2024-2025,DFL-SEA-0001K8,7,0,0,0,0,0,27,1,0,0,10.7,32.07,0,2,29,14,1
St. Pauli,DFL-CLU-00000L,https://assets.bundesliga.com/clublogos/DFL-SEA-0001K9/DFL-CLU-00000L.svg,assets/logos/fc-st-pauli.svg,Adam Dźwigała,DFL-OBJ-002GN4,adam-dzwigala,25,Defender,1995-09-25,185,80,POL,https://assets.bundesliga.com/player/dfl-obj-002gn4-dfl-clu-00000h-dfl-sea-0001k9.png,assets/images/fc-st-pauli/adam-dzwigala.png,2025-2026,DFL-SEA-0001K9,19,1,1,4,2,2,146,5,0,0,151.8,33.81,0,21,873,164,47
St. Pauli,DFL-CLU-00000L,https://assets.bundesliga.com/clublogos/DFL-SEA-0001K9/DFL-CLU-00000L.svg,assets/logos/fc-st-pauli.svg,Adam Dźwigała,DFL-OBJ-002GN4,adam-dzwigala,25,Defender,1995-09-25,185,80,POL,https://assets.bundesliga.com/player/dfl-obj-002gn4-dfl-clu-00000h-dfl-sea-0001k9.png,assets/images/fc-st-pauli/adam-dzwigala.png,2024-2025,DFL-SEA-0001K8,16,0,0,6,0,6,84,2,0,0,51,32.99,2,5,287,51,16
St. Pauli,DFL-CLU-00000L,https://assets.bundesliga.com/clublogos/DFL-SEA-0001K9/DFL-CLU-00000L.svg,assets/logos/fc-st-pauli.svg,Alexander Matthias Blessin,DFL-OBJ-002D8H,alexander-blessin,,St. Pauli,1973-05-28,189,,DEU,https://assets.bundesliga.com/person/dfl-obj-002d8h-dfl-clu-00000h-dfl-sea-0001k9.png,assets/images/fc-st-pauli/alexander-blessin.png,2025-2026,DFL-SEA-0001K9,,,,,,,,,,,,,,,,,
St. Pauli,DFL-CLU-00000L,https://assets.bundesliga.com/clublogos/DFL-SEA-0001K9/DFL-CLU-00000L.svg,assets/logos/fc-st-pauli.svg,Andréas William Edwin Hountondji,DFL-OBJ-J0248A,andreas-hountondji,27,Striker,2002-07-11,190,86,"BEN , FRA",https://assets.bundesliga.com/player/dfl-obj-j0248a-dfl-clu-00000h-dfl-sea-0001k9.png,assets/images/fc-st-pauli/andreas-hountondji.png,2025-2026,DFL-SEA-0001K9,21,4,0,20,14,6,328,2,0,0,135.8,35.4,15,8,316,61,13
St. Pauli,DFL-CLU-00000L,https://assets.bundesliga.com/clublogos/DFL-SEA-0001K9/DFL-CLU-00000L.svg,assets/logos/fc-st-pauli.svg,Arkadiusz Pyrka,DFL-OBJ-J01KUJ,arkadiusz-pyrka,11,Defender,2002-09-20,177,70,POL,https://assets.bundesliga.com/player/dfl-obj-j01kuj-dfl-clu-00000h-dfl-sea-0001k9.png,assets/images/fc-st-pauli/arkadiusz-pyrka.png,2025-2026,DFL-SEA-0001K9,31,0,1,20,2,18,510,3,0,0,299.6,35.37,28,15,1648,210,20
St. Pauli,DFL-CLU-00000L,https://assets.bundesliga.com/clublogos/DFL-SEA-0001K9/DFL-CLU-00000L.svg,assets/logos/fc-st-pauli.svg,Ben Alexander Voll,DFL-OBJ-J01C9M,ben-voll,1,Goalkeeper,2000-12-09,195,86,DEU,https://assets.bundesliga.com/player/dfl-obj-j01c9m-dfl-clu-00000h-dfl-sea-0001k9.png,assets/images/fc-st-pauli/ben-voll.png,2024-2025,DFL-SEA-0001K8,2,0,0,0,0,0,0,1,0,0,5.7,23.15,0,0,56,0,0
St. Pauli,DFL-CLU-00000L,https://assets.bundesliga.com/clublogos/DFL-SEA-0001K9/DFL-CLU-00000L.svg,assets/logos/fc-st-pauli.svg,Connor Isaac Metcalfe,DFL-OBJ-J01HCH,connor-metcalfe,24,Midfielder,1999-11-05,183,70,AUS,https://assets.bundesliga.com/player/dfl-obj-j01hch-dfl-clu-00000h-dfl-sea-0001k9.png,assets/images/fc-st-pauli/connor-metcalfe.png,2025-2026,DFL-SEA-0001K9,25,0,2,16,4,12,113,2,0,0,81.9,32.19,13,9,331,82,9
St. Pauli,DFL-CLU-00000L,https://assets.bundesliga.com/clublogos/DFL-SEA-0001K9/DFL-CLU-00000L.svg,assets/logos/fc-st-pauli.svg,Connor Isaac Metcalfe,DFL-OBJ-J01HCH,connor-metcalfe,24,Midfielder,1999-11-05,183,70,AUS,https://assets.bundesliga.com/player/dfl-obj-j01hch-dfl-clu-00000h-dfl-sea-0001k9.png,assets/images/fc-st-pauli/connor-metcalfe.png,2024-2025,DFL-SEA-0001K8,10,0,0,6,2,4,100,0,0,0,47.6,32.89,2,5,154,31,11
St. Pauli,DFL-CLU-00000L,https://assets.bundesliga.com/clublogos/DFL-SEA-0001K9/DFL-CLU-00000L.svg,assets/logos/fc-st-pauli.svg,Danel Sinani,DFL-OBJ-J01BGD,danel-sinani,10,Striker,1997-04-05,185,70,"LUX , SRB",https://assets.bundesliga.com/player/dfl-obj-j01bgd-dfl-clu-00000h-dfl-sea-0001k9.png,assets/images/fc-st-pauli/danel-sinani.png,2025-2026,DFL-SEA-0001K9,30,5,3,52,19,33,255,4,0,0,283,33.05,40,39,1423,188,15
St. Pauli,DFL-CLU-00000L,https://assets.bundesliga.com/clublogos/DFL-SEA-0001K9/DFL-CLU-00000L.svg,assets/logos/fc-st-pauli.svg,Danel Sinani,DFL-OBJ-J01BGD,danel-sinani,10,Striker,1997-04-05,185,70,"LUX , SRB",https://assets.bundesliga.com/player/dfl-obj-j01bgd-dfl-clu-00000h-dfl-sea-0001k9.png,assets/images/fc-st-pauli/danel-sinani.png,2024-2025,DFL-SEA-0001K8,26,2,1,35,11,24,342,3,0,0,177,31.42,12,24,723,109,8
St. Pauli,DFL-CLU-00000L,https://assets.bundesliga.com/clublogos/DFL-SEA-0001K9/DFL-CLU-00000L.svg,assets/logos/fc-st-pauli.svg,David Nemeth,DFL-OBJ-002GLH,david-nemeth,4,Defender,2001-03-18,191,89,AUT,https://assets.bundesliga.com/player/dfl-obj-002glh-dfl-clu-00000h-dfl-sea-0001k9.png,assets/images/fc-st-pauli/david-nemeth.png,2024-2025,DFL-SEA-0001K8,24,0,1,5,2,3,347,3,0,0,251.6,32.66,5,22,1369,177,52
St. Pauli,DFL-CLU-00000L,https://assets.bundesliga.com/clublogos/DFL-SEA-0001K9/DFL-CLU-00000L.svg,assets/logos/fc-st-pauli.svg,David Nemeth,DFL-OBJ-002GLH,david-nemeth,4,Defender,2001-03-18,191,89,AUT,https://assets.bundesliga.com/player/dfl-obj-002glh-dfl-clu-00000h-dfl-sea-0001k9.png,assets/images/fc-st-pauli/david-nemeth.png,2021-2022,DFL-SEA-0001K5,6,0,0,0,0,0,49,0,0,0,34.9,32.26,0,1,215,40,19
St. Pauli,DFL-CLU-00000L,https://assets.bundesliga.com/clublogos/DFL-SEA-0001K9/DFL-CLU-00000L.svg,assets/logos/fc-st-pauli.svg,Emil Gazdov,DFL-OBJ-J0257L,emil-gazdov,47,Goalkeeper,2003-09-11,194,,"CAN , BGR",https://assets.bundesliga.com/player/dfl-obj-j0257l-dfl-clu-00000h-dfl-sea-0001k9.png,assets/images/fc-st-pauli/emil-gazdov.png,2025-2026,DFL-SEA-0001K9,,,,,,,,,,,,,,,,,
St. Pauli,DFL-CLU-00000L,https://assets.bundesliga.com/clublogos/DFL-SEA-0001K9/DFL-CLU-00000L.svg,assets/logos/fc-st-pauli.svg,Eric Anders Smith,DFL-OBJ-002GNL,eric-smith,8,Defender,1997-01-08,192,86,SWE,https://assets.bundesliga.com/player/dfl-obj-002gnl-dfl-clu-00000h-dfl-sea-0001k9.png,assets/images/fc-st-pauli/eric-smith.png,2025-2026,DFL-SEA-0001K9,27,2,2,14,6,8,242,4,0,0,280.5,33.8,11,15,1910,218,44
St. Pauli,DFL-CLU-00000L,https://assets.bundesliga.com/clublogos/DFL-SEA-0001K9/DFL-CLU-00000L.svg,assets/logos/fc-st-pauli.svg,Eric Anders Smith,DFL-OBJ-002GNL,eric-smith,8,Defender,1997-01-08,192,86,SWE,https://assets.bundesliga.com/player/dfl-obj-002gnl-dfl-clu-00000h-dfl-sea-0001k9.png,assets/images/fc-st-pauli/eric-smith.png,2024-2025,DFL-SEA-0001K8,32,1,1,26,10,16,432,7,0,0,348.9,33.41,13,26,2045,224,45
St. Pauli,DFL-CLU-00000L,https://assets.bundesliga.com/clublogos/DFL-SEA-0001K9/DFL-CLU-00000L.svg,assets/logos/fc-st-pauli.svg,Finley John Stevens,DFL-OBJ-J01RI9,fin-stevens,14,Defender,2003-04-10,179,73,"WLS , ENG",https://assets.bundesliga.com/player/dfl-obj-j01ri9-dfl-clu-00000h-dfl-sea-0001k9.png,assets/images/fc-st-pauli/fin-stevens.png,2025-2026,DFL-SEA-0001K9,1,0,0,0,0,0,5,0,0,0,3.6,28.65,1,0,19,5,1
St. Pauli,DFL-CLU-00000L,https://assets.bundesliga.com/clublogos/DFL-SEA-0001K9/DFL-CLU-00000L.svg,assets/logos/fc-st-pauli.svg,Finley John Stevens,DFL-OBJ-J01RI9,fin-stevens,14,Defender,2003-04-10,179,73,"WLS , ENG",https://assets.bundesliga.com/player/dfl-obj-j01ri9-dfl-clu-00000h-dfl-sea-0001k9.png,assets/images/fc-st-pauli/fin-stevens.png,2024-2025,DFL-SEA-0001K8,1,0,0,0,0,0,0,0,0,0,0.3,21.02,0,0,2,0,0
St. Pauli,DFL-CLU-00000L,https://assets.bundesliga.com/clublogos/DFL-SEA-0001K9/DFL-CLU-00000L.svg,assets/logos/fc-st-pauli.svg,Hauke Finn Wahl,DFL-OBJ-0025RV,hauke-wahl,5,Defender,1994-04-15,189,85,DEU,https://assets.bundesliga.com/player/dfl-obj-0025rv-dfl-clu-00000h-dfl-sea-0001k9.png,assets/images/fc-st-pauli/hauke-wahl.png,2025-2026,DFL-SEA-0001K9,30,2,1,12,4,8,321,1,0,0,318.8,33.66,10,10,2044,233,82
St. Pauli,DFL-CLU-00000L,https://assets.bundesliga.com/clublogos/DFL-SEA-0001K9/DFL-CLU-00000L.svg,assets/logos/fc-st-pauli.svg,Hauke Finn Wahl,DFL-OBJ-0025RV,hauke-wahl,5,Defender,1994-04-15,189,85,DEU,https://assets.bundesliga.com/player/dfl-obj-0025rv-dfl-clu-00000h-dfl-sea-0001k9.png,assets/images/fc-st-pauli/hauke-wahl.png,2024-2025,DFL-SEA-0001K8,33,0,0,10,4,6,543,1,0,0,367.1,32.38,3,12,2184,219,71
St. Pauli,DFL-CLU-00000L,https://assets.bundesliga.com/clublogos/DFL-SEA-0001K9/DFL-CLU-00000L.svg,assets/logos/fc-st-pauli.svg,Jackson Alexander Irvine,DFL-OBJ-J014L2,jackson-irvine,7,Midfielder,1993-03-07,189,74,"AUS , SCT",https://assets.bundesliga.com/player/dfl-obj-j014l2-dfl-clu-00000h-dfl-sea-0001k9.png,assets/images/fc-st-pauli/jackson-irvine.png,2025-2026,DFL-SEA-0001K9,24,0,1,17,4,13,120,0,0,0,219.1,31.43,11,18,958,184,48
St. Pauli,DFL-CLU-00000L,https://assets.bundesliga.com/clublogos/DFL-SEA-0001K9/DFL-CLU-00000L.svg,assets/logos/fc-st-pauli.svg,Jackson Alexander Irvine,DFL-OBJ-J014L2,jackson-irvine,7,Midfielder,1993-03-07,189,74,"AUS , SCT",https://assets.bundesliga.com/player/dfl-obj-j014l2-dfl-clu-00000h-dfl-sea-0001k9.png,assets/images/fc-st-pauli/jackson-irvine.png,2024-2025,DFL-SEA-0001K8,29,0,6,35,12,23,559,2,0,0,354,33.06,11,34,1325,279,98
St. Pauli,DFL-CLU-00000L,https://assets.bundesliga.com/clublogos/DFL-SEA-0001K9/DFL-CLU-00000L.svg,assets/logos/fc-st-pauli.svg,James Hoban Sands,DFL-OBJ-J01MZS,james-sands,6,Midfielder,2000-07-06,186,76,USA,https://assets.bundesliga.com/player/dfl-obj-j01mzs-dfl-clu-00000h-dfl-sea-0001k9.png,assets/images/fc-st-pauli/james-sands.png,2025-2026,DFL-SEA-0001K9,24,1,0,14,4,10,147,4,0,0,261.9,30.85,8,26,1184,223,69
St. Pauli,DFL-CLU-00000L,https://assets.bundesliga.com/clublogos/DFL-SEA-0001K9/DFL-CLU-00000L.svg,assets/logos/fc-st-pauli.svg,James Hoban Sands,DFL-OBJ-J01MZS,james-sands,6,Midfielder,2000-07-06,186,76,USA,https://assets.bundesliga.com/player/dfl-obj-j01mzs-dfl-clu-00000h-dfl-sea-0001k9.png,assets/images/fc-st-pauli/james-sands.png,2024-2025,DFL-SEA-0001K8,7,0,0,1,0,1,93,1,0,0,63.4,29.81,1,8,258,53,17
St. Pauli,DFL-CLU-00000L,https://assets.bundesliga.com/clublogos/DFL-SEA-0001K9/DFL-CLU-00000L.svg,assets/logos/fc-st-pauli.svg,Jannik Thomas Robatsch,DFL-OBJ-J0244Q,jannik-robatsch,34,Defender,2004-12-28,190,78,AUT,https://assets.bundesliga.com/player/dfl-obj-j0244q-dfl-clu-00000h-dfl-sea-0001k9.png,assets/images/fc-st-pauli/jannik-robatsch.png,2025-2026,DFL-SEA-0001K9,,,,,,,,,,,,,,,,,
St. Pauli,DFL-CLU-00000L,https://assets.bundesliga.com/clublogos/DFL-SEA-0001K9/DFL-CLU-00000L.svg,assets/logos/fc-st-pauli.svg,Joel Chima Fujita,DFL-OBJ-J01RKL,joel-chima-fujita,16,Midfielder,2002-02-16,175,70,"JPN , NGA",https://assets.bundesliga.com/player/dfl-obj-j01rkl-dfl-clu-00000h-dfl-sea-0001k9.png,assets/images/fc-st-pauli/joel-chima-fujita.png,2025-2026,DFL-SEA-0001K9,32,1,3,31,7,24,397,6,0,0,317,32.55,16,36,1643,300,19
St. Pauli,DFL-CLU-00000L,https://assets.bundesliga.com/clublogos/DFL-SEA-0001K9/DFL-CLU-00000L.svg,assets/logos/fc-st-pauli.svg,Karol Mets,DFL-OBJ-J015AU,karol-mets,3,Defender,1993-05-16,191,79,EST,https://assets.bundesliga.com/player/dfl-obj-j015au-dfl-clu-00000h-dfl-sea-0001k9.png,assets/images/fc-st-pauli/karol-mets.png,2025-2026,DFL-SEA-0001K9,23,1,0,5,1,4,196,3,0,0,236.7,33.2,2,13,1520,148,53
St. Pauli,DFL-CLU-00000L,https://assets.bundesliga.com/clublogos/DFL-SEA-0001K9/DFL-CLU-00000L.svg,assets/logos/fc-st-pauli.svg,Karol Mets,DFL-OBJ-J015AU,karol-mets,3,Defender,1993-05-16,191,79,EST,https://assets.bundesliga.com/player/dfl-obj-j015au-dfl-clu-00000h-dfl-sea-0001k9.png,assets/images/fc-st-pauli/karol-mets.png,2024-2025,DFL-SEA-0001K8,10,0,0,2,0,2,122,1,0,0,111.3,33.91,0,7,768,59,23
St. Pauli,DFL-CLU-00000L,https://assets.bundesliga.com/clublogos/DFL-SEA-0001K9/DFL-CLU-00000L.svg,assets/logos/fc-st-pauli.svg,Lars Ritzka,DFL-OBJ-0027UQ,lars-ritzka,21,Defender,1998-05-07,185,80,DEU,https://assets.bundesliga.com/player/dfl-obj-0027uq-dfl-clu-00000h-dfl-sea-0001k9.png,assets/images/fc-st-pauli/lars-ritzka.png,2025-2026,DFL-SEA-0001K9,21,0,0,4,1,3,127,1,0,0,114.5,32.82,12,14,618,113,24
St. Pauli,DFL-CLU-00000L,https://assets.bundesliga.com/clublogos/DFL-SEA-0001K9/DFL-CLU-00000L.svg,assets/logos/fc-st-pauli.svg,Lars Ritzka,DFL-OBJ-0027UQ,lars-ritzka,21,Defender,1998-05-07,185,80,DEU,https://assets.bundesliga.com/player/dfl-obj-0027uq-dfl-clu-00000h-dfl-sea-0001k9.png,assets/images/fc-st-pauli/lars-ritzka.png,2024-2025,DFL-SEA-0001K8,21,1,0,8,1,7,214,1,0,0,108.6,34.24,12,8,578,110,10
St. Pauli,DFL-CLU-00000L,https://assets.bundesliga.com/clublogos/DFL-SEA-0001K9/DFL-CLU-00000L.svg,assets/logos/fc-st-pauli.svg,Louis Oppie,DFL-OBJ-J01W5Q,louis-oppie,23,Defender,2002-05-17,184,81,DEU,https://assets.bundesliga.com/player/dfl-obj-j01w5q-dfl-clu-00000h-dfl-sea-0001k9.png,assets/images/fc-st-pauli/louis-oppie.png,2025-2026,DFL-SEA-0001K9,23,1,0,15,4,11,289,0,0,0,215.2,33.35,35,14,1041,121,13
St. Pauli,DFL-CLU-00000L,https://assets.bundesliga.com/clublogos/DFL-SEA-0001K9/DFL-CLU-00000L.svg,assets/logos/fc-st-pauli.svg,Manolis Saliakas,DFL-OBJ-J0157X,manolis-saliakas,2,Defender,1996-09-12,177,74,GRC,https://assets.bundesliga.com/player/dfl-obj-j0157x-dfl-clu-00000h-dfl-sea-0001k9.png,assets/images/fc-st-pauli/manolis-saliakas.png,2025-2026,DFL-SEA-0001K9,17,1,3,15,3,12,207,3,0,0,142.2,31.74,30,4,839,87,8
St. Pauli,DFL-CLU-00000L,https://assets.bundesliga.com/clublogos/DFL-SEA-0001K9/DFL-CLU-00000L.svg,assets/logos/fc-st-pauli.svg,Manolis Saliakas,DFL-OBJ-J0157X,manolis-saliakas,2,Defender,1996-09-12,177,74,GRC,https://assets.bundesliga.com/player/dfl-obj-j0157x-dfl-clu-00000h-dfl-sea-0001k9.png,assets/images/fc-st-pauli/manolis-saliakas.png,2024-2025,DFL-SEA-0001K8,30,2,1,29,6,23,545,4,0,0,288.3,32.16,49,17,1590,149,22
St. Pauli,DFL-CLU-00000L,https://assets.bundesliga.com/clublogos/DFL-SEA-0001K9/DFL-CLU-00000L.svg,assets/logos/fc-st-pauli.svg,Martijn Kaars,DFL-OBJ-J021AR,martijn-kaars,19,Striker,1999-03-05,183,74,NLD,https://assets.bundesliga.com/player/dfl-obj-j021ar-dfl-clu-00000h-dfl-sea-0001k9.png,assets/images/fc-st-pauli/martijn-kaars.png,2025-2026,DFL-SEA-0001K9,29,3,1,27,10,17,466,2,0,0,188,33.76,7,9,471,65,11
St. Pauli,DFL-CLU-00000L,https://assets.bundesliga.com/clublogos/DFL-SEA-0001K9/DFL-CLU-00000L.svg,assets/logos/fc-st-pauli.svg,Marwin Reiner Ian Schmitz,DFL-OBJ-J021TA,marwin-schmitz,42,Midfielder,2007-01-07,180,72,DEU,https://assets.bundesliga.com/player/dfl-obj-j021ta-dfl-clu-00000h-dfl-sea-0001k9.png,assets/images/fc-st-pauli/marwin-schmitz.png,2025-2026,DFL-SEA-0001K9,,,,,,,,,,,,,,,,,
St. Pauli,DFL-CLU-00000L,https://assets.bundesliga.com/clublogos/DFL-SEA-0001K9/DFL-CLU-00000L.svg,assets/logos/fc-st-pauli.svg,Mathias Pereira Lage,DFL-OBJ-J02452,mathias-pereira-lage,28,Striker,1996-11-30,180,69,"FRA , PRT",https://assets.bundesliga.com/player/dfl-obj-j02452-dfl-clu-00000h-dfl-sea-0001k9.png,assets/images/fc-st-pauli/mathias-pereira-lage.png,2025-2026,DFL-SEA-0001K9,28,2,2,43,16,27,600,3,0,0,257.6,34.43,30,30,902,231,55
St. Pauli,DFL-CLU-00000L,https://assets.bundesliga.com/clublogos/DFL-SEA-0001K9/DFL-CLU-00000L.svg,assets/logos/fc-st-pauli.svg,Mathias Knutsen Rasmussen,DFL-OBJ-J0202E,mathias-rasmussen,20,Midfielder,1997-11-25,180,71,NOR,https://assets.bundesliga.com/player/dfl-obj-j0202e-dfl-clu-00000h-dfl-sea-0001k9.png,assets/images/fc-st-pauli/mathias-rasmussen.png,2025-2026,DFL-SEA-0001K9,13,0,0,6,2,4,76,0,0,0,91,31.73,4,5,402,67,7
St. Pauli,DFL-CLU-00000L,https://assets.bundesliga.com/clublogos/DFL-SEA-0001K9/DFL-CLU-00000L.svg,assets/logos/fc-st-pauli.svg,Nick Schmidt,DFL-OBJ-J024KL,nick-schmidt,44,Midfielder,2007-09-12,180,72,"DEU , JPN",https://assets.bundesliga.com/player/dfl-obj-j024kl-dfl-clu-00000h-dfl-sea-0001k9.png,assets/images/fc-st-pauli/nick-schmidt.png,2025-2026,DFL-SEA-0001K9,,,,,,,,,,,,,,,,,
St. Pauli,DFL-CLU-00000L,https://assets.bundesliga.com/clublogos/DFL-SEA-0001K9/DFL-CLU-00000L.svg,assets/logos/fc-st-pauli.svg,Nikola Vasilj,DFL-OBJ-0028LZ,nikola-vasilj,22,Goalkeeper,1995-12-02,193,86,"BIH , HRV",https://assets.bundesliga.com/player/dfl-obj-0028lz-dfl-clu-00000h-dfl-sea-0001k9.png,assets/images/fc-st-pauli/nikola-vasilj.png,2025-2026,DFL-SEA-0001K9,34,0,0,0,0,0,12,0,0,0,181.9,29.98,0,0,1481,0,0
St. Pauli,DFL-CLU-00000L,https://assets.bundesliga.com/clublogos/DFL-SEA-0001K9/DFL-CLU-00000L.svg,assets/logos/fc-st-pauli.svg,Nikola Vasilj,DFL-OBJ-0028LZ,nikola-vasilj,22,Goalkeeper,1995-12-02,193,86,"BIH , HRV",https://assets.bundesliga.com/player/dfl-obj-0028lz-dfl-clu-00000h-dfl-sea-0001k9.png,assets/images/fc-st-pauli/nikola-vasilj.png,2024-2025,DFL-SEA-0001K8,33,0,0,0,0,0,16,0,0,0,174.6,26.79,0,1,1616,0,0
St. Pauli,DFL-CLU-00000L,https://assets.bundesliga.com/clublogos/DFL-SEA-0001K9/DFL-CLU-00000L.svg,assets/logos/fc-st-pauli.svg,Ricky-Jade Jones,DFL-OBJ-J0244R,ricky-jade-jones,26,Striker,2002-11-08,183,70,ENG,https://assets.bundesliga.com/player/dfl-obj-j0244r-dfl-clu-00000h-dfl-sea-0001k9.png,assets/images/fc-st-pauli/ricky-jade-jones.png,2025-2026,DFL-SEA-0001K9,9,2,0,12,6,6,94,1,0,0,46.7,36.46,8,7,126,38,11
St. Pauli,DFL-CLU-00000L,https://assets.bundesliga.com/clublogos/DFL-SEA-0001K9/DFL-CLU-00000L.svg,assets/logos/fc-st-pauli.svg,Romeo Aigbekaen,DFL-OBJ-J022WR,romeo-aigbekaen,38,Striker,2004-06-22,188,81,"DEU , NGA",https://assets.bundesliga.com/player/dfl-obj-j022wr-dfl-clu-00000h-dfl-sea-0001k9.png,assets/images/fc-st-pauli/romeo-aigbekaen.png,2025-2026,DFL-SEA-0001K9,,,,,,,,,,,,,,,,,
St. Pauli,DFL-CLU-00000L,https://assets.bundesliga.com/clublogos/DFL-SEA-0001K9/DFL-CLU-00000L.svg,assets/logos/fc-st-pauli.svg,Simon Emil Spari,DFL-OBJ-002GPS,simon-spari,30,Goalkeeper,2002-06-16,196,89,AUT,https://assets.bundesliga.com/player/dfl-obj-002gps-dfl-clu-00000h-dfl-sea-0001k9.png,assets/images/fc-st-pauli/simon-spari.png,2025-2026,DFL-SEA-0001K9,,,,,,,,,,,,,,,,,
St. Pauli,DFL-CLU-00000L,https://assets.bundesliga.com/clublogos/DFL-SEA-0001K9/DFL-CLU-00000L.svg,assets/logos/fc-st-pauli.svg,Taichi Hara,DFL-OBJ-J01HAS,taichi-hara,18,Striker,1999-05-05,190,84,JPN,https://assets.bundesliga.com/player/dfl-obj-j01has-dfl-clu-00000h-dfl-sea-0001k9.png,assets/images/fc-st-pauli/taichi-hara.png,2025-2026,DFL-SEA-0001K9,4,0,0,1,0,1,7,0,0,0,5.8,29.08,0,0,10,4,1
St. Pauli,DFL-CLU-00000L,https://assets.bundesliga.com/clublogos/DFL-SEA-0001K9/DFL-CLU-00000L.svg,assets/logos/fc-st-pauli.svg,Tomoya Andō,DFL-OBJ-J0257I,tomoya-ando,15,Defender,1999-01-10,190,84,JPN,https://assets.bundesliga.com/player/dfl-obj-j0257i-dfl-clu-00000h-dfl-sea-0001k9.png,assets/images/fc-st-pauli/tomoya-ando.png,2025-2026,DFL-SEA-0001K9,15,0,1,8,2,6,182,3,0,0,152.7,32.73,5,11,935,148,39
Hamburg,DFL-CLU-00000L,https://assets.bundesliga.com/clublogos/DFL-SEA-0001K9/DFL-CLU-00000L.svg,assets/logos/hamburger-sv.svg,Albert Grønbæk Erlykke,DFL-OBJ-J02594,albert-gronbaek,23,Midfielder,2001-05-23,181,,DNK,https://assets.bundesliga.com/player/dfl-obj-j02594-dfl-clu-00000c-dfl-sea-0001k9.png,assets/images/hamburger-sv/albert-gronbaek.png,2025-2026,DFL-SEA-0001K9,7,1,2,7,4,3,90,0,0,0,49,33,4,2,226,46,2
Hamburg,DFL-CLU-00000L,https://assets.bundesliga.com/clublogos/DFL-SEA-0001K9/DFL-CLU-00000L.svg,assets/logos/hamburger-sv.svg,Albert-Mboyo Sambi Lokonga,DFL-OBJ-J01A3I,albert-sambi-lokonga,6,Midfielder,1999-10-22,183,67,"BEL , COD",https://assets.bundesliga.com/player/dfl-obj-j01a3i-dfl-clu-00000c-dfl-sea-0001k9.png,assets/images/hamburger-sv/albert-sambi-lokonga.png,2025-2026,DFL-SEA-0001K9,26,5,0,18,11,7,131,3,0,0,210.3,33.17,7,20,1015,156,24
Hamburg,DFL-CLU-00000L,https://assets.bundesliga.com/clublogos/DFL-SEA-0001K9/DFL-CLU-00000L.svg,assets/logos/hamburger-sv.svg,Alexander Rössing-Lelesiit,DFL-OBJ-J02322,alexander-rossing-lelesiit,38,Striker,2007-01-20,184,69,NOR,https://assets.bundesliga.com/player/dfl-obj-j02322-dfl-clu-00000c-dfl-sea-0001k9.png,assets/images/hamburger-sv/alexander-rossing-lelesiit.png,2025-2026,DFL-SEA-0001K9,11,0,1,2,2,0,144,1,0,0,45,33.91,2,13,146,45,2
Hamburg,DFL-CLU-00000L,https://assets.bundesliga.com/clublogos/DFL-SEA-0001K9/DFL-CLU-00000L.svg,assets/logos/hamburger-sv.svg,Bakery Jatta,DFL-OBJ-0027AT,bakery-jatta,18,Striker,1998-06-06,184,79,GMB,https://assets.bundesliga.com/player/dfl-obj-0027at-dfl-clu-00000c-dfl-sea-0001k9.png,assets/images/hamburger-sv/bakery-jatta.png,2025-2026,DFL-SEA-0001K9,15,1,1,12,5,7,196,1,0,0,109.6,35.03,16,12,436,67,11
Hamburg,DFL-CLU-00000L,https://assets.bundesliga.com/clublogos/DFL-SEA-0001K9/DFL-CLU-00000L.svg,assets/logos/hamburger-sv.svg,Damion Lamar Downs,DFL-OBJ-J01QPG,damion-downs,19,Striker,2004-07-06,192,80,"DEU , USA",https://assets.bundesliga.com/player/dfl-obj-j01qpg-dfl-clu-00000c-dfl-sea-0001k9.png,assets/images/hamburger-sv/damion-downs.png,2025-2026,DFL-SEA-0001K9,12,0,0,7,4,3,128,0,0,0,64.7,34.54,0,7,137,31,5
Hamburg,DFL-CLU-00000L,https://assets.bundesliga.com/clublogos/DFL-SEA-0001K9/DFL-CLU-00000L.svg,assets/logos/hamburger-sv.svg,Damion Lamar Downs,DFL-OBJ-J01QPG,damion-downs,19,Striker,2004-07-06,192,80,"DEU , USA",https://assets.bundesliga.com/player/dfl-obj-j01qpg-dfl-clu-00000c-dfl-sea-0001k9.png,assets/images/hamburger-sv/damion-downs.png,2023-2024,DFL-SEA-0001K7,10,2,0,5,2,3,57,0,0,0,26.7,33.36,1,1,51,9,2
Hamburg,DFL-CLU-00000L,https://assets.bundesliga.com/clublogos/DFL-SEA-0001K9/DFL-CLU-00000L.svg,assets/logos/hamburger-sv.svg,Daniel Elfadli,DFL-OBJ-J01OYX,daniel-elfadli,8,Midfielder,1997-04-06,188,78,"LBY , DEU",https://assets.bundesliga.com/player/dfl-obj-j01oyx-dfl-clu-00000c-dfl-sea-0001k9.png,assets/images/hamburger-sv/daniel-elfadli.png,2025-2026,DFL-SEA-0001K9,21,0,0,4,1,3,172,4,0,0,157.6,32.47,0,18,866,104,20
Hamburg,DFL-CLU-00000L,https://assets.bundesliga.com/clublogos/DFL-SEA-0001K9/DFL-CLU-00000L.svg,assets/logos/hamburger-sv.svg,Daniel Heuer Fernandes,DFL-OBJ-0001EH,daniel-heuer-fernandes,1,Goalkeeper,1992-11-13,188,81,"DEU , PRT",https://assets.bundesliga.com/player/dfl-obj-0001eh-dfl-clu-00000c-dfl-sea-0001k9.png,assets/images/hamburger-sv/daniel-heuer-fernandes.png,2025-2026,DFL-SEA-0001K9,33,0,0,0,0,0,12,3,0,0,187.4,29.81,0,0,1962,0,0
Hamburg,DFL-CLU-00000L,https://assets.bundesliga.com/clublogos/DFL-SEA-0001K9/DFL-CLU-00000L.svg,assets/logos/hamburger-sv.svg,Fabio Amado Uri Baldé,DFL-OBJ-J021LJ,fabio-balde,45,Striker,2005-07-20,182,75,"DEU , PRT",https://assets.bundesliga.com/player/dfl-obj-j021lj-dfl-clu-00000c-dfl-sea-0001k9.png,assets/images/hamburger-sv/fabio-balde.png,2025-2026,DFL-SEA-0001K9,16,1,1,8,4,4,139,1,0,0,59.6,35.66,12,4,214,66,8
Hamburg,DFL-CLU-00000L,https://assets.bundesliga.com/clublogos/DFL-SEA-0001K9/DFL-CLU-00000L.svg,assets/logos/hamburger-sv.svg,Fábio Daniel Ferreira Vieira,DFL-OBJ-J01FRO,fabio-vieira,20,Midfielder,2000-05-30,170,58,PRT,https://assets.bundesliga.com/player/dfl-obj-j01fro-dfl-clu-00000c-dfl-sea-0001k9.png,assets/images/hamburger-sv/fabio-vieira.png,2025-2026,DFL-SEA-0001K9,29,7,5,62,21,41,250,2,0,0,248,34.03,16,18,1247,172,9
Hamburg,DFL-CLU-00000L,https://assets.bundesliga.com/clublogos/DFL-SEA-0001K9/DFL-CLU-00000L.svg,assets/logos/hamburger-sv.svg,Fernando Dickes,DFL-OBJ-J01S9M,fernando-dickes,41,Goalkeeper,2007-10-13,193,89,DEU,https://assets.bundesliga.com/player/dfl-obj-j01s9m-dfl-clu-00000c-dfl-sea-0001k9.png,assets/images/hamburger-sv/fernando-dickes.png,2025-2026,DFL-SEA-0001K9,,,,,,,,,,,,,,,,,
Hamburg,DFL-CLU-00000L,https://assets.bundesliga.com/clublogos/DFL-SEA-0001K9/DFL-CLU-00000L.svg,assets/logos/hamburger-sv.svg,Giorgi Gocholeishvili,DFL-OBJ-J01VXC,giorgi-gocholeishvili,16,Defender,2001-02-14,178,70,GEO,https://assets.bundesliga.com/player/dfl-obj-j01vxc-dfl-clu-00000c-dfl-sea-0001k9.png,assets/images/hamburger-sv/giorgi-gocholeishvili.png,2025-2026,DFL-SEA-0001K9,24,0,1,13,3,10,292,1,0,0,114.1,33.36,17,13,546,104,9
Hamburg,DFL-CLU-00000L,https://assets.bundesliga.com/clublogos/DFL-SEA-0001K9/DFL-CLU-00000L.svg,assets/logos/hamburger-sv.svg,Hannes Steffen Hermann,DFL-OBJ-J01KEQ,hannes-hermann,40,Goalkeeper,2005-03-23,189,77,DEU,https://assets.bundesliga.com/player/dfl-obj-j01keq-dfl-clu-00000c-dfl-sea-0001k9.png,assets/images/hamburger-sv/hannes-hermann.png,2025-2026,DFL-SEA-0001K9,,,,,,,,,,,,,,,,,
Hamburg,DFL-CLU-00000L,https://assets.bundesliga.com/clublogos/DFL-SEA-0001K9/DFL-CLU-00000L.svg,assets/logos/hamburger-sv.svg,Jean-Luc Mamadou Diarra Dompé,DFL-OBJ-J017PC,jean-luc-dompe,7,Striker,1995-08-12,170,65,"FRA , CIV",https://assets.bundesliga.com/player/dfl-obj-j017pc-dfl-clu-00000c-dfl-sea-0001k9.png,assets/images/hamburger-sv/jean-luc-dompe.png,2025-2026,DFL-SEA-0001K9,20,3,0,28,13,15,160,0,0,0,119.2,34.36,53,2,508,57,0
Hamburg,DFL-CLU-00000L,https://assets.bundesliga.com/clublogos/DFL-SEA-0001K9/DFL-CLU-00000L.svg,assets/logos/hamburger-sv.svg,Jordan Torunarigha,DFL-OBJ-0027JU,jordan-torunarigha,25,Defender,1997-08-07,191,80,"NGA , DEU",https://assets.bundesliga.com/player/dfl-obj-0027ju-dfl-clu-00000c-dfl-sea-0001k9.png,assets/images/hamburger-sv/jordan-torunarigha.png,2025-2026,DFL-SEA-0001K9,24,0,0,5,1,4,247,3,0,0,201.4,34.43,2,19,1480,208,61
Hamburg,DFL-CLU-00000L,https://assets.bundesliga.com/clublogos/DFL-SEA-0001K9/DFL-CLU-00000L.svg,assets/logos/hamburger-sv.svg,Jordan Torunarigha,DFL-OBJ-0027JU,jordan-torunarigha,25,Defender,1997-08-07,191,80,"NGA , DEU",https://assets.bundesliga.com/player/dfl-obj-0027ju-dfl-clu-00000c-dfl-sea-0001k9.png,assets/images/hamburger-sv/jordan-torunarigha.png,2021-2022,DFL-SEA-0001K5,7,1,1,1,1,1,119,1,0,0,53.8,34.97,1,4,320,56,18
Hamburg,DFL-CLU-00000L,https://assets.bundesliga.com/clublogos/DFL-SEA-0001K9/DFL-CLU-00000L.svg,assets/logos/hamburger-sv.svg,Jordan Torunarigha,DFL-OBJ-0027JU,jordan-torunarigha,25,Defender,1997-08-07,191,80,"NGA , DEU",https://assets.bundesliga.com/player/dfl-obj-0027ju-dfl-clu-00000c-dfl-sea-0001k9.png,assets/images/hamburger-sv/jordan-torunarigha.png,2020-2021,DFL-SEA-0001K4,14,0,0,4,1,3,199,5,0,0,115.1,32.8,3,15,785,88,29
Hamburg,DFL-CLU-00000L,https://assets.bundesliga.com/clublogos/DFL-SEA-0001K9/DFL-CLU-00000L.svg,assets/logos/hamburger-sv.svg,Jordan Torunarigha,DFL-OBJ-0027JU,jordan-torunarigha,25,Defender,1997-08-07,191,80,"NGA , DEU",https://assets.bundesliga.com/player/dfl-obj-0027ju-dfl-clu-00000c-dfl-sea-0001k9.png,assets/images/hamburger-sv/jordan-torunarigha.png,2019-2020,DFL-SEA-0001K3,18,1,1,3,3,0,297,3,0,0,156.1,34.7,2,16,1047,172,50
Hamburg,DFL-CLU-00000L,https://assets.bundesliga.com/clublogos/DFL-SEA-0001K9/DFL-CLU-00000L.svg,assets/logos/hamburger-sv.svg,Louis Pepe Lemke,DFL-OBJ-J020S3,louis-lemke,37,Defender,2009-10-08,182,,DEU,https://assets.bundesliga.com/player/dfl-obj-j020s3-dfl-clu-00000c-dfl-sea-0001k9.png,assets/images/hamburger-sv/louis-lemke.png,2025-2026,DFL-SEA-0001K9,1,0,0,0,0,0,0,0,0,0,0.2,22.58,0,0,1,0,0
Hamburg,DFL-CLU-00000L,https://assets.bundesliga.com/clublogos/DFL-SEA-0001K9/DFL-CLU-00000L.svg,assets/logos/hamburger-sv.svg,Luka Vušković,DFL-OBJ-J020IH,luka-vuskovic,44,Defender,2007-02-24,193,86,HRV,https://assets.bundesliga.com/player/dfl-obj-j020ih-dfl-clu-00000c-dfl-sea-0001k9.png,assets/images/hamburger-sv/luka-vuskovic.png,2025-2026,DFL-SEA-0001K9,28,6,0,29,10,19,195,6,0,0,275,31.16,1,29,2106,316,153
Hamburg,DFL-CLU-00000L,https://assets.bundesliga.com/clublogos/DFL-SEA-0001K9/DFL-CLU-00000L.svg,assets/logos/hamburger-sv.svg,Merlin Polzin,DFL-OBJ-002G1B,merlin-polzin,,Hamburg,1990-11-07,0,,DEU,https://assets.bundesliga.com/person/dfl-obj-002g1b-dfl-clu-00000c-dfl-sea-0001k9.png,assets/images/hamburger-sv/merlin-polzin.png,2025-2026,DFL-SEA-0001K9,,,,,,,,,,,,,,,,,
Hamburg,DFL-CLU-00000L,https://assets.bundesliga.com/clublogos/DFL-SEA-0001K9/DFL-CLU-00000L.svg,assets/logos/hamburger-sv.svg,Miro Max Maria Muheim,DFL-OBJ-J01HP7,miro-muheim,28,Defender,1998-03-24,182,77,CHE,https://assets.bundesliga.com/player/dfl-obj-j01hp7-dfl-clu-00000c-dfl-sea-0001k9.png,assets/images/hamburger-sv/miro-muheim.png,2025-2026,DFL-SEA-0001K9,29,0,4,24,7,17,419,7,0,0,295.4,34.25,49,38,1862,289,29
Hamburg,DFL-CLU-00000L,https://assets.bundesliga.com/clublogos/DFL-SEA-0001K9/DFL-CLU-00000L.svg,assets/logos/hamburger-sv.svg,Nicolai Remberg,DFL-OBJ-J01IZ9,nicolai-remberg,21,Midfielder,2000-06-19,187,88,DEU,https://assets.bundesliga.com/player/dfl-obj-j01iz9-dfl-clu-00000c-dfl-sea-0001k9.png,assets/images/hamburger-sv/nicolai-remberg.png,2025-2026,DFL-SEA-0001K9,32,0,2,17,7,10,290,11,0,0,357.3,32.71,3,40,1773,296,62
Hamburg,DFL-CLU-00000L,https://assets.bundesliga.com/clublogos/DFL-SEA-0001K9/DFL-CLU-00000L.svg,assets/logos/hamburger-sv.svg,Nicolai Remberg,DFL-OBJ-J01IZ9,nicolai-remberg,21,Midfielder,2000-06-19,187,88,DEU,https://assets.bundesliga.com/player/dfl-obj-j01iz9-dfl-clu-00000c-dfl-sea-0001k9.png,assets/images/hamburger-sv/nicolai-remberg.png,2024-2025,DFL-SEA-0001K8,32,0,1,25,5,20,340,11,0,0,317.1,32.7,6,42,1383,299,98
Hamburg,DFL-CLU-00000L,https://assets.bundesliga.com/clublogos/DFL-SEA-0001K9/DFL-CLU-00000L.svg,assets/logos/hamburger-sv.svg,Nicolas Capaldo Taboas,DFL-OBJ-J01H5G,nicolas-capaldo,24,Midfielder,1998-09-14,177,73,"ARG , ITA",https://assets.bundesliga.com/player/dfl-obj-j01h5g-dfl-clu-00000c-dfl-sea-0001k9.png,assets/images/hamburger-sv/nicolas-capaldo.png,2025-2026,DFL-SEA-0001K9,26,1,3,19,5,14,468,10,0,0,226.7,34.97,15,29,1152,254,37
Hamburg,DFL-CLU-00000L,https://assets.bundesliga.com/clublogos/DFL-SEA-0001K9/DFL-CLU-00000L.svg,assets/logos/hamburger-sv.svg,Noah Katterbach,DFL-OBJ-002FW7,noah-katterbach,3,Defender,2001-04-13,180,73,DEU,https://assets.bundesliga.com/player/dfl-obj-002fw7-dfl-clu-00000c-dfl-sea-0001k9.png,assets/images/hamburger-sv/noah-katterbach.png,2021-2022,DFL-SEA-0001K5,1,0,0,0,0,0,5,0,0,0,1.9,31.56,1,0,16,4,0
Hamburg,DFL-CLU-00000L,https://assets.bundesliga.com/clublogos/DFL-SEA-0001K9/DFL-CLU-00000L.svg,assets/logos/hamburger-sv.svg,Noah Katterbach,DFL-OBJ-002FW7,noah-katterbach,3,Defender,2001-04-13,180,73,DEU,https://assets.bundesliga.com/player/dfl-obj-002fw7-dfl-clu-00000c-dfl-sea-0001k9.png,assets/images/hamburger-sv/noah-katterbach.png,2020-2021,DFL-SEA-0001K4,20,0,0,9,2,7,230,1,0,0,125.3,32.82,25,9,830,141,27
Hamburg,DFL-CLU-00000L,https://assets.bundesliga.com/clublogos/DFL-SEA-0001K9/DFL-CLU-00000L.svg,assets/logos/hamburger-sv.svg,Noah Katterbach,DFL-OBJ-002FW7,noah-katterbach,3,Defender,2001-04-13,180,73,DEU,https://assets.bundesliga.com/player/dfl-obj-002fw7-dfl-clu-00000c-dfl-sea-0001k9.png,assets/images/hamburger-sv/noah-katterbach.png,2019-2020,DFL-SEA-0001K3,18,0,0,3,2,1,297,2,0,0,150.6,33.49,15,10,963,187,21
Hamburg,DFL-CLU-00000L,https://assets.bundesliga.com/clublogos/DFL-SEA-0001K9/DFL-CLU-00000L.svg,assets/logos/hamburger-sv.svg,Omar Abdel Megeed,DFL-OBJ-J01PYH,omar-megeed,39,Midfielder,2005-08-19,188,77,"DEU , EGY",https://assets.bundesliga.com/player/dfl-obj-j01pyh-dfl-clu-00000c-dfl-sea-0001k9.png,assets/images/hamburger-sv/omar-megeed.png,2025-2026,DFL-SEA-0001K9,,,,,,,,,,,,,,,,,
Hamburg,DFL-CLU-00000L,https://assets.bundesliga.com/clublogos/DFL-SEA-0001K9/DFL-CLU-00000L.svg,assets/logos/hamburger-sv.svg,Otto Emerson Stange,DFL-OBJ-J01QSK,otto-stange,49,Striker,2007-02-09,187,82,"DEU , BRA",https://assets.bundesliga.com/player/dfl-obj-j01qsk-dfl-clu-00000c-dfl-sea-0001k9.png,assets/images/hamburger-sv/otto-stange.png,2025-2026,DFL-SEA-0001K9,10,0,0,6,1,5,37,0,0,0,31.3,34.44,5,5,108,46,5
Hamburg,DFL-CLU-00000L,https://assets.bundesliga.com/clublogos/DFL-SEA-0001K9/DFL-CLU-00000L.svg,assets/logos/hamburger-sv.svg,Philip Porwei Otele,DFL-OBJ-J024Z8,philip-otele,27,Striker,1999-04-15,178,,NGA,https://assets.bundesliga.com/player/dfl-obj-j024z8-dfl-clu-00000c-dfl-sea-0001k9.png,assets/images/hamburger-sv/philip-otele.png,2025-2026,DFL-SEA-0001K9,9,1,1,8,3,5,81,3,0,0,56.1,32.88,8,8,192,49,9
Hamburg,DFL-CLU-00000L,https://assets.bundesliga.com/clublogos/DFL-SEA-0001K9/DFL-CLU-00000L.svg,assets/logos/hamburger-sv.svg,Ransford-Yeboah Königsdörffer,DFL-OBJ-002G8B,ransford-yeboah-konigsdorffer,11,Striker,2001-09-13,182,78,"GHA , DEU",https://assets.bundesliga.com/player/dfl-obj-002g8b-dfl-clu-00000c-dfl-sea-0001k9.png,assets/images/hamburger-sv/ransford-yeboah-konigsdorffer.png,2025-2026,DFL-SEA-0001K9,33,5,1,60,23,37,497,2,0,0,275.4,35.6,12,24,781,207,48
Hamburg,DFL-CLU-00000L,https://assets.bundesliga.com/clublogos/DFL-SEA-0001K9/DFL-CLU-00000L.svg,assets/logos/hamburger-sv.svg,Rayan Philippe,DFL-OBJ-J01W6J,rayan-philippe,14,Striker,2000-10-23,182,78,FRA,https://assets.bundesliga.com/player/dfl-obj-j01w6j-dfl-clu-00000c-dfl-sea-0001k9.png,assets/images/hamburger-sv/rayan-philippe.png,2025-2026,DFL-SEA-0001K9,28,5,0,38,16,22,263,2,0,0,164.4,35.2,28,21,451,92,7
Hamburg,DFL-CLU-00000L,https://assets.bundesliga.com/clublogos/DFL-SEA-0001K9/DFL-CLU-00000L.svg,assets/logos/hamburger-sv.svg,Robert-Nesta Glatzel,DFL-OBJ-0027HO,robert-glatzel,9,Striker,1994-01-08,193,85,"DEU , ERI",https://assets.bundesliga.com/player/dfl-obj-0027ho-dfl-clu-00000c-dfl-sea-0001k9.png,assets/images/hamburger-sv/robert-glatzel.png,2025-2026,DFL-SEA-0001K9,19,3,2,18,8,10,61,0,0,0,82.9,31.68,0,8,222,61,19
Hamburg,DFL-CLU-00000L,https://assets.bundesliga.com/clublogos/DFL-SEA-0001K9/DFL-CLU-00000L.svg,assets/logos/hamburger-sv.svg,Robert-Nesta Glatzel,DFL-OBJ-0027HO,robert-glatzel,9,Striker,1994-01-08,193,85,"DEU , ERI",https://assets.bundesliga.com/player/dfl-obj-0027ho-dfl-clu-00000c-dfl-sea-0001k9.png,assets/images/hamburger-sv/robert-glatzel.png,2020-2021,DFL-SEA-0001K4,15,2,0,13,7,6,164,0,0,0,70.2,31.22,1,14,204,62,23
Hamburg,DFL-CLU-00000L,https://assets.bundesliga.com/clublogos/DFL-SEA-0001K9/DFL-CLU-00000L.svg,assets/logos/hamburger-sv.svg,Sander Tangvik,DFL-OBJ-J01KPQ,sander-tangvik,12,Goalkeeper,2002-11-29,193,80,NOR,https://assets.bundesliga.com/player/dfl-obj-j01kpq-dfl-clu-00000c-dfl-sea-0001k9.png,assets/images/hamburger-sv/sander-tangvik.png,2025-2026,DFL-SEA-0001K9,1,0,0,0,0,0,0,0,0,0,0,0,0,0,71,0,0
Hamburg,DFL-CLU-00000L,https://assets.bundesliga.com/clublogos/DFL-SEA-0001K9/DFL-CLU-00000L.svg,assets/logos/hamburger-sv.svg,Shafiq Bello Nandja,DFL-OBJ-J0255S,shafiq-nandja,43,Defender,2007-01-15,195,,DEU,https://assets.bundesliga.com/player/dfl-obj-j0255s-dfl-clu-00000c-dfl-sea-0001k9.png,assets/images/hamburger-sv/shafiq-nandja.png,2025-2026,DFL-SEA-0001K9,1,0,0,0,0,0,1,0,0,0,0.2,27.26,0,0,7,1,1
Hamburg,DFL-CLU-00000L,https://assets.bundesliga.com/clublogos/DFL-SEA-0001K9/DFL-CLU-00000L.svg,assets/logos/hamburger-sv.svg,Warmed Omari,DFL-OBJ-J01G5F,warmed-omari,17,Defender,2000-04-23,188,78,"COM , FRA",https://assets.bundesliga.com/player/dfl-obj-j01g5f-dfl-clu-00000c-dfl-sea-0001k9.png,assets/images/hamburger-sv/warmed-omari.png,2025-2026,DFL-SEA-0001K9,20,0,1,3,1,2,172,0,0,0,165.8,34.11,2,14,988,133,26
Hamburg,DFL-CLU-00000L,https://assets.bundesliga.com/clublogos/DFL-SEA-0001K9/DFL-CLU-00000L.svg,assets/logos/hamburger-sv.svg,William Mikelbrencis,DFL-OBJ-J01N5U,william-mikelbrencis,2,Defender,2004-02-25,176,64,FRA,https://assets.bundesliga.com/player/dfl-obj-j01n5u-dfl-clu-00000c-dfl-sea-0001k9.png,assets/images/hamburger-sv/william-mikelbrencis.png,2025-2026,DFL-SEA-0001K9,26,0,4,10,6,4,280,3,0,0,162.1,34.82,42,17,782,143,10
Hamburg,DFL-CLU-00000L,https://assets.bundesliga.com/clublogos/DFL-SEA-0001K9/DFL-CLU-00000L.svg,assets/logos/hamburger-sv.svg,Yussuf Yurary Poulsen,DFL-OBJ-0002F6,yussuf-poulsen,15,Striker,1994-06-15,192,84,"DNK , TZA",https://assets.bundesliga.com/player/dfl-obj-0002f6-dfl-clu-00000c-dfl-sea-0001k9.png,assets/images/hamburger-sv/yussuf-poulsen.png,2025-2026,DFL-SEA-0001K9,15,1,0,7,2,5,69,4,0,0,48.8,32.53,2,12,175,81,36
Hamburg,DFL-CLU-00000L,https://assets.bundesliga.com/clublogos/DFL-SEA-0001K9/DFL-CLU-00000L.svg,assets/logos/hamburger-sv.svg,Yussuf Yurary Poulsen,DFL-OBJ-0002F6,yussuf-poulsen,15,Striker,1994-06-15,192,84,"DNK , TZA",https://assets.bundesliga.com/player/dfl-obj-0002f6-dfl-clu-00000c-dfl-sea-0001k9.png,assets/images/hamburger-sv/yussuf-poulsen.png,2024-2025,DFL-SEA-0001K8,22,2,0,15,8,7,155,1,0,0,56.3,32.56,1,8,231,94,28
Hamburg,DFL-CLU-00000L,https://assets.bundesliga.com/clublogos/DFL-SEA-0001K9/DFL-CLU-00000L.svg,assets/logos/hamburger-sv.svg,Yussuf Yurary Poulsen,DFL-OBJ-0002F6,yussuf-poulsen,15,Striker,1994-06-15,192,84,"DNK , TZA",https://assets.bundesliga.com/player/dfl-obj-0002f6-dfl-clu-00000c-dfl-sea-0001k9.png,assets/images/hamburger-sv/yussuf-poulsen.png,2023-2024,DFL-SEA-0001K7,28,5,2,27,15,12,378,0,0,0,139.4,32.89,4,20,459,135,22
Hamburg,DFL-CLU-00000L,https://assets.bundesliga.com/clublogos/DFL-SEA-0001K9/DFL-CLU-00000L.svg,assets/logos/hamburger-sv.svg,Yussuf Yurary Poulsen,DFL-OBJ-0002F6,yussuf-poulsen,15,Striker,1994-06-15,192,84,"DNK , TZA",https://assets.bundesliga.com/player/dfl-obj-0002f6-dfl-clu-00000c-dfl-sea-0001k9.png,assets/images/hamburger-sv/yussuf-poulsen.png,2022-2023,DFL-SEA-0001K6,19,2,1,14,7,7,134,1,0,0,41,33.04,2,10,207,66,26
Hamburg,DFL-CLU-00000L,https://assets.bundesliga.com/clublogos/DFL-SEA-0001K9/DFL-CLU-00000L.svg,assets/logos/hamburger-sv.svg,Yussuf Yurary Poulsen,DFL-OBJ-0002F6,yussuf-poulsen,15,Striker,1994-06-15,192,84,"DNK , TZA",https://assets.bundesliga.com/player/dfl-obj-0002f6-dfl-clu-00000c-dfl-sea-0001k9.png,assets/images/hamburger-sv/yussuf-poulsen.png,2021-2022,DFL-SEA-0001K5,25,6,1,27,13,14,378,2,0,0,129.8,33.85,6,20,522,173,43
Hamburg,DFL-CLU-00000L,https://assets.bundesliga.com/clublogos/DFL-SEA-0001K9/DFL-CLU-00000L.svg,assets/logos/hamburger-sv.svg,Yussuf Yurary Poulsen,DFL-OBJ-0002F6,yussuf-poulsen,15,Striker,1994-06-15,192,84,"DNK , TZA",https://assets.bundesliga.com/player/dfl-obj-0002f6-dfl-clu-00000c-dfl-sea-0001k9.png,assets/images/hamburger-sv/yussuf-poulsen.png,2020-2021,DFL-SEA-0001K4,26,5,4,45,15,30,530,1,0,0,163.5,34.46,6,19,678,216,48
Hamburg,DFL-CLU-00000L,https://assets.bundesliga.com/clublogos/DFL-SEA-0001K9/DFL-CLU-00000L.svg,assets/logos/hamburger-sv.svg,Yussuf Yurary Poulsen,DFL-OBJ-0002F6,yussuf-poulsen,15,Striker,1994-06-15,192,84,"DNK , TZA",https://assets.bundesliga.com/player/dfl-obj-0002f6-dfl-clu-00000c-dfl-sea-0001k9.png,assets/images/hamburger-sv/yussuf-poulsen.png,2019-2020,DFL-SEA-0001K3,22,5,6,32,10,22,399,2,0,0,155.8,34.04,5,26,541,170,44
RB Leipzig,DFL-CLU-000018,https://assets.bundesliga.com/clublogos/DFL-SEA-0001K9/DFL-CLU-000018.svg,assets/logos/rb-leipzig.svg,Andrija Maksimović,DFL-OBJ-J01U5D,andrija-maksimovic,33,Midfielder,2007-06-05,182,70,SRB,https://assets.bundesliga.com/player/dfl-obj-j01u5d-dfl-clu-000017-dfl-sea-0001k9.png,assets/images/rb-leipzig/andrija-maksimovic.png,2025-2026,DFL-SEA-0001K9,8,0,0,2,0,2,20,0,0,0,16.2,31.21,1,1,65,5,1
RB Leipzig,DFL-CLU-000018,https://assets.bundesliga.com/clublogos/DFL-SEA-0001K9/DFL-CLU-000018.svg,assets/logos/rb-leipzig.svg,Antonio Eromonsele Nordby Nusa,DFL-OBJ-J01KK4,antonio-nusa,7,Striker,2005-04-17,180,73,"NOR , NGA",https://assets.bundesliga.com/player/dfl-obj-j01kk4-dfl-clu-000017-dfl-sea-0001k9.png,assets/images/rb-leipzig/antonio-nusa.png,2025-2026,DFL-SEA-0001K9,31,4,3,64,20,44,457,0,0,0,241.5,34.64,43,9,1129,310,8
RB Leipzig,DFL-CLU-000018,https://assets.bundesliga.com/clublogos/DFL-SEA-0001K9/DFL-CLU-000018.svg,assets/logos/rb-leipzig.svg,Antonio Eromonsele Nordby Nusa,DFL-OBJ-J01KK4,antonio-nusa,7,Striker,2005-04-17,180,73,"NOR , NGA",https://assets.bundesliga.com/player/dfl-obj-j01kk4-dfl-clu-000017-dfl-sea-0001k9.png,assets/images/rb-leipzig/antonio-nusa.png,2024-2025,DFL-SEA-0001K8,25,3,3,24,7,17,479,0,0,0,190.3,35.45,21,12,856,193,8
RB Leipzig,DFL-CLU-000018,https://assets.bundesliga.com/clublogos/DFL-SEA-0001K9/DFL-CLU-000018.svg,assets/logos/rb-leipzig.svg,Forzan Assan Ouédraogo,DFL-OBJ-J01KAN,assan-ouedraogo,20,Midfielder,2006-05-09,191,84,"DEU , BFA",https://assets.bundesliga.com/player/dfl-obj-j01kan-dfl-clu-000017-dfl-sea-0001k9.png,assets/images/rb-leipzig/assan-ouedraogo.png,2025-2026,DFL-SEA-0001K9,19,4,3,26,13,13,130,0,0,0,114.2,35.13,2,3,477,113,10
RB Leipzig,DFL-CLU-000018,https://assets.bundesliga.com/clublogos/DFL-SEA-0001K9/DFL-CLU-000018.svg,assets/logos/rb-leipzig.svg,Forzan Assan Ouédraogo,DFL-OBJ-J01KAN,assan-ouedraogo,20,Midfielder,2006-05-09,191,84,"DEU , BFA",https://assets.bundesliga.com/player/dfl-obj-j01kan-dfl-clu-000017-dfl-sea-0001k9.png,assets/images/rb-leipzig/assan-ouedraogo.png,2024-2025,DFL-SEA-0001K8,3,0,0,1,0,1,19,0,0,0,6.8,34.17,1,1,34,5,0
RB Leipzig,DFL-CLU-000018,https://assets.bundesliga.com/clublogos/DFL-SEA-0001K9/DFL-CLU-000018.svg,assets/logos/rb-leipzig.svg,Reuben Ayodele-Olu Thomas,DFL-OBJ-J01NS0,ayodele-thomas,21,Striker,2007-07-23,179,72,"NLD , NGA",https://assets.bundesliga.com/player/dfl-obj-j01ns0-dfl-clu-000017-dfl-sea-0001k9.png,assets/images/rb-leipzig/ayodele-thomas.png,2025-2026,DFL-SEA-0001K9,,,,,,,,,,,,,,,,,
RB Leipzig,DFL-CLU-000018,https://assets.bundesliga.com/clublogos/DFL-SEA-0001K9/DFL-CLU-000018.svg,assets/logos/rb-leipzig.svg,Benjamin Paa Kwesi Henrichs,DFL-OBJ-002670,benjamin-henrichs,39,Defender,1997-02-23,183,79,"DEU , GHA",https://assets.bundesliga.com/player/dfl-obj-002670-dfl-clu-000017-dfl-sea-0001k9.png,assets/images/rb-leipzig/benjamin-henrichs.png,2025-2026,DFL-SEA-0001K9,17,1,0,4,2,2,57,0,0,0,41,31.07,0,3,277,30,2
RB Leipzig,DFL-CLU-000018,https://assets.bundesliga.com/clublogos/DFL-SEA-0001K9/DFL-CLU-000018.svg,assets/logos/rb-leipzig.svg,Benjamin Paa Kwesi Henrichs,DFL-OBJ-002670,benjamin-henrichs,39,Defender,1997-02-23,183,79,"DEU , GHA",https://assets.bundesliga.com/player/dfl-obj-002670-dfl-clu-000017-dfl-sea-0001k9.png,assets/images/rb-leipzig/benjamin-henrichs.png,2024-2025,DFL-SEA-0001K8,15,0,2,11,2,9,252,3,0,0,106,33.67,14,14,645,102,8
RB Leipzig,DFL-CLU-000018,https://assets.bundesliga.com/clublogos/DFL-SEA-0001K9/DFL-CLU-000018.svg,assets/logos/rb-leipzig.svg,Benjamin Paa Kwesi Henrichs,DFL-OBJ-002670,benjamin-henrichs,39,Defender,1997-02-23,183,79,"DEU , GHA",https://assets.bundesliga.com/player/dfl-obj-002670-dfl-clu-000017-dfl-sea-0001k9.png,assets/images/rb-leipzig/benjamin-henrichs.png,2023-2024,DFL-SEA-0001K7,33,1,5,35,11,24,599,5,0,0,256.3,32.96,46,27,2075,289,29
RB Leipzig,DFL-CLU-000018,https://assets.bundesliga.com/clublogos/DFL-SEA-0001K9/DFL-CLU-000018.svg,assets/logos/rb-leipzig.svg,Benjamin Paa Kwesi Henrichs,DFL-OBJ-002670,benjamin-henrichs,39,Defender,1997-02-23,183,79,"DEU , GHA",https://assets.bundesliga.com/player/dfl-obj-002670-dfl-clu-000017-dfl-sea-0001k9.png,assets/images/rb-leipzig/benjamin-henrichs.png,2022-2023,DFL-SEA-0001K6,30,2,2,33,5,28,478,8,0,0,205.8,33.45,32,36,1929,300,29
RB Leipzig,DFL-CLU-000018,https://assets.bundesliga.com/clublogos/DFL-SEA-0001K9/DFL-CLU-000018.svg,assets/logos/rb-leipzig.svg,Benjamin Paa Kwesi Henrichs,DFL-OBJ-002670,benjamin-henrichs,39,Defender,1997-02-23,183,79,"DEU , GHA",https://assets.bundesliga.com/player/dfl-obj-002670-dfl-clu-000017-dfl-sea-0001k9.png,assets/images/rb-leipzig/benjamin-henrichs.png,2021-2022,DFL-SEA-0001K5,22,3,3,13,6,7,321,3,0,0,132.4,32.95,21,11,899,128,7
RB Leipzig,DFL-CLU-000018,https://assets.bundesliga.com/clublogos/DFL-SEA-0001K9/DFL-CLU-000018.svg,assets/logos/rb-leipzig.svg,Benjamin Paa Kwesi Henrichs,DFL-OBJ-002670,benjamin-henrichs,39,Defender,1997-02-23,183,79,"DEU , GHA",https://assets.bundesliga.com/player/dfl-obj-002670-dfl-clu-000017-dfl-sea-0001k9.png,assets/images/rb-leipzig/benjamin-henrichs.png,2020-2021,DFL-SEA-0001K4,13,0,1,5,2,3,115,3,0,0,53,33.03,10,8,436,74,7
RB Leipzig,DFL-CLU-000018,https://assets.bundesliga.com/clublogos/DFL-SEA-0001K9/DFL-CLU-000018.svg,assets/logos/rb-leipzig.svg,Benno Valentin Kilan Kaltefleiter,DFL-OBJ-J0255V,benno-kaltefleiter,37,Midfielder,2008-02-14,189,,DEU,https://assets.bundesliga.com/player/dfl-obj-j0255v-dfl-clu-000017-dfl-sea-0001k9.png,assets/images/rb-leipzig/benno-kaltefleiter.png,2025-2026,DFL-SEA-0001K9,,,,,,,,,,,,,,,,,
RB Leipzig,DFL-CLU-000018,https://assets.bundesliga.com/clublogos/DFL-SEA-0001K9/DFL-CLU-000018.svg,assets/logos/rb-leipzig.svg,Brajan Gruda,DFL-OBJ-J01ND7,brajan-gruda,10,Midfielder,2004-05-31,178,70,"DEU , ALB",https://assets.bundesliga.com/player/dfl-obj-j01nd7-dfl-clu-000017-dfl-sea-0001k9.png,assets/images/rb-leipzig/brajan-gruda.png,2025-2026,DFL-SEA-0001K9,13,3,3,21,8,13,130,1,0,0,98.1,34.78,13,8,466,102,7
RB Leipzig,DFL-CLU-000018,https://assets.bundesliga.com/clublogos/DFL-SEA-0001K9/DFL-CLU-000018.svg,assets/logos/rb-leipzig.svg,Brajan Gruda,DFL-OBJ-J01ND7,brajan-gruda,10,Midfielder,2004-05-31,178,70,"DEU , ALB",https://assets.bundesliga.com/player/dfl-obj-j01nd7-dfl-clu-000017-dfl-sea-0001k9.png,assets/images/rb-leipzig/brajan-gruda.png,2023-2024,DFL-SEA-0001K7,28,4,3,32,14,18,553,5,0,0,210.9,33.97,32,27,1043,251,10
RB Leipzig,DFL-CLU-000018,https://assets.bundesliga.com/clublogos/DFL-SEA-0001K9/DFL-CLU-000018.svg,assets/logos/rb-leipzig.svg,Brajan Gruda,DFL-OBJ-J01ND7,brajan-gruda,10,Midfielder,2004-05-31,178,70,"DEU , ALB",https://assets.bundesliga.com/player/dfl-obj-j01nd7-dfl-clu-000017-dfl-sea-0001k9.png,assets/images/rb-leipzig/brajan-gruda.png,2022-2023,DFL-SEA-0001K6,2,0,0,0,0,0,8,0,0,0,2.2,28.68,1,1,11,1,1
RB Leipzig,DFL-CLU-000018,https://assets.bundesliga.com/clublogos/DFL-SEA-0001K9/DFL-CLU-000018.svg,assets/logos/rb-leipzig.svg,Castello Junior Lukeba,DFL-OBJ-J01DOV,castello-lukeba,23,Defender,2002-12-17,184,73,"FRA , AGO",https://assets.bundesliga.com/player/dfl-obj-j01dov-dfl-clu-000017-dfl-sea-0001k9.png,assets/images/rb-leipzig/castello-lukeba.png,2025-2026,DFL-SEA-0001K9,26,1,0,7,2,5,270,3,0,0,239.6,34.69,3,10,2097,206,41
RB Leipzig,DFL-CLU-000018,https://assets.bundesliga.com/clublogos/DFL-SEA-0001K9/DFL-CLU-000018.svg,assets/logos/rb-leipzig.svg,Castello Junior Lukeba,DFL-OBJ-J01DOV,castello-lukeba,23,Defender,2002-12-17,184,73,"FRA , AGO",https://assets.bundesliga.com/player/dfl-obj-j01dov-dfl-clu-000017-dfl-sea-0001k9.png,assets/images/rb-leipzig/castello-lukeba.png,2024-2025,DFL-SEA-0001K8,23,0,0,4,0,4,350,2,0,0,175.3,33.41,5,10,1537,201,32
RB Leipzig,DFL-CLU-000018,https://assets.bundesliga.com/clublogos/DFL-SEA-0001K9/DFL-CLU-000018.svg,assets/logos/rb-leipzig.svg,Castello Junior Lukeba,DFL-OBJ-J01DOV,castello-lukeba,23,Defender,2002-12-17,184,73,"FRA , AGO",https://assets.bundesliga.com/player/dfl-obj-j01dov-dfl-clu-000017-dfl-sea-0001k9.png,assets/images/rb-leipzig/castello-lukeba.png,2023-2024,DFL-SEA-0001K7,32,1,0,7,2,5,303,3,0,0,218.8,32.97,3,8,2195,178,39
RB Leipzig,DFL-CLU-000018,https://assets.bundesliga.com/clublogos/DFL-SEA-0001K9/DFL-CLU-000018.svg,assets/logos/rb-leipzig.svg,Christoph Baumgartner,DFL-OBJ-0028KN,christoph-baumgartner,14,Midfielder,1999-08-01,180,73,AUT,https://assets.bundesliga.com/player/dfl-obj-0028kn-dfl-clu-000017-dfl-sea-0001k9.png,assets/images/rb-leipzig/christoph-baumgartner.png,2025-2026,DFL-SEA-0001K9,33,13,8,81,34,47,323,10,0,0,369.4,32.73,1,58,1612,329,66
RB Leipzig,DFL-CLU-000018,https://assets.bundesliga.com/clublogos/DFL-SEA-0001K9/DFL-CLU-000018.svg,assets/logos/rb-leipzig.svg,Christoph Baumgartner,DFL-OBJ-0028KN,christoph-baumgartner,14,Midfielder,1999-08-01,180,73,AUT,https://assets.bundesliga.com/player/dfl-obj-0028kn-dfl-clu-000017-dfl-sea-0001k9.png,assets/images/rb-leipzig/christoph-baumgartner.png,2024-2025,DFL-SEA-0001K8,31,2,1,38,15,23,481,5,0,0,216.5,32.75,11,40,962,259,47
RB Leipzig,DFL-CLU-000018,https://assets.bundesliga.com/clublogos/DFL-SEA-0001K9/DFL-CLU-000018.svg,assets/logos/rb-leipzig.svg,Christoph Baumgartner,DFL-OBJ-0028KN,christoph-baumgartner,14,Midfielder,1999-08-01,180,73,AUT,https://assets.bundesliga.com/player/dfl-obj-0028kn-dfl-clu-000017-dfl-sea-0001k9.png,assets/images/rb-leipzig/christoph-baumgartner.png,2023-2024,DFL-SEA-0001K7,32,5,1,32,12,20,343,3,0,0,145.4,33.18,6,27,696,161,17
RB Leipzig,DFL-CLU-000018,https://assets.bundesliga.com/clublogos/DFL-SEA-0001K9/DFL-CLU-000018.svg,assets/logos/rb-leipzig.svg,Christoph Baumgartner,DFL-OBJ-0028KN,christoph-baumgartner,14,Midfielder,1999-08-01,180,73,AUT,https://assets.bundesliga.com/player/dfl-obj-0028kn-dfl-clu-000017-dfl-sea-0001k9.png,assets/images/rb-leipzig/christoph-baumgartner.png,2022-2023,DFL-SEA-0001K6,33,7,3,65,20,45,653,7,0,0,322.5,33.06,25,64,1425,408,81
RB Leipzig,DFL-CLU-000018,https://assets.bundesliga.com/clublogos/DFL-SEA-0001K9/DFL-CLU-000018.svg,assets/logos/rb-leipzig.svg,Christoph Baumgartner,DFL-OBJ-0028KN,christoph-baumgartner,14,Midfielder,1999-08-01,180,73,AUT,https://assets.bundesliga.com/player/dfl-obj-0028kn-dfl-clu-000017-dfl-sea-0001k9.png,assets/images/rb-leipzig/christoph-baumgartner.png,2021-2022,DFL-SEA-0001K5,29,7,2,48,18,30,461,5,0,0,244.2,33.19,29,39,1070,249,48
RB Leipzig,DFL-CLU-000018,https://assets.bundesliga.com/clublogos/DFL-SEA-0001K9/DFL-CLU-000018.svg,assets/logos/rb-leipzig.svg,Christoph Baumgartner,DFL-OBJ-0028KN,christoph-baumgartner,14,Midfielder,1999-08-01,180,73,AUT,https://assets.bundesliga.com/player/dfl-obj-0028kn-dfl-clu-000017-dfl-sea-0001k9.png,assets/images/rb-leipzig/christoph-baumgartner.png,2020-2021,DFL-SEA-0001K4,32,6,3,56,23,33,620,7,0,0,301.1,32.98,12,63,1462,366,69
RB Leipzig,DFL-CLU-000018,https://assets.bundesliga.com/clublogos/DFL-SEA-0001K9/DFL-CLU-000018.svg,assets/logos/rb-leipzig.svg,Christoph Baumgartner,DFL-OBJ-0028KN,christoph-baumgartner,14,Midfielder,1999-08-01,180,73,AUT,https://assets.bundesliga.com/player/dfl-obj-0028kn-dfl-clu-000017-dfl-sea-0001k9.png,assets/images/rb-leipzig/christoph-baumgartner.png,2019-2020,DFL-SEA-0001K3,26,7,2,59,26,33,437,3,0,0,201.1,33.8,6,32,823,226,46
RB Leipzig,DFL-CLU-000018,https://assets.bundesliga.com/clublogos/DFL-SEA-0001K9/DFL-CLU-000018.svg,assets/logos/rb-leipzig.svg,Conrad Harder Weibel Schandorf,DFL-OBJ-J01U8L,conrad-harder,11,Striker,2005-04-07,185,71,DNK,https://assets.bundesliga.com/player/dfl-obj-j01u8l-dfl-clu-000017-dfl-sea-0001k9.png,assets/images/rb-leipzig/conrad-harder.png,2025-2026,DFL-SEA-0001K9,29,3,3,44,14,30,375,3,0,0,133.7,34.65,8,20,395,127,26
RB Leipzig,DFL-CLU-000018,https://assets.bundesliga.com/clublogos/DFL-SEA-0001K9/DFL-CLU-000018.svg,assets/logos/rb-leipzig.svg,David Raum,DFL-OBJ-0027IT,david-raum,22,Defender,1998-04-22,180,75,DEU,https://assets.bundesliga.com/player/dfl-obj-0027it-dfl-clu-000017-dfl-sea-0001k9.png,assets/images/rb-leipzig/david-raum.png,2025-2026,DFL-SEA-0001K9,30,3,7,22,8,14,524,6,0,0,316.6,34.63,71,29,2622,218,23
RB Leipzig,DFL-CLU-000018,https://assets.bundesliga.com/clublogos/DFL-SEA-0001K9/DFL-CLU-000018.svg,assets/logos/rb-leipzig.svg,David Raum,DFL-OBJ-0027IT,david-raum,22,Defender,1998-04-22,180,75,DEU,https://assets.bundesliga.com/player/dfl-obj-0027it-dfl-clu-000017-dfl-sea-0001k9.png,assets/images/rb-leipzig/david-raum.png,2024-2025,DFL-SEA-0001K8,22,1,5,9,4,5,549,5,0,0,218.5,35.25,79,22,1452,180,19
RB Leipzig,DFL-CLU-000018,https://assets.bundesliga.com/clublogos/DFL-SEA-0001K9/DFL-CLU-000018.svg,assets/logos/rb-leipzig.svg,David Raum,DFL-OBJ-0027IT,david-raum,22,Defender,1998-04-22,180,75,DEU,https://assets.bundesliga.com/player/dfl-obj-0027it-dfl-clu-000017-dfl-sea-0001k9.png,assets/images/rb-leipzig/david-raum.png,2023-2024,DFL-SEA-0001K7,31,2,8,14,4,10,758,6,0,0,298.3,34.95,141,27,2540,251,27
RB Leipzig,DFL-CLU-000018,https://assets.bundesliga.com/clublogos/DFL-SEA-0001K9/DFL-CLU-000018.svg,assets/logos/rb-leipzig.svg,David Raum,DFL-OBJ-0027IT,david-raum,22,Defender,1998-04-22,180,75,DEU,https://assets.bundesliga.com/player/dfl-obj-0027it-dfl-clu-000017-dfl-sea-0001k9.png,assets/images/rb-leipzig/david-raum.png,2022-2023,DFL-SEA-0001K6,28,0,2,15,5,10,542,5,0,0,179.6,35.57,73,20,1410,158,19
RB Leipzig,DFL-CLU-000018,https://assets.bundesliga.com/clublogos/DFL-SEA-0001K9/DFL-CLU-000018.svg,assets/logos/rb-leipzig.svg,David Raum,DFL-OBJ-0027IT,david-raum,22,Defender,1998-04-22,180,75,DEU,https://assets.bundesliga.com/player/dfl-obj-0027it-dfl-clu-000017-dfl-sea-0001k9.png,assets/images/rb-leipzig/david-raum.png,2021-2022,DFL-SEA-0001K5,32,3,11,24,8,16,1063,5,0,0,356.2,34.78,188,23,2416,308,36
RB Leipzig,DFL-CLU-000018,https://assets.bundesliga.com/clublogos/DFL-SEA-0001K9/DFL-CLU-000018.svg,assets/logos/rb-leipzig.svg,El Chadaille Bitshiabu,DFL-OBJ-J01K70,el-chadaille-bitshiabu,5,Defender,2005-05-16,196,95,"FRA , COD",https://assets.bundesliga.com/player/dfl-obj-j01k70-dfl-clu-000017-dfl-sea-0001k9.png,assets/images/rb-leipzig/el-chadaille-bitshiabu.png,2025-2026,DFL-SEA-0001K9,11,0,0,2,0,2,88,0,0,0,73,33.97,0,4,684,45,14
RB Leipzig,DFL-CLU-000018,https://assets.bundesliga.com/clublogos/DFL-SEA-0001K9/DFL-CLU-000018.svg,assets/logos/rb-leipzig.svg,El Chadaille Bitshiabu,DFL-OBJ-J01K70,el-chadaille-bitshiabu,5,Defender,2005-05-16,196,95,"FRA , COD",https://assets.bundesliga.com/player/dfl-obj-j01k70-dfl-clu-000017-dfl-sea-0001k9.png,assets/images/rb-leipzig/el-chadaille-bitshiabu.png,2024-2025,DFL-SEA-0001K8,21,0,0,5,3,2,291,2,0,0,130.7,35.07,3,8,1095,124,25
RB Leipzig,DFL-CLU-000018,https://assets.bundesliga.com/clublogos/DFL-SEA-0001K9/DFL-CLU-000018.svg,assets/logos/rb-leipzig.svg,El Chadaille Bitshiabu,DFL-OBJ-J01K70,el-chadaille-bitshiabu,5,Defender,2005-05-16,196,95,"FRA , COD",https://assets.bundesliga.com/player/dfl-obj-j01k70-dfl-clu-000017-dfl-sea-0001k9.png,assets/images/rb-leipzig/el-chadaille-bitshiabu.png,2023-2024,DFL-SEA-0001K7,6,0,0,0,0,0,22,0,0,0,7.9,33.51,2,0,71,5,2
RB Leipzig,DFL-CLU-000018,https://assets.bundesliga.com/clublogos/DFL-SEA-0001K9/DFL-CLU-000018.svg,assets/logos/rb-leipzig.svg,Ezechiel Banzuzi,DFL-OBJ-J01O02,ezechiel-banzuzi,6,Midfielder,2005-02-16,191,80,"NLD , COD",https://assets.bundesliga.com/player/dfl-obj-j01o02-dfl-clu-000017-dfl-sea-0001k9.png,assets/images/rb-leipzig/ezechiel-banzuzi.png,2025-2026,DFL-SEA-0001K9,24,0,1,15,4,11,193,3,0,0,85.9,33.66,1,13,413,83,30
RB Leipzig,DFL-CLU-000018,https://assets.bundesliga.com/clublogos/DFL-SEA-0001K9/DFL-CLU-000018.svg,assets/logos/rb-leipzig.svg,Saint-Cyr Johan Bakayoko,DFL-OBJ-J01N5L,johan-bakayoko,9,Striker,2003-04-20,179,73,"BEL , CIV",https://assets.bundesliga.com/player/dfl-obj-j01n5l-dfl-clu-000017-dfl-sea-0001k9.png,assets/images/rb-leipzig/johan-bakayoko.png,2025-2026,DFL-SEA-0001K9,20,2,0,23,9,14,131,1,0,0,97.3,33.44,11,11,431,105,2
RB Leipzig,DFL-CLU-000018,https://assets.bundesliga.com/clublogos/DFL-SEA-0001K9/DFL-CLU-000018.svg,assets/logos/rb-leipzig.svg,Kosta Nedeljkovic,DFL-OBJ-J02320,kosta-nedeljkovic,19,Defender,2005-12-16,184,72,SRB,https://assets.bundesliga.com/player/dfl-obj-j02320-dfl-clu-000017-dfl-sea-0001k9.png,assets/images/rb-leipzig/kosta-nedeljkovic.png,2025-2026,DFL-SEA-0001K9,5,0,0,0,0,0,62,0,0,0,31.6,32.61,5,1,177,19,2
RB Leipzig,DFL-CLU-000018,https://assets.bundesliga.com/clublogos/DFL-SEA-0001K9/DFL-CLU-000018.svg,assets/logos/rb-leipzig.svg,Kosta Nedeljkovic,DFL-OBJ-J02320,kosta-nedeljkovic,19,Defender,2005-12-16,184,72,SRB,https://assets.bundesliga.com/player/dfl-obj-j02320-dfl-clu-000017-dfl-sea-0001k9.png,assets/images/rb-leipzig/kosta-nedeljkovic.png,2024-2025,DFL-SEA-0001K8,10,0,0,4,0,4,212,1,0,0,62.2,34.34,13,6,299,35,1
RB Leipzig,DFL-CLU-000018,https://assets.bundesliga.com/clublogos/DFL-SEA-0001K9/DFL-CLU-000018.svg,assets/logos/rb-leipzig.svg,Leopold Zingerle,DFL-OBJ-0002BB,leopold-zingerle,25,Goalkeeper,1994-04-10,185,78,DEU,https://assets.bundesliga.com/player/dfl-obj-0002bb-dfl-clu-000017-dfl-sea-0001k9.png,assets/images/rb-leipzig/leopold-zingerle.png,2019-2020,DFL-SEA-0001K3,28,0,0,0,0,0,9,1,0,0,149.1,28.87,0,0,1392,0,0
RB Leipzig,DFL-CLU-000018,https://assets.bundesliga.com/clublogos/DFL-SEA-0001K9/DFL-CLU-000018.svg,assets/logos/rb-leipzig.svg,Lukas Manuel Klostermann,DFL-OBJ-0002AD,lukas-klostermann,16,Defender,1996-06-03,187,88,DEU,https://assets.bundesliga.com/player/dfl-obj-0002ad-dfl-clu-000017-dfl-sea-0001k9.png,assets/images/rb-leipzig/lukas-klostermann.png,2025-2026,DFL-SEA-0001K9,5,0,1,2,1,1,13,0,0,0,13.1,31,0,0,72,7,2
RB Leipzig,DFL-CLU-000018,https://assets.bundesliga.com/clublogos/DFL-SEA-0001K9/DFL-CLU-000018.svg,assets/logos/rb-leipzig.svg,Lukas Manuel Klostermann,DFL-OBJ-0002AD,lukas-klostermann,16,Defender,1996-06-03,187,88,DEU,https://assets.bundesliga.com/player/dfl-obj-0002ad-dfl-clu-000017-dfl-sea-0001k9.png,assets/images/rb-leipzig/lukas-klostermann.png,2024-2025,DFL-SEA-0001K8,28,1,0,4,2,2,364,5,0,0,221.5,34.61,8,13,1522,159,29
RB Leipzig,DFL-CLU-000018,https://assets.bundesliga.com/clublogos/DFL-SEA-0001K9/DFL-CLU-000018.svg,assets/logos/rb-leipzig.svg,Lukas Manuel Klostermann,DFL-OBJ-0002AD,lukas-klostermann,16,Defender,1996-06-03,187,88,DEU,https://assets.bundesliga.com/player/dfl-obj-0002ad-dfl-clu-000017-dfl-sea-0001k9.png,assets/images/rb-leipzig/lukas-klostermann.png,2023-2024,DFL-SEA-0001K7,25,1,0,6,2,4,240,3,0,0,148.4,34.75,6,11,1333,108,25
RB Leipzig,DFL-CLU-000018,https://assets.bundesliga.com/clublogos/DFL-SEA-0001K9/DFL-CLU-000018.svg,assets/logos/rb-leipzig.svg,Lukas Manuel Klostermann,DFL-OBJ-0002AD,lukas-klostermann,16,Defender,1996-06-03,187,88,DEU,https://assets.bundesliga.com/player/dfl-obj-0002ad-dfl-clu-000017-dfl-sea-0001k9.png,assets/images/rb-leipzig/lukas-klostermann.png,2022-2023,DFL-SEA-0001K6,15,0,0,5,1,4,179,0,0,0,109.5,34.4,3,6,902,80,21
RB Leipzig,DFL-CLU-000018,https://assets.bundesliga.com/clublogos/DFL-SEA-0001K9/DFL-CLU-000018.svg,assets/logos/rb-leipzig.svg,Lukas Manuel Klostermann,DFL-OBJ-0002AD,lukas-klostermann,16,Defender,1996-06-03,187,88,DEU,https://assets.bundesliga.com/player/dfl-obj-0002ad-dfl-clu-000017-dfl-sea-0001k9.png,assets/images/rb-leipzig/lukas-klostermann.png,2021-2022,DFL-SEA-0001K5,23,1,1,7,1,6,339,1,0,0,195.2,35.97,3,9,1311,141,34
RB Leipzig,DFL-CLU-000018,https://assets.bundesliga.com/clublogos/DFL-SEA-0001K9/DFL-CLU-000018.svg,assets/logos/rb-leipzig.svg,Lukas Manuel Klostermann,DFL-OBJ-0002AD,lukas-klostermann,16,Defender,1996-06-03,187,88,DEU,https://assets.bundesliga.com/player/dfl-obj-0002ad-dfl-clu-000017-dfl-sea-0001k9.png,assets/images/rb-leipzig/lukas-klostermann.png,2020-2021,DFL-SEA-0001K4,24,1,0,12,2,10,346,2,0,0,178.6,35.22,6,6,1355,129,27
RB Leipzig,DFL-CLU-000018,https://assets.bundesliga.com/clublogos/DFL-SEA-0001K9/DFL-CLU-000018.svg,assets/logos/rb-leipzig.svg,Lukas Manuel Klostermann,DFL-OBJ-0002AD,lukas-klostermann,16,Defender,1996-06-03,187,88,DEU,https://assets.bundesliga.com/player/dfl-obj-0002ad-dfl-clu-000017-dfl-sea-0001k9.png,assets/images/rb-leipzig/lukas-klostermann.png,2019-2020,DFL-SEA-0001K3,31,3,1,12,7,5,670,1,0,0,325.4,35.1,20,11,2157,248,55
RB Leipzig,DFL-CLU-000018,https://assets.bundesliga.com/clublogos/DFL-SEA-0001K9/DFL-CLU-000018.svg,assets/logos/rb-leipzig.svg,Maarten Vandevoordt,DFL-OBJ-J01BPG,maarten-vandevoordt,26,Goalkeeper,2002-02-26,192,71,BEL,https://assets.bundesliga.com/player/dfl-obj-j01bpg-dfl-clu-000017-dfl-sea-0001k9.png,assets/images/rb-leipzig/maarten-vandevoordt.png,2025-2026,DFL-SEA-0001K9,12,0,0,0,0,0,8,0,0,0,78.1,28.13,0,0,522,0,0
RB Leipzig,DFL-CLU-000018,https://assets.bundesliga.com/clublogos/DFL-SEA-0001K9/DFL-CLU-000018.svg,assets/logos/rb-leipzig.svg,Maarten Vandevoordt,DFL-OBJ-J01BPG,maarten-vandevoordt,26,Goalkeeper,2002-02-26,192,71,BEL,https://assets.bundesliga.com/player/dfl-obj-j01bpg-dfl-clu-000017-dfl-sea-0001k9.png,assets/images/rb-leipzig/maarten-vandevoordt.png,2024-2025,DFL-SEA-0001K8,6,0,0,0,0,0,5,0,0,0,30.6,26.85,0,0,213,0,0
RB Leipzig,DFL-CLU-000018,https://assets.bundesliga.com/clublogos/DFL-SEA-0001K9/DFL-CLU-000018.svg,assets/logos/rb-leipzig.svg,Max Finkgräfe,DFL-OBJ-J01SNF,max-finkgrafe,35,Defender,2004-03-27,183,77,DEU,https://assets.bundesliga.com/player/dfl-obj-j01snf-dfl-clu-000017-dfl-sea-0001k9.png,assets/images/rb-leipzig/max-finkgrafe.png,2025-2026,DFL-SEA-0001K9,13,1,1,4,2,2,134,2,0,0,66.8,34,9,3,489,53,2
RB Leipzig,DFL-CLU-000018,https://assets.bundesliga.com/clublogos/DFL-SEA-0001K9/DFL-CLU-000018.svg,assets/logos/rb-leipzig.svg,Max Finkgräfe,DFL-OBJ-J01SNF,max-finkgrafe,35,Defender,2004-03-27,183,77,DEU,https://assets.bundesliga.com/player/dfl-obj-j01snf-dfl-clu-000017-dfl-sea-0001k9.png,assets/images/rb-leipzig/max-finkgrafe.png,2023-2024,DFL-SEA-0001K7,24,1,0,12,4,8,509,4,0,0,211.9,34.22,42,19,1196,236,27
RB Leipzig,DFL-CLU-000018,https://assets.bundesliga.com/clublogos/DFL-SEA-0001K9/DFL-CLU-000018.svg,assets/logos/rb-leipzig.svg,Nicolas Seiwald,DFL-OBJ-J01FO9,nicolas-seiwald,13,Midfielder,2001-05-04,179,79,AUT,https://assets.bundesliga.com/player/dfl-obj-j01fo9-dfl-clu-000017-dfl-sea-0001k9.png,assets/images/rb-leipzig/nicolas-seiwald.png,2025-2026,DFL-SEA-0001K9,33,0,2,18,8,10,437,2,0,0,345.1,34.71,3,18,1814,248,35
RB Leipzig,DFL-CLU-000018,https://assets.bundesliga.com/clublogos/DFL-SEA-0001K9/DFL-CLU-000018.svg,assets/logos/rb-leipzig.svg,Nicolas Seiwald,DFL-OBJ-J01FO9,nicolas-seiwald,13,Midfielder,2001-05-04,179,79,AUT,https://assets.bundesliga.com/player/dfl-obj-j01fo9-dfl-clu-000017-dfl-sea-0001k9.png,assets/images/rb-leipzig/nicolas-seiwald.png,2024-2025,DFL-SEA-0001K8,30,0,0,6,0,6,524,2,0,0,262,33.11,12,27,1670,233,25
RB Leipzig,DFL-CLU-000018,https://assets.bundesliga.com/clublogos/DFL-SEA-0001K9/DFL-CLU-000018.svg,assets/logos/rb-leipzig.svg,Nicolas Seiwald,DFL-OBJ-J01FO9,nicolas-seiwald,13,Midfielder,2001-05-04,179,79,AUT,https://assets.bundesliga.com/player/dfl-obj-j01fo9-dfl-clu-000017-dfl-sea-0001k9.png,assets/images/rb-leipzig/nicolas-seiwald.png,2023-2024,DFL-SEA-0001K7,21,0,2,0,0,0,119,1,0,0,82.1,33.28,1,5,490,74,6
RB Leipzig,DFL-CLU-000018,https://assets.bundesliga.com/clublogos/DFL-SEA-0001K9/DFL-CLU-000018.svg,assets/logos/rb-leipzig.svg,Ole Werner,DFL-OBJ-002G73,ole-werner,,RB Leipzig,1988-05-04,189,,DEU,https://assets.bundesliga.com/person/dfl-obj-002g73-dfl-clu-000017-dfl-sea-0001k9.png,assets/images/rb-leipzig/ole-werner.png,2025-2026,DFL-SEA-0001K9,,,,,,,,,,,,,,,,,
RB Leipzig,DFL-CLU-000018,https://assets.bundesliga.com/clublogos/DFL-SEA-0001K9/DFL-CLU-000018.svg,assets/logos/rb-leipzig.svg,Péter Gulácsi,DFL-OBJ-002662,peter-gulacsi,1,Goalkeeper,1990-05-06,191,86,HUN,https://assets.bundesliga.com/player/dfl-obj-002662-dfl-clu-000017-dfl-sea-0001k9.png,assets/images/rb-leipzig/peter-gulacsi.png,2025-2026,DFL-SEA-0001K9,23,0,0,0,0,0,0,1,0,0,122.8,24.7,0,0,948,0,0
RB Leipzig,DFL-CLU-000018,https://assets.bundesliga.com/clublogos/DFL-SEA-0001K9/DFL-CLU-000018.svg,assets/logos/rb-leipzig.svg,Péter Gulácsi,DFL-OBJ-002662,peter-gulacsi,1,Goalkeeper,1990-05-06,191,86,HUN,https://assets.bundesliga.com/player/dfl-obj-002662-dfl-clu-000017-dfl-sea-0001k9.png,assets/images/rb-leipzig/peter-gulacsi.png,2024-2025,DFL-SEA-0001K8,30,0,0,0,0,0,11,0,0,0,161.6,25.99,0,0,1107,0,0
RB Leipzig,DFL-CLU-000018,https://assets.bundesliga.com/clublogos/DFL-SEA-0001K9/DFL-CLU-000018.svg,assets/logos/rb-leipzig.svg,Péter Gulácsi,DFL-OBJ-002662,peter-gulacsi,1,Goalkeeper,1990-05-06,191,86,HUN,https://assets.bundesliga.com/player/dfl-obj-002662-dfl-clu-000017-dfl-sea-0001k9.png,assets/images/rb-leipzig/peter-gulacsi.png,2023-2024,DFL-SEA-0001K7,13,0,0,0,0,0,3,0,0,0,61.5,30.55,0,0,539,0,0
RB Leipzig,DFL-CLU-000018,https://assets.bundesliga.com/clublogos/DFL-SEA-0001K9/DFL-CLU-000018.svg,assets/logos/rb-leipzig.svg,Péter Gulácsi,DFL-OBJ-002662,peter-gulacsi,1,Goalkeeper,1990-05-06,191,86,HUN,https://assets.bundesliga.com/player/dfl-obj-002662-dfl-clu-000017-dfl-sea-0001k9.png,assets/images/rb-leipzig/peter-gulacsi.png,2022-2023,DFL-SEA-0001K6,6,0,0,0,0,0,3,0,0,0,33.1,25.72,0,0,251,0,0
RB Leipzig,DFL-CLU-000018,https://assets.bundesliga.com/clublogos/DFL-SEA-0001K9/DFL-CLU-000018.svg,assets/logos/rb-leipzig.svg,Péter Gulácsi,DFL-OBJ-002662,peter-gulacsi,1,Goalkeeper,1990-05-06,191,86,HUN,https://assets.bundesliga.com/player/dfl-obj-002662-dfl-clu-000017-dfl-sea-0001k9.png,assets/images/rb-leipzig/peter-gulacsi.png,2021-2022,DFL-SEA-0001K5,33,0,0,0,0,0,14,1,0,0,179.1,26.96,0,0,1340,0,0
RB Leipzig,DFL-CLU-000018,https://assets.bundesliga.com/clublogos/DFL-SEA-0001K9/DFL-CLU-000018.svg,assets/logos/rb-leipzig.svg,Péter Gulácsi,DFL-OBJ-002662,peter-gulacsi,1,Goalkeeper,1990-05-06,191,86,HUN,https://assets.bundesliga.com/player/dfl-obj-002662-dfl-clu-000017-dfl-sea-0001k9.png,assets/images/rb-leipzig/peter-gulacsi.png,2020-2021,DFL-SEA-0001K4,33,0,0,0,0,0,21,0,0,0,182.8,31.51,0,0,1319,0,0
RB Leipzig,DFL-CLU-000018,https://assets.bundesliga.com/clublogos/DFL-SEA-0001K9/DFL-CLU-000018.svg,assets/logos/rb-leipzig.svg,Péter Gulácsi,DFL-OBJ-002662,peter-gulacsi,1,Goalkeeper,1990-05-06,191,86,HUN,https://assets.bundesliga.com/player/dfl-obj-002662-dfl-clu-000017-dfl-sea-0001k9.png,assets/images/rb-leipzig/peter-gulacsi.png,2019-2020,DFL-SEA-0001K3,32,0,1,0,0,0,9,0,0,0,186.5,29.04,0,0,1447,0,0
RB Leipzig,DFL-CLU-000018,https://assets.bundesliga.com/clublogos/DFL-SEA-0001K9/DFL-CLU-000018.svg,assets/logos/rb-leipzig.svg,Bote Ridle Nzuzi Baku,DFL-OBJ-0028CM,ridle-baku,17,Midfielder,1998-04-08,176,72,"DEU , COD",https://assets.bundesliga.com/player/dfl-obj-0028cm-dfl-clu-000017-dfl-sea-0001k9.png,assets/images/rb-leipzig/ridle-baku.png,2025-2026,DFL-SEA-0001K9,32,2,3,27,6,21,739,4,0,0,298.2,34.56,33,21,2359,232,16
RB Leipzig,DFL-CLU-000018,https://assets.bundesliga.com/clublogos/DFL-SEA-0001K9/DFL-CLU-000018.svg,assets/logos/rb-leipzig.svg,Bote Ridle Nzuzi Baku,DFL-OBJ-0028CM,ridle-baku,17,Midfielder,1998-04-08,176,72,"DEU , COD",https://assets.bundesliga.com/player/dfl-obj-0028cm-dfl-clu-000017-dfl-sea-0001k9.png,assets/images/rb-leipzig/ridle-baku.png,2024-2025,DFL-SEA-0001K8,34,4,4,32,11,21,1031,3,0,0,294.6,34.62,48,25,1531,279,19
RB Leipzig,DFL-CLU-000018,https://assets.bundesliga.com/clublogos/DFL-SEA-0001K9/DFL-CLU-000018.svg,assets/logos/rb-leipzig.svg,Bote Ridle Nzuzi Baku,DFL-OBJ-0028CM,ridle-baku,17,Midfielder,1998-04-08,176,72,"DEU , COD",https://assets.bundesliga.com/player/dfl-obj-0028cm-dfl-clu-000017-dfl-sea-0001k9.png,assets/images/rb-leipzig/ridle-baku.png,2023-2024,DFL-SEA-0001K7,33,1,0,24,9,15,794,4,0,0,241.9,34.55,32,22,1392,209,17
RB Leipzig,DFL-CLU-000018,https://assets.bundesliga.com/clublogos/DFL-SEA-0001K9/DFL-CLU-000018.svg,assets/logos/rb-leipzig.svg,Bote Ridle Nzuzi Baku,DFL-OBJ-0028CM,ridle-baku,17,Midfielder,1998-04-08,176,72,"DEU , COD",https://assets.bundesliga.com/player/dfl-obj-0028cm-dfl-clu-000017-dfl-sea-0001k9.png,assets/images/rb-leipzig/ridle-baku.png,2022-2023,DFL-SEA-0001K6,33,5,3,30,13,17,965,6,0,0,295.4,34.19,53,27,2003,253,28
RB Leipzig,DFL-CLU-000018,https://assets.bundesliga.com/clublogos/DFL-SEA-0001K9/DFL-CLU-000018.svg,assets/logos/rb-leipzig.svg,Bote Ridle Nzuzi Baku,DFL-OBJ-0028CM,ridle-baku,17,Midfielder,1998-04-08,176,72,"DEU , COD",https://assets.bundesliga.com/player/dfl-obj-0028cm-dfl-clu-000017-dfl-sea-0001k9.png,assets/images/rb-leipzig/ridle-baku.png,2021-2022,DFL-SEA-0001K5,34,3,5,35,8,27,881,4,0,0,285.3,34.27,55,25,1798,290,30
RB Leipzig,DFL-CLU-000018,https://assets.bundesliga.com/clublogos/DFL-SEA-0001K9/DFL-CLU-000018.svg,assets/logos/rb-leipzig.svg,Bote Ridle Nzuzi Baku,DFL-OBJ-0028CM,ridle-baku,17,Midfielder,1998-04-08,176,72,"DEU , COD",https://assets.bundesliga.com/player/dfl-obj-0028cm-dfl-clu-000017-dfl-sea-0001k9.png,assets/images/rb-leipzig/ridle-baku.png,2020-2021,DFL-SEA-0001K4,35,6,6,36,14,22,1025,1,0,0,340.9,33.19,85,30,2083,338,14
RB Leipzig,DFL-CLU-000018,https://assets.bundesliga.com/clublogos/DFL-SEA-0001K9/DFL-CLU-000018.svg,assets/logos/rb-leipzig.svg,Bote Ridle Nzuzi Baku,DFL-OBJ-0028CM,ridle-baku,17,Midfielder,1998-04-08,176,72,"DEU , COD",https://assets.bundesliga.com/player/dfl-obj-0028cm-dfl-clu-000017-dfl-sea-0001k9.png,assets/images/rb-leipzig/ridle-baku.png,2019-2020,DFL-SEA-0001K3,30,1,3,22,6,16,815,5,0,0,292,34.67,65,33,1586,317,33
RB Leipzig,DFL-CLU-000018,https://assets.bundesliga.com/clublogos/DFL-SEA-0001K9/DFL-CLU-000018.svg,assets/logos/rb-leipzig.svg,Rômulo José Cardoso da Cruz,DFL-OBJ-J024LV,romulo,40,Striker,2002-02-08,193,79,BRA,https://assets.bundesliga.com/player/dfl-obj-j024lv-dfl-clu-000017-dfl-sea-0001k9.png,assets/images/rb-leipzig/romulo.png,2025-2026,DFL-SEA-0001K9,30,9,3,66,30,36,502,3,0,0,280.4,34.05,1,18,924,245,55
RB Leipzig,DFL-CLU-000018,https://assets.bundesliga.com/clublogos/DFL-SEA-0001K9/DFL-CLU-000018.svg,assets/logos/rb-leipzig.svg,Samba Moodee Gérard Konaté,DFL-OBJ-J0255R,samba-konate,45,Striker,2009-02-27,190,,"FRA , MLI",https://assets.bundesliga.com/player/dfl-obj-j0255r-dfl-clu-000017-dfl-sea-0001k9.png,assets/images/rb-leipzig/samba-konate.png,2025-2026,DFL-SEA-0001K9,1,0,0,1,0,1,5,0,0,0,1.2,30.29,0,0,2,1,0
RB Leipzig,DFL-CLU-000018,https://assets.bundesliga.com/clublogos/DFL-SEA-0001K9/DFL-CLU-000018.svg,assets/logos/rb-leipzig.svg,Suleman Sani,DFL-OBJ-J01V3U,suleman-sani,18,Striker,2006-09-01,175,78,NGA,https://assets.bundesliga.com/player/dfl-obj-j01v3u-dfl-clu-000017-dfl-sea-0001k9.png,assets/images/rb-leipzig/suleman-sani.png,2025-2026,DFL-SEA-0001K9,,,,,,,,,,,,,,,,,
RB Leipzig,DFL-CLU-000018,https://assets.bundesliga.com/clublogos/DFL-SEA-0001K9/DFL-CLU-000018.svg,assets/logos/rb-leipzig.svg,Tidiam Diadie Stephan Gomis,DFL-OBJ-J01U0S,tidiam-gomis,27,Striker,2006-08-08,183,71,"FRA , SEN",https://assets.bundesliga.com/player/dfl-obj-j01u0s-dfl-clu-000017-dfl-sea-0001k9.png,assets/images/rb-leipzig/tidiam-gomis.png,2025-2026,DFL-SEA-0001K9,18,1,0,10,4,6,169,1,0,0,54.3,34.86,1,3,205,49,4
RB Leipzig,DFL-CLU-000018,https://assets.bundesliga.com/clublogos/DFL-SEA-0001K9/DFL-CLU-000018.svg,assets/logos/rb-leipzig.svg,Tidiam Diadie Stephan Gomis,DFL-OBJ-J01U0S,tidiam-gomis,27,Striker,2006-08-08,183,71,"FRA , SEN",https://assets.bundesliga.com/player/dfl-obj-j01u0s-dfl-clu-000017-dfl-sea-0001k9.png,assets/images/rb-leipzig/tidiam-gomis.png,2024-2025,DFL-SEA-0001K8,8,0,1,4,1,3,98,2,0,0,23.2,35.92,4,3,75,14,1
RB Leipzig,DFL-CLU-000018,https://assets.bundesliga.com/clublogos/DFL-SEA-0001K9/DFL-CLU-000018.svg,assets/logos/rb-leipzig.svg,Viggo Gebel,DFL-OBJ-J021T4,viggo-gebel,47,Midfielder,2007-11-22,174,69,DEU,https://assets.bundesliga.com/player/dfl-obj-j021t4-dfl-clu-000017-dfl-sea-0001k9.png,assets/images/rb-leipzig/viggo-gebel.png,2024-2025,DFL-SEA-0001K8,1,0,0,0,0,0,8,0,0,0,2.1,29.9,0,0,6,2,1
RB Leipzig,DFL-CLU-000018,https://assets.bundesliga.com/clublogos/DFL-SEA-0001K9/DFL-CLU-000018.svg,assets/logos/rb-leipzig.svg,Willi Thomas Orbán,DFL-OBJ-0000HO,willi-orban,4,Defender,1992-11-03,186,87,"HUN , DEU",https://assets.bundesliga.com/player/dfl-obj-0000ho-dfl-clu-000017-dfl-sea-0001k9.png,assets/images/rb-leipzig/willi-orban.png,2025-2026,DFL-SEA-0001K9,33,2,0,21,9,12,315,4,0,0,339.2,32.87,6,21,2868,362,163
RB Leipzig,DFL-CLU-000018,https://assets.bundesliga.com/clublogos/DFL-SEA-0001K9/DFL-CLU-000018.svg,assets/logos/rb-leipzig.svg,Willi Thomas Orbán,DFL-OBJ-0000HO,willi-orban,4,Defender,1992-11-03,186,87,"HUN , DEU",https://assets.bundesliga.com/player/dfl-obj-0000ho-dfl-clu-000017-dfl-sea-0001k9.png,assets/images/rb-leipzig/willi-orban.png,2024-2025,DFL-SEA-0001K8,25,5,0,21,7,14,386,4,0,0,249.6,32.46,2,22,2187,274,121
RB Leipzig,DFL-CLU-000018,https://assets.bundesliga.com/clublogos/DFL-SEA-0001K9/DFL-CLU-000018.svg,assets/logos/rb-leipzig.svg,Willi Thomas Orbán,DFL-OBJ-0000HO,willi-orban,4,Defender,1992-11-03,186,87,"HUN , DEU",https://assets.bundesliga.com/player/dfl-obj-0000ho-dfl-clu-000017-dfl-sea-0001k9.png,assets/images/rb-leipzig/willi-orban.png,2023-2024,DFL-SEA-0001K7,19,0,0,10,3,7,201,2,0,0,162.6,32.99,0,15,1632,154,62
RB Leipzig,DFL-CLU-000018,https://assets.bundesliga.com/clublogos/DFL-SEA-0001K9/DFL-CLU-000018.svg,assets/logos/rb-leipzig.svg,Willi Thomas Orbán,DFL-OBJ-0000HO,willi-orban,4,Defender,1992-11-03,186,87,"HUN , DEU",https://assets.bundesliga.com/player/dfl-obj-0000ho-dfl-clu-000017-dfl-sea-0001k9.png,assets/images/rb-leipzig/willi-orban.png,2022-2023,DFL-SEA-0001K6,33,4,0,30,10,20,382,3,0,0,283.1,32.51,1,17,3098,351,136
RB Leipzig,DFL-CLU-000018,https://assets.bundesliga.com/clublogos/DFL-SEA-0001K9/DFL-CLU-000018.svg,assets/logos/rb-leipzig.svg,Willi Thomas Orbán,DFL-OBJ-0000HO,willi-orban,4,Defender,1992-11-03,186,87,"HUN , DEU",https://assets.bundesliga.com/player/dfl-obj-0000ho-dfl-clu-000017-dfl-sea-0001k9.png,assets/images/rb-leipzig/willi-orban.png,2021-2022,DFL-SEA-0001K5,30,2,1,21,8,13,387,1,0,0,294.2,32.47,4,12,2434,269,123
RB Leipzig,DFL-CLU-000018,https://assets.bundesliga.com/clublogos/DFL-SEA-0001K9/DFL-CLU-000018.svg,assets/logos/rb-leipzig.svg,Willi Thomas Orbán,DFL-OBJ-0000HO,willi-orban,4,Defender,1992-11-03,186,87,"HUN , DEU",https://assets.bundesliga.com/player/dfl-obj-0000ho-dfl-clu-000017-dfl-sea-0001k9.png,assets/images/rb-leipzig/willi-orban.png,2020-2021,DFL-SEA-0001K4,27,4,1,20,8,12,313,4,0,0,238.6,31.42,6,16,2425,307,136
RB Leipzig,DFL-CLU-000018,https://assets.bundesliga.com/clublogos/DFL-SEA-0001K9/DFL-CLU-000018.svg,assets/logos/rb-leipzig.svg,Willi Thomas Orbán,DFL-OBJ-0000HO,willi-orban,4,Defender,1992-11-03,186,87,"HUN , DEU",https://assets.bundesliga.com/player/dfl-obj-0000ho-dfl-clu-000017-dfl-sea-0001k9.png,assets/images/rb-leipzig/willi-orban.png,2019-2020,DFL-SEA-0001K3,12,1,0,7,3,4,121,0,0,0,99.6,31.56,0,5,727,108,44
RB Leipzig,DFL-CLU-000018,https://assets.bundesliga.com/clublogos/DFL-SEA-0001K9/DFL-CLU-000018.svg,assets/logos/rb-leipzig.svg,Xaver Schlager,DFL-OBJ-002G1U,xaver-schlager,24,Midfielder,1997-09-28,174,76,AUT,https://assets.bundesliga.com/player/dfl-obj-002g1u-dfl-clu-000017-dfl-sea-0001k9.png,assets/images/rb-leipzig/xaver-schlager.png,2025-2026,DFL-SEA-0001K9,26,3,1,20,7,13,231,6,0,0,236.2,32.63,6,25,1353,224,26
RB Leipzig,DFL-CLU-000018,https://assets.bundesliga.com/clublogos/DFL-SEA-0001K9/DFL-CLU-000018.svg,assets/logos/rb-leipzig.svg,Xaver Schlager,DFL-OBJ-002G1U,xaver-schlager,24,Midfielder,1997-09-28,174,76,AUT,https://assets.bundesliga.com/player/dfl-obj-002g1u-dfl-clu-000017-dfl-sea-0001k9.png,assets/images/rb-leipzig/xaver-schlager.png,2024-2025,DFL-SEA-0001K8,4,0,0,1,0,1,36,1,0,0,22.7,30.18,0,4,128,22,1
RB Leipzig,DFL-CLU-000018,https://assets.bundesliga.com/clublogos/DFL-SEA-0001K9/DFL-CLU-000018.svg,assets/logos/rb-leipzig.svg,Xaver Schlager,DFL-OBJ-002G1U,xaver-schlager,24,Midfielder,1997-09-28,174,76,AUT,https://assets.bundesliga.com/player/dfl-obj-002g1u-dfl-clu-000017-dfl-sea-0001k9.png,assets/images/rb-leipzig/xaver-schlager.png,2023-2024,DFL-SEA-0001K7,29,0,5,21,3,18,362,7,0,0,274.6,33.02,3,33,2148,282,28
RB Leipzig,DFL-CLU-000018,https://assets.bundesliga.com/clublogos/DFL-SEA-0001K9/DFL-CLU-000018.svg,assets/logos/rb-leipzig.svg,Xaver Schlager,DFL-OBJ-002G1U,xaver-schlager,24,Midfielder,1997-09-28,174,76,AUT,https://assets.bundesliga.com/player/dfl-obj-002g1u-dfl-clu-000017-dfl-sea-0001k9.png,assets/images/rb-leipzig/xaver-schlager.png,2022-2023,DFL-SEA-0001K6,22,1,1,5,1,4,193,2,0,0,156.9,33.6,3,24,1154,202,20
RB Leipzig,DFL-CLU-000018,https://assets.bundesliga.com/clublogos/DFL-SEA-0001K9/DFL-CLU-000018.svg,assets/logos/rb-leipzig.svg,Xaver Schlager,DFL-OBJ-002G1U,xaver-schlager,24,Midfielder,1997-09-28,174,76,AUT,https://assets.bundesliga.com/player/dfl-obj-002g1u-dfl-clu-000017-dfl-sea-0001k9.png,assets/images/rb-leipzig/xaver-schlager.png,2021-2022,DFL-SEA-0001K5,14,0,1,12,1,11,205,2,0,0,125.8,32.12,4,22,618,159,15
RB Leipzig,DFL-CLU-000018,https://assets.bundesliga.com/clublogos/DFL-SEA-0001K9/DFL-CLU-000018.svg,assets/logos/rb-leipzig.svg,Xaver Schlager,DFL-OBJ-002G1U,xaver-schlager,24,Midfielder,1997-09-28,174,76,AUT,https://assets.bundesliga.com/player/dfl-obj-002g1u-dfl-clu-000017-dfl-sea-0001k9.png,assets/images/rb-leipzig/xaver-schlager.png,2020-2021,DFL-SEA-0001K4,35,2,4,48,4,44,501,7,0,0,329.4,32.26,6,47,1740,428,59
RB Leipzig,DFL-CLU-000018,https://assets.bundesliga.com/clublogos/DFL-SEA-0001K9/DFL-CLU-000018.svg,assets/logos/rb-leipzig.svg,Xaver Schlager,DFL-OBJ-002G1U,xaver-schlager,24,Midfielder,1997-09-28,174,76,AUT,https://assets.bundesliga.com/player/dfl-obj-002g1u-dfl-clu-000017-dfl-sea-0001k9.png,assets/images/rb-leipzig/xaver-schlager.png,2019-2020,DFL-SEA-0001K3,23,1,2,32,8,24,353,4,0,0,217.2,32.18,7,34,950,242,28
RB Leipzig,DFL-CLU-000018,https://assets.bundesliga.com/clublogos/DFL-SEA-0001K9/DFL-CLU-000018.svg,assets/logos/rb-leipzig.svg,Yan Diomande,DFL-OBJ-J024CC,yan-diomande,49,Striker,2006-11-14,181,77,CIV,https://assets.bundesliga.com/player/dfl-obj-j024cc-dfl-clu-000017-dfl-sea-0001k9.png,assets/images/rb-leipzig/yan-diomande.png,2025-2026,DFL-SEA-0001K9,33,12,8,51,25,26,716,2,0,0,281.3,36.3,27,19,1697,437,7
Freiburg,DFL-CLU-00000L,https://assets.bundesliga.com/clublogos/DFL-SEA-0001K9/DFL-CLU-00000L.svg,assets/logos/sport-club-freiburg.svg,Anthony Jung,DFL-OBJ-00019U,anthony-jung,5,Defender,1991-11-03,186,83,"DEU , ESP",https://assets.bundesliga.com/player/dfl-obj-00019u-dfl-clu-00000a-dfl-sea-0001k9.png,assets/images/sport-club-freiburg/anthony-jung.png,2025-2026,DFL-SEA-0001K9,12,0,0,1,0,1,65,2,0,0,66.9,31.7,0,5,405,35,14
Freiburg,DFL-CLU-00000L,https://assets.bundesliga.com/clublogos/DFL-SEA-0001K9/DFL-CLU-00000L.svg,assets/logos/sport-club-freiburg.svg,Anthony Jung,DFL-OBJ-00019U,anthony-jung,5,Defender,1991-11-03,186,83,"DEU , ESP",https://assets.bundesliga.com/player/dfl-obj-00019u-dfl-clu-00000a-dfl-sea-0001k9.png,assets/images/sport-club-freiburg/anthony-jung.png,2024-2025,DFL-SEA-0001K8,28,0,0,1,0,1,335,1,0,0,224.5,32.92,1,8,1776,153,45
Freiburg,DFL-CLU-00000L,https://assets.bundesliga.com/clublogos/DFL-SEA-0001K9/DFL-CLU-00000L.svg,assets/logos/sport-club-freiburg.svg,Anthony Jung,DFL-OBJ-00019U,anthony-jung,5,Defender,1991-11-03,186,83,"DEU , ESP",https://assets.bundesliga.com/player/dfl-obj-00019u-dfl-clu-00000a-dfl-sea-0001k9.png,assets/images/sport-club-freiburg/anthony-jung.png,2023-2024,DFL-SEA-0001K7,31,1,0,2,1,1,480,4,0,0,306.9,32.38,13,16,2126,196,48
Freiburg,DFL-CLU-00000L,https://assets.bundesliga.com/clublogos/DFL-SEA-0001K9/DFL-CLU-00000L.svg,assets/logos/sport-club-freiburg.svg,Anthony Jung,DFL-OBJ-00019U,anthony-jung,5,Defender,1991-11-03,186,83,"DEU , ESP",https://assets.bundesliga.com/player/dfl-obj-00019u-dfl-clu-00000a-dfl-sea-0001k9.png,assets/images/sport-club-freiburg/anthony-jung.png,2022-2023,DFL-SEA-0001K6,34,2,5,18,6,12,584,2,0,0,252,31.54,35,23,1747,222,52
Freiburg,DFL-CLU-00000L,https://assets.bundesliga.com/clublogos/DFL-SEA-0001K9/DFL-CLU-00000L.svg,assets/logos/sport-club-freiburg.svg,Bruno Ifechukwu Ogbus,DFL-OBJ-J01XA7,bruno-ogbus,43,Defender,2005-12-17,185,84,"CHE , NGA",https://assets.bundesliga.com/player/dfl-obj-j01xa7-dfl-clu-00000a-dfl-sea-0001k9.png,assets/images/sport-club-freiburg/bruno-ogbus.png,2025-2026,DFL-SEA-0001K9,18,0,0,5,2,3,182,1,0,0,142.3,34.99,1,6,861,120,28
Freiburg,DFL-CLU-00000L,https://assets.bundesliga.com/clublogos/DFL-SEA-0001K9/DFL-CLU-00000L.svg,assets/logos/sport-club-freiburg.svg,Bruno Ifechukwu Ogbus,DFL-OBJ-J01XA7,bruno-ogbus,43,Defender,2005-12-17,185,84,"CHE , NGA",https://assets.bundesliga.com/player/dfl-obj-j01xa7-dfl-clu-00000a-dfl-sea-0001k9.png,assets/images/sport-club-freiburg/bruno-ogbus.png,2024-2025,DFL-SEA-0001K8,2,0,0,0,0,0,9,0,0,0,3.5,30.74,0,1,15,2,0
Freiburg,DFL-CLU-00000L,https://assets.bundesliga.com/clublogos/DFL-SEA-0001K9/DFL-CLU-00000L.svg,assets/logos/sport-club-freiburg.svg,Christian Günter,DFL-OBJ-00017V,christian-gunter,30,Defender,1993-02-28,185,87,DEU,https://assets.bundesliga.com/player/dfl-obj-00017v-dfl-clu-00000a-dfl-sea-0001k9.png,assets/images/sport-club-freiburg/christian-gunter.png,2025-2026,DFL-SEA-0001K9,24,0,3,9,0,9,292,3,0,0,190.2,34.54,35,8,855,82,9
Freiburg,DFL-CLU-00000L,https://assets.bundesliga.com/clublogos/DFL-SEA-0001K9/DFL-CLU-00000L.svg,assets/logos/sport-club-freiburg.svg,Christian Günter,DFL-OBJ-00017V,christian-gunter,30,Defender,1993-02-28,185,87,DEU,https://assets.bundesliga.com/player/dfl-obj-00017v-dfl-clu-00000a-dfl-sea-0001k9.png,assets/images/sport-club-freiburg/christian-gunter.png,2024-2025,DFL-SEA-0001K8,29,2,2,23,6,17,650,0,0,0,277.1,35.87,61,12,1338,97,8
Freiburg,DFL-CLU-00000L,https://assets.bundesliga.com/clublogos/DFL-SEA-0001K9/DFL-CLU-00000L.svg,assets/logos/sport-club-freiburg.svg,Christian Günter,DFL-OBJ-00017V,christian-gunter,30,Defender,1993-02-28,185,87,DEU,https://assets.bundesliga.com/player/dfl-obj-00017v-dfl-clu-00000a-dfl-sea-0001k9.png,assets/images/sport-club-freiburg/christian-gunter.png,2023-2024,DFL-SEA-0001K7,15,1,2,6,2,4,277,1,0,0,124.2,34.45,36,8,602,56,4
Freiburg,DFL-CLU-00000L,https://assets.bundesliga.com/clublogos/DFL-SEA-0001K9/DFL-CLU-00000L.svg,assets/logos/sport-club-freiburg.svg,Christian Günter,DFL-OBJ-00017V,christian-gunter,30,Defender,1993-02-28,185,87,DEU,https://assets.bundesliga.com/player/dfl-obj-00017v-dfl-clu-00000a-dfl-sea-0001k9.png,assets/images/sport-club-freiburg/christian-gunter.png,2022-2023,DFL-SEA-0001K6,33,1,4,27,7,20,590,5,0,0,284.4,34.83,83,31,1591,151,14
Freiburg,DFL-CLU-00000L,https://assets.bundesliga.com/clublogos/DFL-SEA-0001K9/DFL-CLU-00000L.svg,assets/logos/sport-club-freiburg.svg,Christian Günter,DFL-OBJ-00017V,christian-gunter,30,Defender,1993-02-28,185,87,DEU,https://assets.bundesliga.com/player/dfl-obj-00017v-dfl-clu-00000a-dfl-sea-0001k9.png,assets/images/sport-club-freiburg/christian-gunter.png,2021-2022,DFL-SEA-0001K5,34,2,9,24,7,17,791,2,0,0,362.6,34.17,95,35,1977,184,17
Freiburg,DFL-CLU-00000L,https://assets.bundesliga.com/clublogos/DFL-SEA-0001K9/DFL-CLU-00000L.svg,assets/logos/sport-club-freiburg.svg,Christian Günter,DFL-OBJ-00017V,christian-gunter,30,Defender,1993-02-28,185,87,DEU,https://assets.bundesliga.com/player/dfl-obj-00017v-dfl-clu-00000a-dfl-sea-0001k9.png,assets/images/sport-club-freiburg/christian-gunter.png,2020-2021,DFL-SEA-0001K4,34,3,3,25,7,18,854,2,0,0,361.1,34.96,108,30,1969,220,22
Freiburg,DFL-CLU-00000L,https://assets.bundesliga.com/clublogos/DFL-SEA-0001K9/DFL-CLU-00000L.svg,assets/logos/sport-club-freiburg.svg,Christian Günter,DFL-OBJ-00017V,christian-gunter,30,Defender,1993-02-28,185,87,DEU,https://assets.bundesliga.com/player/dfl-obj-00017v-dfl-clu-00000a-dfl-sea-0001k9.png,assets/images/sport-club-freiburg/christian-gunter.png,2019-2020,DFL-SEA-0001K3,34,2,8,33,9,24,808,2,0,0,362.4,35.06,115,19,1978,189,16
Freiburg,DFL-CLU-00000L,https://assets.bundesliga.com/clublogos/DFL-SEA-0001K9/DFL-CLU-00000L.svg,assets/logos/sport-club-freiburg.svg,Cyriaque Kalou Bi Irié,DFL-OBJ-J0244O,cyriaque-irie,22,Striker,2005-06-20,186,87,"BFA , CIV",https://assets.bundesliga.com/player/dfl-obj-j0244o-dfl-clu-00000a-dfl-sea-0001k9.png,assets/images/sport-club-freiburg/cyriaque-irie.png,2025-2026,DFL-SEA-0001K9,10,0,0,8,3,5,128,3,0,0,48.8,35.03,2,9,207,59,4
Freiburg,DFL-CLU-00000L,https://assets.bundesliga.com/clublogos/DFL-SEA-0001K9/DFL-CLU-00000L.svg,assets/logos/sport-club-freiburg.svg,Daniel Kofi Kyereh,DFL-OBJ-002FZD,daniel-kofi-kyereh,11,Midfielder,1996-03-08,179,73,"GHA , DEU",https://assets.bundesliga.com/player/dfl-obj-002fzd-dfl-clu-00000a-dfl-sea-0001k9.png,assets/images/sport-club-freiburg/daniel-kofi-kyereh.png,2022-2023,DFL-SEA-0001K6,12,2,0,12,5,7,103,2,0,0,60.7,32.34,1,12,269,57,9
Freiburg,DFL-CLU-00000L,https://assets.bundesliga.com/clublogos/DFL-SEA-0001K9/DFL-CLU-00000L.svg,assets/logos/sport-club-freiburg.svg,Derry Lionel Scherhant,DFL-OBJ-J01OYI,derry-scherhant,7,Striker,2002-11-10,185,78,DEU,https://assets.bundesliga.com/player/dfl-obj-j01oyi-dfl-clu-00000a-dfl-sea-0001k9.png,assets/images/sport-club-freiburg/derry-scherhant.png,2025-2026,DFL-SEA-0001K9,31,5,1,36,13,23,258,2,0,0,174.5,34.21,21,15,638,185,6
Freiburg,DFL-CLU-00000L,https://assets.bundesliga.com/clublogos/DFL-SEA-0001K9/DFL-CLU-00000L.svg,assets/logos/sport-club-freiburg.svg,Derry Lionel Scherhant,DFL-OBJ-J01OYI,derry-scherhant,7,Striker,2002-11-10,185,78,DEU,https://assets.bundesliga.com/player/dfl-obj-j01oyi-dfl-clu-00000a-dfl-sea-0001k9.png,assets/images/sport-club-freiburg/derry-scherhant.png,2022-2023,DFL-SEA-0001K6,10,1,0,4,1,3,89,0,0,0,28,33.42,1,1,113,33,4
Freiburg,DFL-CLU-00000L,https://assets.bundesliga.com/clublogos/DFL-SEA-0001K9/DFL-CLU-00000L.svg,assets/logos/sport-club-freiburg.svg,Florian Lorenz Müller,DFL-OBJ-0027U0,florian-muller,21,Goalkeeper,1997-11-13,190,88,DEU,https://assets.bundesliga.com/player/dfl-obj-0027u0-dfl-clu-00000a-dfl-sea-0001k9.png,assets/images/sport-club-freiburg/florian-muller.png,2024-2025,DFL-SEA-0001K8,9,0,0,0,0,0,5,0,0,0,42.1,27.13,0,0,373,0,0
Freiburg,DFL-CLU-00000L,https://assets.bundesliga.com/clublogos/DFL-SEA-0001K9/DFL-CLU-00000L.svg,assets/logos/sport-club-freiburg.svg,Florian Lorenz Müller,DFL-OBJ-0027U0,florian-muller,21,Goalkeeper,1997-11-13,190,88,DEU,https://assets.bundesliga.com/player/dfl-obj-0027u0-dfl-clu-00000a-dfl-sea-0001k9.png,assets/images/sport-club-freiburg/florian-muller.png,2022-2023,DFL-SEA-0001K6,19,0,0,0,0,0,15,0,0,0,77.9,29.33,1,0,835,0,0
Freiburg,DFL-CLU-00000L,https://assets.bundesliga.com/clublogos/DFL-SEA-0001K9/DFL-CLU-00000L.svg,assets/logos/sport-club-freiburg.svg,Florian Lorenz Müller,DFL-OBJ-0027U0,florian-muller,21,Goalkeeper,1997-11-13,190,88,DEU,https://assets.bundesliga.com/player/dfl-obj-0027u0-dfl-clu-00000a-dfl-sea-0001k9.png,assets/images/sport-club-freiburg/florian-muller.png,2021-2022,DFL-SEA-0001K5,30,0,0,0,0,0,26,0,0,0,167.4,29.16,0,0,1216,0,0
Freiburg,DFL-CLU-00000L,https://assets.bundesliga.com/clublogos/DFL-SEA-0001K9/DFL-CLU-00000L.svg,assets/logos/sport-club-freiburg.svg,Florian Lorenz Müller,DFL-OBJ-0027U0,florian-muller,21,Goalkeeper,1997-11-13,190,88,DEU,https://assets.bundesliga.com/player/dfl-obj-0027u0-dfl-clu-00000a-dfl-sea-0001k9.png,assets/images/sport-club-freiburg/florian-muller.png,2020-2021,DFL-SEA-0001K4,33,0,0,0,0,0,18,0,0,0,181.9,32.67,0,0,1531,0,0
Freiburg,DFL-CLU-00000L,https://assets.bundesliga.com/clublogos/DFL-SEA-0001K9/DFL-CLU-00000L.svg,assets/logos/sport-club-freiburg.svg,Florian Lorenz Müller,DFL-OBJ-0027U0,florian-muller,21,Goalkeeper,1997-11-13,190,88,DEU,https://assets.bundesliga.com/player/dfl-obj-0027u0-dfl-clu-00000a-dfl-sea-0001k9.png,assets/images/sport-club-freiburg/florian-muller.png,2019-2020,DFL-SEA-0001K3,10,0,0,0,0,0,5,0,0,0,48.7,29.37,0,0,462,0,0
Freiburg,DFL-CLU-00000L,https://assets.bundesliga.com/clublogos/DFL-SEA-0001K9/DFL-CLU-00000L.svg,assets/logos/sport-club-freiburg.svg,Igor Matanović,DFL-OBJ-002GMV,igor-matanovic,31,Striker,2003-03-31,194,90,"HRV , DEU",https://assets.bundesliga.com/player/dfl-obj-002gmv-dfl-clu-00000a-dfl-sea-0001k9.png,assets/images/sport-club-freiburg/igor-matanovic.png,2025-2026,DFL-SEA-0001K9,31,11,2,50,20,30,335,0,0,0,206.7,33.7,0,42,659,236,81
Freiburg,DFL-CLU-00000L,https://assets.bundesliga.com/clublogos/DFL-SEA-0001K9/DFL-CLU-00000L.svg,assets/logos/sport-club-freiburg.svg,Igor Matanović,DFL-OBJ-002GMV,igor-matanovic,31,Striker,2003-03-31,194,90,"HRV , DEU",https://assets.bundesliga.com/player/dfl-obj-002gmv-dfl-clu-00000a-dfl-sea-0001k9.png,assets/images/sport-club-freiburg/igor-matanovic.png,2024-2025,DFL-SEA-0001K8,16,1,0,11,6,5,107,0,0,0,45.8,33.64,0,6,146,55,13
Freiburg,DFL-CLU-00000L,https://assets.bundesliga.com/clublogos/DFL-SEA-0001K9/DFL-CLU-00000L.svg,assets/logos/sport-club-freiburg.svg,Jannik Huth,DFL-OBJ-0026OO,jannik-huth,24,Goalkeeper,1994-04-15,183,80,DEU,https://assets.bundesliga.com/player/dfl-obj-0026oo-dfl-clu-00000a-dfl-sea-0001k9.png,assets/images/sport-club-freiburg/jannik-huth.png,2019-2020,DFL-SEA-0001K3,6,0,0,0,0,0,3,0,0,0,30.6,31.8,0,0,285,0,0
Freiburg,DFL-CLU-00000L,https://assets.bundesliga.com/clublogos/DFL-SEA-0001K9/DFL-CLU-00000L.svg,assets/logos/sport-club-freiburg.svg,Johan Manzambi,DFL-OBJ-J01WX3,johan-manzambi,44,Midfielder,2005-10-14,182,75,CHE,https://assets.bundesliga.com/player/dfl-obj-j01wx3-dfl-clu-00000a-dfl-sea-0001k9.png,assets/images/sport-club-freiburg/johan-manzambi.png,2025-2026,DFL-SEA-0001K9,27,5,4,48,14,34,239,4,0,0,258.5,32.26,20,18,1492,294,39
Freiburg,DFL-CLU-00000L,https://assets.bundesliga.com/clublogos/DFL-SEA-0001K9/DFL-CLU-00000L.svg,assets/logos/sport-club-freiburg.svg,Johan Manzambi,DFL-OBJ-J01WX3,johan-manzambi,44,Midfielder,2005-10-14,182,75,CHE,https://assets.bundesliga.com/player/dfl-obj-j01wx3-dfl-clu-00000a-dfl-sea-0001k9.png,assets/images/sport-club-freiburg/johan-manzambi.png,2024-2025,DFL-SEA-0001K8,11,2,1,11,3,8,68,2,0,0,43.7,30.45,2,6,222,52,11
Freiburg,DFL-CLU-00000L,https://assets.bundesliga.com/clublogos/DFL-SEA-0001K9/DFL-CLU-00000L.svg,assets/logos/sport-club-freiburg.svg,Jordy Makengo Basambundu,DFL-OBJ-J01IB2,jordy-makengo,33,Defender,2001-08-03,191,78,"FRA , COD",https://assets.bundesliga.com/player/dfl-obj-j01ib2-dfl-clu-00000a-dfl-sea-0001k9.png,assets/images/sport-club-freiburg/jordy-makengo.png,2025-2026,DFL-SEA-0001K9,20,0,1,0,0,0,276,1,0,0,145.5,34.13,25,8,703,103,17
Freiburg,DFL-CLU-00000L,https://assets.bundesliga.com/clublogos/DFL-SEA-0001K9/DFL-CLU-00000L.svg,assets/logos/sport-club-freiburg.svg,Jordy Makengo Basambundu,DFL-OBJ-J01IB2,jordy-makengo,33,Defender,2001-08-03,191,78,"FRA , COD",https://assets.bundesliga.com/player/dfl-obj-j01ib2-dfl-clu-00000a-dfl-sea-0001k9.png,assets/images/sport-club-freiburg/jordy-makengo.png,2024-2025,DFL-SEA-0001K8,19,0,0,0,0,0,263,1,0,0,92.8,34.85,24,4,414,59,7
Freiburg,DFL-CLU-00000L,https://assets.bundesliga.com/clublogos/DFL-SEA-0001K9/DFL-CLU-00000L.svg,assets/logos/sport-club-freiburg.svg,Jordy Makengo Basambundu,DFL-OBJ-J01IB2,jordy-makengo,33,Defender,2001-08-03,191,78,"FRA , COD",https://assets.bundesliga.com/player/dfl-obj-j01ib2-dfl-clu-00000a-dfl-sea-0001k9.png,assets/images/sport-club-freiburg/jordy-makengo.png,2023-2024,DFL-SEA-0001K7,20,0,0,2,0,2,359,1,0,0,129.9,35.05,19,13,714,107,22
Freiburg,DFL-CLU-00000L,https://assets.bundesliga.com/clublogos/DFL-SEA-0001K9/DFL-CLU-00000L.svg,assets/logos/sport-club-freiburg.svg,Julian Schuster,DFL-OBJ-000013,julian-schuster,,Freiburg,1985-04-15,189,,DEU,https://assets.bundesliga.com/person/dfl-obj-000013-dfl-clu-00000a-dfl-sea-0001k9.png,assets/images/sport-club-freiburg/julian-schuster.png,2025-2026,DFL-SEA-0001K9,,,,,,,,,,,,,,,,,
Freiburg,DFL-CLU-00000L,https://assets.bundesliga.com/clublogos/DFL-SEA-0001K9/DFL-CLU-00000L.svg,assets/logos/sport-club-freiburg.svg,Karl Steinmann,DFL-OBJ-J01XAC,karl-steinmann,65,Defender,2005-12-13,186,81,DEU,https://assets.bundesliga.com/player/dfl-obj-j01xac-dfl-clu-00000a-dfl-sea-0001k9.png,assets/images/sport-club-freiburg/karl-steinmann.png,2025-2026,DFL-SEA-0001K9,,,,,,,,,,,,,,,,,
Freiburg,DFL-CLU-00000L,https://assets.bundesliga.com/clublogos/DFL-SEA-0001K9/DFL-CLU-00000L.svg,assets/logos/sport-club-freiburg.svg,Lucas Höler,DFL-OBJ-0027B9,lucas-holer,9,Striker,1994-07-10,184,83,DEU,https://assets.bundesliga.com/player/dfl-obj-0027b9-dfl-clu-00000a-dfl-sea-0001k9.png,assets/images/sport-club-freiburg/lucas-holer.png,2025-2026,DFL-SEA-0001K9,33,3,1,34,19,15,327,4,0,0,262.5,32.63,9,29,877,231,71
Freiburg,DFL-CLU-00000L,https://assets.bundesliga.com/clublogos/DFL-SEA-0001K9/DFL-CLU-00000L.svg,assets/logos/sport-club-freiburg.svg,Lucas Höler,DFL-OBJ-0027B9,lucas-holer,9,Striker,1994-07-10,184,83,DEU,https://assets.bundesliga.com/player/dfl-obj-0027b9-dfl-clu-00000a-dfl-sea-0001k9.png,assets/images/sport-club-freiburg/lucas-holer.png,2024-2025,DFL-SEA-0001K8,31,6,4,35,20,15,540,3,0,0,244.9,33.3,13,29,883,266,88
Freiburg,DFL-CLU-00000L,https://assets.bundesliga.com/clublogos/DFL-SEA-0001K9/DFL-CLU-00000L.svg,assets/logos/sport-club-freiburg.svg,Lucas Höler,DFL-OBJ-0027B9,lucas-holer,9,Striker,1994-07-10,184,83,DEU,https://assets.bundesliga.com/player/dfl-obj-0027b9-dfl-clu-00000a-dfl-sea-0001k9.png,assets/images/sport-club-freiburg/lucas-holer.png,2023-2024,DFL-SEA-0001K7,33,7,2,32,19,13,549,7,0,0,293.4,33.56,9,24,1037,270,90
Freiburg,DFL-CLU-00000L,https://assets.bundesliga.com/clublogos/DFL-SEA-0001K9/DFL-CLU-00000L.svg,assets/logos/sport-club-freiburg.svg,Lucas Höler,DFL-OBJ-0027B9,lucas-holer,9,Striker,1994-07-10,184,83,DEU,https://assets.bundesliga.com/player/dfl-obj-0027b9-dfl-clu-00000a-dfl-sea-0001k9.png,assets/images/sport-club-freiburg/lucas-holer.png,2022-2023,DFL-SEA-0001K6,26,5,2,30,15,15,348,1,0,0,179.8,32.45,12,20,688,232,70
Freiburg,DFL-CLU-00000L,https://assets.bundesliga.com/clublogos/DFL-SEA-0001K9/DFL-CLU-00000L.svg,assets/logos/sport-club-freiburg.svg,Lucas Höler,DFL-OBJ-0027B9,lucas-holer,9,Striker,1994-07-10,184,83,DEU,https://assets.bundesliga.com/player/dfl-obj-0027b9-dfl-clu-00000a-dfl-sea-0001k9.png,assets/images/sport-club-freiburg/lucas-holer.png,2021-2022,DFL-SEA-0001K5,34,7,2,58,26,32,741,2,0,0,325.3,33.6,25,36,1380,437,133
Freiburg,DFL-CLU-00000L,https://assets.bundesliga.com/clublogos/DFL-SEA-0001K9/DFL-CLU-00000L.svg,assets/logos/sport-club-freiburg.svg,Lucas Höler,DFL-OBJ-0027B9,lucas-holer,9,Striker,1994-07-10,184,83,DEU,https://assets.bundesliga.com/player/dfl-obj-0027b9-dfl-clu-00000a-dfl-sea-0001k9.png,assets/images/sport-club-freiburg/lucas-holer.png,2020-2021,DFL-SEA-0001K4,32,4,4,41,14,27,645,5,0,0,261.3,33.09,17,24,1065,336,81
Freiburg,DFL-CLU-00000L,https://assets.bundesliga.com/clublogos/DFL-SEA-0001K9/DFL-CLU-00000L.svg,assets/logos/sport-club-freiburg.svg,Lucas Höler,DFL-OBJ-0027B9,lucas-holer,9,Striker,1994-07-10,184,83,DEU,https://assets.bundesliga.com/player/dfl-obj-0027b9-dfl-clu-00000a-dfl-sea-0001k9.png,assets/images/sport-club-freiburg/lucas-holer.png,2019-2020,DFL-SEA-0001K3,34,8,2,52,23,29,776,4,0,0,327.1,33.43,19,34,1102,375,83
Freiburg,DFL-CLU-00000L,https://assets.bundesliga.com/clublogos/DFL-SEA-0001K9/DFL-CLU-00000L.svg,assets/logos/sport-club-freiburg.svg,Lukas Kübler,DFL-OBJ-00012Y,lukas-kubler,17,Defender,1992-08-30,181,75,DEU,https://assets.bundesliga.com/player/dfl-obj-00012y-dfl-clu-00000a-dfl-sea-0001k9.png,assets/images/sport-club-freiburg/lukas-kubler.png,2025-2026,DFL-SEA-0001K9,23,2,2,16,6,10,241,3,0,0,200.9,34.27,23,21,1078,181,51
Freiburg,DFL-CLU-00000L,https://assets.bundesliga.com/clublogos/DFL-SEA-0001K9/DFL-CLU-00000L.svg,assets/logos/sport-club-freiburg.svg,Lukas Kübler,DFL-OBJ-00012Y,lukas-kubler,17,Defender,1992-08-30,181,75,DEU,https://assets.bundesliga.com/player/dfl-obj-00012y-dfl-clu-00000a-dfl-sea-0001k9.png,assets/images/sport-club-freiburg/lukas-kubler.png,2024-2025,DFL-SEA-0001K8,28,5,1,18,11,7,397,5,0,0,230.3,34.3,26,20,1351,199,45
Freiburg,DFL-CLU-00000L,https://assets.bundesliga.com/clublogos/DFL-SEA-0001K9/DFL-CLU-00000L.svg,assets/logos/sport-club-freiburg.svg,Lukas Kübler,DFL-OBJ-00012Y,lukas-kubler,17,Defender,1992-08-30,181,75,DEU,https://assets.bundesliga.com/player/dfl-obj-00012y-dfl-clu-00000a-dfl-sea-0001k9.png,assets/images/sport-club-freiburg/lukas-kubler.png,2023-2024,DFL-SEA-0001K7,26,1,0,8,3,5,345,7,0,0,225.9,36.08,17,19,1305,204,47
Freiburg,DFL-CLU-00000L,https://assets.bundesliga.com/clublogos/DFL-SEA-0001K9/DFL-CLU-00000L.svg,assets/logos/sport-club-freiburg.svg,Lukas Kübler,DFL-OBJ-00012Y,lukas-kubler,17,Defender,1992-08-30,181,75,DEU,https://assets.bundesliga.com/player/dfl-obj-00012y-dfl-clu-00000a-dfl-sea-0001k9.png,assets/images/sport-club-freiburg/lukas-kubler.png,2022-2023,DFL-SEA-0001K6,22,2,1,9,5,4,284,1,0,0,179.1,34.71,21,17,1043,161,39
Freiburg,DFL-CLU-00000L,https://assets.bundesliga.com/clublogos/DFL-SEA-0001K9/DFL-CLU-00000L.svg,assets/logos/sport-club-freiburg.svg,Lukas Kübler,DFL-OBJ-00012Y,lukas-kubler,17,Defender,1992-08-30,181,75,DEU,https://assets.bundesliga.com/player/dfl-obj-00012y-dfl-clu-00000a-dfl-sea-0001k9.png,assets/images/sport-club-freiburg/lukas-kubler.png,2021-2022,DFL-SEA-0001K5,29,2,0,13,7,6,479,2,0,0,282.8,34.2,39,24,1572,242,57
Freiburg,DFL-CLU-00000L,https://assets.bundesliga.com/clublogos/DFL-SEA-0001K9/DFL-CLU-00000L.svg,assets/logos/sport-club-freiburg.svg,Lukas Kübler,DFL-OBJ-00012Y,lukas-kubler,17,Defender,1992-08-30,181,75,DEU,https://assets.bundesliga.com/player/dfl-obj-00012y-dfl-clu-00000a-dfl-sea-0001k9.png,assets/images/sport-club-freiburg/lukas-kubler.png,2020-2021,DFL-SEA-0001K4,19,0,1,2,1,1,164,2,0,0,108.3,33.94,19,17,553,111,29
Freiburg,DFL-CLU-00000L,https://assets.bundesliga.com/clublogos/DFL-SEA-0001K9/DFL-CLU-00000L.svg,assets/logos/sport-club-freiburg.svg,Lukas Kübler,DFL-OBJ-00012Y,lukas-kubler,17,Defender,1992-08-30,181,75,DEU,https://assets.bundesliga.com/player/dfl-obj-00012y-dfl-clu-00000a-dfl-sea-0001k9.png,assets/images/sport-club-freiburg/lukas-kubler.png,2019-2020,DFL-SEA-0001K3,5,0,0,2,1,1,38,1,0,0,26.2,31.82,1,2,120,20,7
Freiburg,DFL-CLU-00000L,https://assets.bundesliga.com/clublogos/DFL-SEA-0001K9/DFL-CLU-00000L.svg,assets/logos/sport-club-freiburg.svg,Matthias Lukas Ginter,DFL-OBJ-0000ZS,matthias-ginter,28,Defender,1994-01-19,191,86,DEU,https://assets.bundesliga.com/player/dfl-obj-0000zs-dfl-clu-00000a-dfl-sea-0001k9.png,assets/images/sport-club-freiburg/matthias-ginter.png,2025-2026,DFL-SEA-0001K9,32,3,4,15,6,9,182,3,0,0,323.2,31.93,11,16,2216,230,118
Freiburg,DFL-CLU-00000L,https://assets.bundesliga.com/clublogos/DFL-SEA-0001K9/DFL-CLU-00000L.svg,assets/logos/sport-club-freiburg.svg,Matthias Lukas Ginter,DFL-OBJ-0000ZS,matthias-ginter,28,Defender,1994-01-19,191,86,DEU,https://assets.bundesliga.com/player/dfl-obj-0000zs-dfl-clu-00000a-dfl-sea-0001k9.png,assets/images/sport-club-freiburg/matthias-ginter.png,2024-2025,DFL-SEA-0001K8,32,2,1,21,5,16,265,5,0,0,287.6,31.56,3,12,1866,216,98
Freiburg,DFL-CLU-00000L,https://assets.bundesliga.com/clublogos/DFL-SEA-0001K9/DFL-CLU-00000L.svg,assets/logos/sport-club-freiburg.svg,Matthias Lukas Ginter,DFL-OBJ-0000ZS,matthias-ginter,28,Defender,1994-01-19,191,86,DEU,https://assets.bundesliga.com/player/dfl-obj-0000zs-dfl-clu-00000a-dfl-sea-0001k9.png,assets/images/sport-club-freiburg/matthias-ginter.png,2023-2024,DFL-SEA-0001K7,23,0,2,9,4,5,229,3,0,0,217.5,31.53,8,6,1490,149,56
Freiburg,DFL-CLU-00000L,https://assets.bundesliga.com/clublogos/DFL-SEA-0001K9/DFL-CLU-00000L.svg,assets/logos/sport-club-freiburg.svg,Matthias Lukas Ginter,DFL-OBJ-0000ZS,matthias-ginter,28,Defender,1994-01-19,191,86,DEU,https://assets.bundesliga.com/player/dfl-obj-0000zs-dfl-clu-00000a-dfl-sea-0001k9.png,assets/images/sport-club-freiburg/matthias-ginter.png,2022-2023,DFL-SEA-0001K6,34,4,1,20,12,8,285,3,0,0,303.7,32.52,7,23,2306,284,148
Freiburg,DFL-CLU-00000L,https://assets.bundesliga.com/clublogos/DFL-SEA-0001K9/DFL-CLU-00000L.svg,assets/logos/sport-club-freiburg.svg,Matthias Lukas Ginter,DFL-OBJ-0000ZS,matthias-ginter,28,Defender,1994-01-19,191,86,DEU,https://assets.bundesliga.com/player/dfl-obj-0000zs-dfl-clu-00000a-dfl-sea-0001k9.png,assets/images/sport-club-freiburg/matthias-ginter.png,2021-2022,DFL-SEA-0001K5,28,1,1,27,13,14,349,2,0,0,263.7,31.91,15,8,2101,229,91
Freiburg,DFL-CLU-00000L,https://assets.bundesliga.com/clublogos/DFL-SEA-0001K9/DFL-CLU-00000L.svg,assets/logos/sport-club-freiburg.svg,Matthias Lukas Ginter,DFL-OBJ-0000ZS,matthias-ginter,28,Defender,1994-01-19,191,86,DEU,https://assets.bundesliga.com/player/dfl-obj-0000zs-dfl-clu-00000a-dfl-sea-0001k9.png,assets/images/sport-club-freiburg/matthias-ginter.png,2020-2021,DFL-SEA-0001K4,34,2,1,23,7,16,372,2,0,0,354.5,32.92,13,9,2785,268,131
Freiburg,DFL-CLU-00000L,https://assets.bundesliga.com/clublogos/DFL-SEA-0001K9/DFL-CLU-00000L.svg,assets/logos/sport-club-freiburg.svg,Matthias Lukas Ginter,DFL-OBJ-0000ZS,matthias-ginter,28,Defender,1994-01-19,191,86,DEU,https://assets.bundesliga.com/player/dfl-obj-0000zs-dfl-clu-00000a-dfl-sea-0001k9.png,assets/images/sport-club-freiburg/matthias-ginter.png,2019-2020,DFL-SEA-0001K3,31,1,1,18,7,11,365,2,0,0,323.2,32.42,4,12,2535,249,119
Freiburg,DFL-CLU-00000L,https://assets.bundesliga.com/clublogos/DFL-SEA-0001K9/DFL-CLU-00000L.svg,assets/logos/sport-club-freiburg.svg,Maximilian Rosenfelder,DFL-OBJ-J01D2O,max-rosenfelder,37,Defender,2003-02-10,186,76,DEU,https://assets.bundesliga.com/player/dfl-obj-j01d2o-dfl-clu-00000a-dfl-sea-0001k9.png,assets/images/sport-club-freiburg/max-rosenfelder.png,2025-2026,DFL-SEA-0001K9,12,0,0,0,0,0,85,0,0,0,57.6,34.64,0,2,332,49,7
Freiburg,DFL-CLU-00000L,https://assets.bundesliga.com/clublogos/DFL-SEA-0001K9/DFL-CLU-00000L.svg,assets/logos/sport-club-freiburg.svg,Maximilian Rosenfelder,DFL-OBJ-J01D2O,max-rosenfelder,37,Defender,2003-02-10,186,76,DEU,https://assets.bundesliga.com/player/dfl-obj-j01d2o-dfl-clu-00000a-dfl-sea-0001k9.png,assets/images/sport-club-freiburg/max-rosenfelder.png,2024-2025,DFL-SEA-0001K8,25,1,0,4,1,3,286,2,0,0,144.9,35.91,6,7,896,127,24
Freiburg,DFL-CLU-00000L,https://assets.bundesliga.com/clublogos/DFL-SEA-0001K9/DFL-CLU-00000L.svg,assets/logos/sport-club-freiburg.svg,Maximilian Eggestein,DFL-OBJ-00258B,maximilian-eggestein,8,Midfielder,1996-12-08,181,77,DEU,https://assets.bundesliga.com/player/dfl-obj-00258b-dfl-clu-00000a-dfl-sea-0001k9.png,assets/images/sport-club-freiburg/maximilian-eggestein.png,2025-2026,DFL-SEA-0001K9,34,3,1,41,13,28,241,4,0,0,406.9,32.18,10,17,1949,290,63
Freiburg,DFL-CLU-00000L,https://assets.bundesliga.com/clublogos/DFL-SEA-0001K9/DFL-CLU-00000L.svg,assets/logos/sport-club-freiburg.svg,Maximilian Eggestein,DFL-OBJ-00258B,maximilian-eggestein,8,Midfielder,1996-12-08,181,77,DEU,https://assets.bundesliga.com/player/dfl-obj-00258b-dfl-clu-00000a-dfl-sea-0001k9.png,assets/images/sport-club-freiburg/maximilian-eggestein.png,2024-2025,DFL-SEA-0001K8,33,2,0,35,11,24,504,4,0,0,370.5,31.73,8,20,1808,271,70
Freiburg,DFL-CLU-00000L,https://assets.bundesliga.com/clublogos/DFL-SEA-0001K9/DFL-CLU-00000L.svg,assets/logos/sport-club-freiburg.svg,Maximilian Eggestein,DFL-OBJ-00258B,maximilian-eggestein,8,Midfielder,1996-12-08,181,77,DEU,https://assets.bundesliga.com/player/dfl-obj-00258b-dfl-clu-00000a-dfl-sea-0001k9.png,assets/images/sport-club-freiburg/maximilian-eggestein.png,2023-2024,DFL-SEA-0001K7,33,1,1,39,7,32,571,6,0,0,374.1,32.34,6,32,1667,266,48
Freiburg,DFL-CLU-00000L,https://assets.bundesliga.com/clublogos/DFL-SEA-0001K9/DFL-CLU-00000L.svg,assets/logos/sport-club-freiburg.svg,Maximilian Eggestein,DFL-OBJ-00258B,maximilian-eggestein,8,Midfielder,1996-12-08,181,77,DEU,https://assets.bundesliga.com/player/dfl-obj-00258b-dfl-clu-00000a-dfl-sea-0001k9.png,assets/images/sport-club-freiburg/maximilian-eggestein.png,2022-2023,DFL-SEA-0001K6,31,1,2,16,4,12,428,6,0,0,266.9,31.14,10,27,1127,257,59
Freiburg,DFL-CLU-00000L,https://assets.bundesliga.com/clublogos/DFL-SEA-0001K9/DFL-CLU-00000L.svg,assets/logos/sport-club-freiburg.svg,Maximilian Eggestein,DFL-OBJ-00258B,maximilian-eggestein,8,Midfielder,1996-12-08,181,77,DEU,https://assets.bundesliga.com/player/dfl-obj-00258b-dfl-clu-00000a-dfl-sea-0001k9.png,assets/images/sport-club-freiburg/maximilian-eggestein.png,2021-2022,DFL-SEA-0001K5,31,1,2,24,7,17,438,2,0,0,283.2,31.49,10,29,1269,267,62
Freiburg,DFL-CLU-00000L,https://assets.bundesliga.com/clublogos/DFL-SEA-0001K9/DFL-CLU-00000L.svg,assets/logos/sport-club-freiburg.svg,Maximilian Eggestein,DFL-OBJ-00258B,maximilian-eggestein,8,Midfielder,1996-12-08,181,77,DEU,https://assets.bundesliga.com/player/dfl-obj-00258b-dfl-clu-00000a-dfl-sea-0001k9.png,assets/images/sport-club-freiburg/maximilian-eggestein.png,2020-2021,DFL-SEA-0001K4,36,2,5,22,5,17,570,5,0,0,408.6,31.35,13,28,1776,333,55
Freiburg,DFL-CLU-00000L,https://assets.bundesliga.com/clublogos/DFL-SEA-0001K9/DFL-CLU-00000L.svg,assets/logos/sport-club-freiburg.svg,Maximilian Eggestein,DFL-OBJ-00258B,maximilian-eggestein,8,Midfielder,1996-12-08,181,77,DEU,https://assets.bundesliga.com/player/dfl-obj-00258b-dfl-clu-00000a-dfl-sea-0001k9.png,assets/images/sport-club-freiburg/maximilian-eggestein.png,2019-2020,DFL-SEA-0001K3,32,1,3,44,12,32,593,6,0,0,372.5,33.42,20,26,1864,325,41
Freiburg,DFL-CLU-00000L,https://assets.bundesliga.com/clublogos/DFL-SEA-0001K9/DFL-CLU-00000L.svg,assets/logos/sport-club-freiburg.svg,Maximilian Marcus Philipp,DFL-OBJ-0002B9,maximilian-philipp,26,Striker,1994-03-01,183,76,DEU,https://assets.bundesliga.com/player/dfl-obj-0002b9-dfl-clu-00000a-dfl-sea-0001k9.png,assets/images/sport-club-freiburg/maximilian-philipp.png,2025-2026,DFL-SEA-0001K9,2,0,0,0,0,0,5,0,0,0,4,28.52,0,2,15,2,0
Freiburg,DFL-CLU-00000L,https://assets.bundesliga.com/clublogos/DFL-SEA-0001K9/DFL-CLU-00000L.svg,assets/logos/sport-club-freiburg.svg,Maximilian Marcus Philipp,DFL-OBJ-0002B9,maximilian-philipp,26,Striker,1994-03-01,183,76,DEU,https://assets.bundesliga.com/player/dfl-obj-0002b9-dfl-clu-00000a-dfl-sea-0001k9.png,assets/images/sport-club-freiburg/maximilian-philipp.png,2024-2025,DFL-SEA-0001K8,2,0,0,1,0,1,6,0,0,0,3.2,30.27,0,0,9,2,0
Freiburg,DFL-CLU-00000L,https://assets.bundesliga.com/clublogos/DFL-SEA-0001K9/DFL-CLU-00000L.svg,assets/logos/sport-club-freiburg.svg,Maximilian Marcus Philipp,DFL-OBJ-0002B9,maximilian-philipp,26,Striker,1994-03-01,183,76,DEU,https://assets.bundesliga.com/player/dfl-obj-0002b9-dfl-clu-00000a-dfl-sea-0001k9.png,assets/images/sport-club-freiburg/maximilian-philipp.png,2023-2024,DFL-SEA-0001K7,17,1,0,8,3,5,92,2,0,0,46.4,32.11,0,9,160,41,7
Freiburg,DFL-CLU-00000L,https://assets.bundesliga.com/clublogos/DFL-SEA-0001K9/DFL-CLU-00000L.svg,assets/logos/sport-club-freiburg.svg,Maximilian Marcus Philipp,DFL-OBJ-0002B9,maximilian-philipp,26,Striker,1994-03-01,183,76,DEU,https://assets.bundesliga.com/player/dfl-obj-0002b9-dfl-clu-00000a-dfl-sea-0001k9.png,assets/images/sport-club-freiburg/maximilian-philipp.png,2022-2023,DFL-SEA-0001K6,18,1,0,13,4,9,138,1,0,0,65.1,34.22,1,7,273,66,8
Freiburg,DFL-CLU-00000L,https://assets.bundesliga.com/clublogos/DFL-SEA-0001K9/DFL-CLU-00000L.svg,assets/logos/sport-club-freiburg.svg,Maximilian Marcus Philipp,DFL-OBJ-0002B9,maximilian-philipp,26,Striker,1994-03-01,183,76,DEU,https://assets.bundesliga.com/player/dfl-obj-0002b9-dfl-clu-00000a-dfl-sea-0001k9.png,assets/images/sport-club-freiburg/maximilian-philipp.png,2021-2022,DFL-SEA-0001K5,22,1,4,16,2,14,221,2,0,0,116.4,33.5,9,10,469,96,7
Freiburg,DFL-CLU-00000L,https://assets.bundesliga.com/clublogos/DFL-SEA-0001K9/DFL-CLU-00000L.svg,assets/logos/sport-club-freiburg.svg,Maximilian Marcus Philipp,DFL-OBJ-0002B9,maximilian-philipp,26,Striker,1994-03-01,183,76,DEU,https://assets.bundesliga.com/player/dfl-obj-0002b9-dfl-clu-00000a-dfl-sea-0001k9.png,assets/images/sport-club-freiburg/maximilian-philipp.png,2020-2021,DFL-SEA-0001K4,23,6,2,30,15,15,230,3,0,0,118.9,32.61,5,17,524,106,14
Freiburg,DFL-CLU-00000L,https://assets.bundesliga.com/clublogos/DFL-SEA-0001K9/DFL-CLU-00000L.svg,assets/logos/sport-club-freiburg.svg,Nicolas Höfler,DFL-OBJ-0000D9,nicolas-hofler,27,Midfielder,1990-03-09,181,81,DEU,https://assets.bundesliga.com/player/dfl-obj-0000d9-dfl-clu-00000a-dfl-sea-0001k9.png,assets/images/sport-club-freiburg/nicolas-hofler.png,2025-2026,DFL-SEA-0001K9,13,0,0,4,2,2,41,0,0,0,44.5,30.03,0,5,163,32,5
Freiburg,DFL-CLU-00000L,https://assets.bundesliga.com/clublogos/DFL-SEA-0001K9/DFL-CLU-00000L.svg,assets/logos/sport-club-freiburg.svg,Nicolas Höfler,DFL-OBJ-0000D9,nicolas-hofler,27,Midfielder,1990-03-09,181,81,DEU,https://assets.bundesliga.com/player/dfl-obj-0000d9-dfl-clu-00000a-dfl-sea-0001k9.png,assets/images/sport-club-freiburg/nicolas-hofler.png,2024-2025,DFL-SEA-0001K8,20,0,0,4,0,4,181,3,0,0,109.7,30.73,0,11,505,115,33
Freiburg,DFL-CLU-00000L,https://assets.bundesliga.com/clublogos/DFL-SEA-0001K9/DFL-CLU-00000L.svg,assets/logos/sport-club-freiburg.svg,Nicolas Höfler,DFL-OBJ-0000D9,nicolas-hofler,27,Midfielder,1990-03-09,181,81,DEU,https://assets.bundesliga.com/player/dfl-obj-0000d9-dfl-clu-00000a-dfl-sea-0001k9.png,assets/images/sport-club-freiburg/nicolas-hofler.png,2023-2024,DFL-SEA-0001K7,28,1,1,12,1,11,465,10,0,0,294.2,32.04,0,29,1468,263,68
Freiburg,DFL-CLU-00000L,https://assets.bundesliga.com/clublogos/DFL-SEA-0001K9/DFL-CLU-00000L.svg,assets/logos/sport-club-freiburg.svg,Nicolas Höfler,DFL-OBJ-0000D9,nicolas-hofler,27,Midfielder,1990-03-09,181,81,DEU,https://assets.bundesliga.com/player/dfl-obj-0000d9-dfl-clu-00000a-dfl-sea-0001k9.png,assets/images/sport-club-freiburg/nicolas-hofler.png,2022-2023,DFL-SEA-0001K6,32,0,1,20,4,16,512,9,0,0,307.1,31.76,0,63,1795,385,98
Freiburg,DFL-CLU-00000L,https://assets.bundesliga.com/clublogos/DFL-SEA-0001K9/DFL-CLU-00000L.svg,assets/logos/sport-club-freiburg.svg,Nicolas Höfler,DFL-OBJ-0000D9,nicolas-hofler,27,Midfielder,1990-03-09,181,81,DEU,https://assets.bundesliga.com/player/dfl-obj-0000d9-dfl-clu-00000a-dfl-sea-0001k9.png,assets/images/sport-club-freiburg/nicolas-hofler.png,2021-2022,DFL-SEA-0001K5,30,2,4,32,10,22,557,5,0,0,329.9,32.86,6,45,1635,345,65
Freiburg,DFL-CLU-00000L,https://assets.bundesliga.com/clublogos/DFL-SEA-0001K9/DFL-CLU-00000L.svg,assets/logos/sport-club-freiburg.svg,Nicolas Höfler,DFL-OBJ-0000D9,nicolas-hofler,27,Midfielder,1990-03-09,181,81,DEU,https://assets.bundesliga.com/player/dfl-obj-0000d9-dfl-clu-00000a-dfl-sea-0001k9.png,assets/images/sport-club-freiburg/nicolas-hofler.png,2020-2021,DFL-SEA-0001K4,31,1,3,20,8,12,612,11,0,0,343.9,31.62,9,68,1783,341,77
Freiburg,DFL-CLU-00000L,https://assets.bundesliga.com/clublogos/DFL-SEA-0001K9/DFL-CLU-00000L.svg,assets/logos/sport-club-freiburg.svg,Nicolas Höfler,DFL-OBJ-0000D9,nicolas-hofler,27,Midfielder,1990-03-09,181,81,DEU,https://assets.bundesliga.com/player/dfl-obj-0000d9-dfl-clu-00000a-dfl-sea-0001k9.png,assets/images/sport-club-freiburg/nicolas-hofler.png,2019-2020,DFL-SEA-0001K3,32,1,0,25,3,22,562,9,0,0,348.6,32.31,2,50,1950,385,72
Freiburg,DFL-CLU-00000L,https://assets.bundesliga.com/clublogos/DFL-SEA-0001K9/DFL-CLU-00000L.svg,assets/logos/sport-club-freiburg.svg,Jan-Niklas Beste,DFL-OBJ-0028B6,niklas-beste,19,Midfielder,1999-01-04,175,66,DEU,https://assets.bundesliga.com/player/dfl-obj-0028b6-dfl-clu-00000a-dfl-sea-0001k9.png,assets/images/sport-club-freiburg/niklas-beste.png,2025-2026,DFL-SEA-0001K9,28,2,2,25,14,11,559,5,0,0,208.7,33.48,42,16,901,176,5
Freiburg,DFL-CLU-00000L,https://assets.bundesliga.com/clublogos/DFL-SEA-0001K9/DFL-CLU-00000L.svg,assets/logos/sport-club-freiburg.svg,Jan-Niklas Beste,DFL-OBJ-0028B6,niklas-beste,19,Midfielder,1999-01-04,175,66,DEU,https://assets.bundesliga.com/player/dfl-obj-0028b6-dfl-clu-00000a-dfl-sea-0001k9.png,assets/images/sport-club-freiburg/niklas-beste.png,2024-2025,DFL-SEA-0001K8,12,0,1,7,2,5,120,0,0,0,31.6,34.26,9,3,145,22,1
Freiburg,DFL-CLU-00000L,https://assets.bundesliga.com/clublogos/DFL-SEA-0001K9/DFL-CLU-00000L.svg,assets/logos/sport-club-freiburg.svg,Jan-Niklas Beste,DFL-OBJ-0028B6,niklas-beste,19,Midfielder,1999-01-04,175,66,DEU,https://assets.bundesliga.com/player/dfl-obj-0028b6-dfl-clu-00000a-dfl-sea-0001k9.png,assets/images/sport-club-freiburg/niklas-beste.png,2023-2024,DFL-SEA-0001K7,31,8,11,52,19,33,926,4,0,0,271.2,34.25,78,25,1379,242,5
Freiburg,DFL-CLU-00000L,https://assets.bundesliga.com/clublogos/DFL-SEA-0001K9/DFL-CLU-00000L.svg,assets/logos/sport-club-freiburg.svg,Noah Atubolu,DFL-OBJ-002G6C,noah-atubolu,1,Goalkeeper,2002-05-25,190,96,"DEU , NGA",https://assets.bundesliga.com/player/dfl-obj-002g6c-dfl-clu-00000a-dfl-sea-0001k9.png,assets/images/sport-club-freiburg/noah-atubolu.png,2025-2026,DFL-SEA-0001K9,34,0,0,0,0,0,11,1,0,0,213.7,27.92,0,0,1744,0,0
Freiburg,DFL-CLU-00000L,https://assets.bundesliga.com/clublogos/DFL-SEA-0001K9/DFL-CLU-00000L.svg,assets/logos/sport-club-freiburg.svg,Noah Atubolu,DFL-OBJ-002G6C,noah-atubolu,1,Goalkeeper,2002-05-25,190,96,"DEU , NGA",https://assets.bundesliga.com/player/dfl-obj-002g6c-dfl-clu-00000a-dfl-sea-0001k9.png,assets/images/sport-club-freiburg/noah-atubolu.png,2024-2025,DFL-SEA-0001K8,26,0,0,0,0,0,16,2,0,0,157.3,32.5,0,0,1329,0,0
Freiburg,DFL-CLU-00000L,https://assets.bundesliga.com/clublogos/DFL-SEA-0001K9/DFL-CLU-00000L.svg,assets/logos/sport-club-freiburg.svg,Noah Atubolu,DFL-OBJ-002G6C,noah-atubolu,1,Goalkeeper,2002-05-25,190,96,"DEU , NGA",https://assets.bundesliga.com/player/dfl-obj-002g6c-dfl-clu-00000a-dfl-sea-0001k9.png,assets/images/sport-club-freiburg/noah-atubolu.png,2023-2024,DFL-SEA-0001K7,34,0,0,0,0,0,28,0,0,0,202.6,29.34,0,0,1613,0,0
Freiburg,DFL-CLU-00000L,https://assets.bundesliga.com/clublogos/DFL-SEA-0001K9/DFL-CLU-00000L.svg,assets/logos/sport-club-freiburg.svg,Patrick Osterhage,DFL-OBJ-002G4G,patrick-osterhage,6,Midfielder,2000-02-01,186,80,DEU,https://assets.bundesliga.com/player/dfl-obj-002g4g-dfl-clu-00000a-dfl-sea-0001k9.png,assets/images/sport-club-freiburg/patrick-osterhage.png,2025-2026,DFL-SEA-0001K9,20,1,0,7,2,5,250,4,0,0,163.1,34.12,3,13,621,103,13
Freiburg,DFL-CLU-00000L,https://assets.bundesliga.com/clublogos/DFL-SEA-0001K9/DFL-CLU-00000L.svg,assets/logos/sport-club-freiburg.svg,Patrick Osterhage,DFL-OBJ-002G4G,patrick-osterhage,6,Midfielder,2000-02-01,186,80,DEU,https://assets.bundesliga.com/player/dfl-obj-002g4g-dfl-clu-00000a-dfl-sea-0001k9.png,assets/images/sport-club-freiburg/patrick-osterhage.png,2024-2025,DFL-SEA-0001K8,30,1,0,21,3,18,716,4,0,0,307.1,34.66,17,22,1340,214,32
Freiburg,DFL-CLU-00000L,https://assets.bundesliga.com/clublogos/DFL-SEA-0001K9/DFL-CLU-00000L.svg,assets/logos/sport-club-freiburg.svg,Patrick Osterhage,DFL-OBJ-002G4G,patrick-osterhage,6,Midfielder,2000-02-01,186,80,DEU,https://assets.bundesliga.com/player/dfl-obj-002g4g-dfl-clu-00000a-dfl-sea-0001k9.png,assets/images/sport-club-freiburg/patrick-osterhage.png,2023-2024,DFL-SEA-0001K7,24,2,1,22,4,18,649,5,0,0,249.9,34.58,10,20,1144,219,30
Freiburg,DFL-CLU-00000L,https://assets.bundesliga.com/clublogos/DFL-SEA-0001K9/DFL-CLU-00000L.svg,assets/logos/sport-club-freiburg.svg,Patrick Osterhage,DFL-OBJ-002G4G,patrick-osterhage,6,Midfielder,2000-02-01,186,80,DEU,https://assets.bundesliga.com/player/dfl-obj-002g4g-dfl-clu-00000a-dfl-sea-0001k9.png,assets/images/sport-club-freiburg/patrick-osterhage.png,2022-2023,DFL-SEA-0001K6,23,0,0,7,0,7,376,3,0,0,136.4,34.26,9,18,495,109,15
Freiburg,DFL-CLU-00000L,https://assets.bundesliga.com/clublogos/DFL-SEA-0001K9/DFL-CLU-00000L.svg,assets/logos/sport-club-freiburg.svg,Patrick Osterhage,DFL-OBJ-002G4G,patrick-osterhage,6,Midfielder,2000-02-01,186,80,DEU,https://assets.bundesliga.com/player/dfl-obj-002g4g-dfl-clu-00000a-dfl-sea-0001k9.png,assets/images/sport-club-freiburg/patrick-osterhage.png,2021-2022,DFL-SEA-0001K5,13,0,1,4,1,3,214,2,0,0,81.2,34.11,3,4,297,62,16
Freiburg,DFL-CLU-00000L,https://assets.bundesliga.com/clublogos/DFL-SEA-0001K9/DFL-CLU-00000L.svg,assets/logos/sport-club-freiburg.svg,Philipp Lienhart,DFL-OBJ-0027WP,philipp-lienhart,3,Defender,1996-07-11,189,83,AUT,https://assets.bundesliga.com/player/dfl-obj-0027wp-dfl-clu-00000a-dfl-sea-0001k9.png,assets/images/sport-club-freiburg/philipp-lienhart.png,2025-2026,DFL-SEA-0001K9,20,1,0,8,3,5,191,2,0,0,161.2,32.61,9,7,1288,99,32
Freiburg,DFL-CLU-00000L,https://assets.bundesliga.com/clublogos/DFL-SEA-0001K9/DFL-CLU-00000L.svg,assets/logos/sport-club-freiburg.svg,Philipp Lienhart,DFL-OBJ-0027WP,philipp-lienhart,3,Defender,1996-07-11,189,83,AUT,https://assets.bundesliga.com/player/dfl-obj-0027wp-dfl-clu-00000a-dfl-sea-0001k9.png,assets/images/sport-club-freiburg/philipp-lienhart.png,2024-2025,DFL-SEA-0001K8,32,1,0,7,1,6,476,5,0,0,328.1,33.17,8,21,2604,189,62
Freiburg,DFL-CLU-00000L,https://assets.bundesliga.com/clublogos/DFL-SEA-0001K9/DFL-CLU-00000L.svg,assets/logos/sport-club-freiburg.svg,Philipp Lienhart,DFL-OBJ-0027WP,philipp-lienhart,3,Defender,1996-07-11,189,83,AUT,https://assets.bundesliga.com/player/dfl-obj-0027wp-dfl-clu-00000a-dfl-sea-0001k9.png,assets/images/sport-club-freiburg/philipp-lienhart.png,2023-2024,DFL-SEA-0001K7,15,1,0,6,3,3,246,3,0,0,150.5,33.66,3,12,1144,105,42
Freiburg,DFL-CLU-00000L,https://assets.bundesliga.com/clublogos/DFL-SEA-0001K9/DFL-CLU-00000L.svg,assets/logos/sport-club-freiburg.svg,Philipp Lienhart,DFL-OBJ-0027WP,philipp-lienhart,3,Defender,1996-07-11,189,83,AUT,https://assets.bundesliga.com/player/dfl-obj-0027wp-dfl-clu-00000a-dfl-sea-0001k9.png,assets/images/sport-club-freiburg/philipp-lienhart.png,2022-2023,DFL-SEA-0001K6,29,1,0,15,2,13,392,3,0,0,249.8,33.69,0,17,1917,205,78
Freiburg,DFL-CLU-00000L,https://assets.bundesliga.com/clublogos/DFL-SEA-0001K9/DFL-CLU-00000L.svg,assets/logos/sport-club-freiburg.svg,Philipp Lienhart,DFL-OBJ-0027WP,philipp-lienhart,3,Defender,1996-07-11,189,83,AUT,https://assets.bundesliga.com/player/dfl-obj-0027wp-dfl-clu-00000a-dfl-sea-0001k9.png,assets/images/sport-club-freiburg/philipp-lienhart.png,2021-2022,DFL-SEA-0001K5,32,5,0,19,7,12,469,2,0,0,330.8,33.63,4,14,2164,217,85
Freiburg,DFL-CLU-00000L,https://assets.bundesliga.com/clublogos/DFL-SEA-0001K9/DFL-CLU-00000L.svg,assets/logos/sport-club-freiburg.svg,Philipp Lienhart,DFL-OBJ-0027WP,philipp-lienhart,3,Defender,1996-07-11,189,83,AUT,https://assets.bundesliga.com/player/dfl-obj-0027wp-dfl-clu-00000a-dfl-sea-0001k9.png,assets/images/sport-club-freiburg/philipp-lienhart.png,2020-2021,DFL-SEA-0001K4,34,4,0,8,4,4,468,4,0,0,351.2,32.82,0,15,2277,220,77
Freiburg,DFL-CLU-00000L,https://assets.bundesliga.com/clublogos/DFL-SEA-0001K9/DFL-CLU-00000L.svg,assets/logos/sport-club-freiburg.svg,Philipp Lienhart,DFL-OBJ-0027WP,philipp-lienhart,3,Defender,1996-07-11,189,83,AUT,https://assets.bundesliga.com/player/dfl-obj-0027wp-dfl-clu-00000a-dfl-sea-0001k9.png,assets/images/sport-club-freiburg/philipp-lienhart.png,2019-2020,DFL-SEA-0001K3,22,0,1,6,3,3,276,3,0,0,208.3,32.18,2,7,1270,133,48
Freiburg,DFL-CLU-00000L,https://assets.bundesliga.com/clublogos/DFL-SEA-0001K9/DFL-CLU-00000L.svg,assets/logos/sport-club-freiburg.svg,Philipp Treu,DFL-OBJ-002G4W,philipp-treu,29,Defender,2000-12-03,172,71,DEU,https://assets.bundesliga.com/player/dfl-obj-002g4w-dfl-clu-00000a-dfl-sea-0001k9.png,assets/images/sport-club-freiburg/philipp-treu.png,2025-2026,DFL-SEA-0001K9,28,1,2,17,5,12,466,2,0,0,296.4,34.16,27,18,1294,182,20
Freiburg,DFL-CLU-00000L,https://assets.bundesliga.com/clublogos/DFL-SEA-0001K9/DFL-CLU-00000L.svg,assets/logos/sport-club-freiburg.svg,Philipp Treu,DFL-OBJ-002G4W,philipp-treu,29,Defender,2000-12-03,172,71,DEU,https://assets.bundesliga.com/player/dfl-obj-002g4w-dfl-clu-00000a-dfl-sea-0001k9.png,assets/images/sport-club-freiburg/philipp-treu.png,2024-2025,DFL-SEA-0001K8,33,0,2,21,4,17,934,2,0,0,379.5,34.68,43,21,1966,246,22
Freiburg,DFL-CLU-00000L,https://assets.bundesliga.com/clublogos/DFL-SEA-0001K9/DFL-CLU-00000L.svg,assets/logos/sport-club-freiburg.svg,Rouven Vuk Tarnutzer,DFL-OBJ-J021W9,rouven-tarnutzer,69,Midfielder,2007-07-24,184,78,"DEU , CHE",https://assets.bundesliga.com/player/dfl-obj-j021w9-dfl-clu-00000a-dfl-sea-0001k9.png,assets/images/sport-club-freiburg/rouven-tarnutzer.png,2025-2026,DFL-SEA-0001K9,1,0,0,0,0,0,2,0,0,0,1.5,25.63,0,0,4,3,0
Freiburg,DFL-CLU-00000L,https://assets.bundesliga.com/clublogos/DFL-SEA-0001K9/DFL-CLU-00000L.svg,assets/logos/sport-club-freiburg.svg,Vincenzo Grifo,DFL-OBJ-0001E6,vincenzo-grifo,32,Midfielder,1993-04-07,180,80,"ITA , DEU",https://assets.bundesliga.com/player/dfl-obj-0001e6-dfl-clu-00000a-dfl-sea-0001k9.png,assets/images/sport-club-freiburg/vincenzo-grifo.png,2025-2026,DFL-SEA-0001K9,33,7,4,34,15,19,310,0,0,0,229.8,32.45,33,8,1125,88,7
Freiburg,DFL-CLU-00000L,https://assets.bundesliga.com/clublogos/DFL-SEA-0001K9/DFL-CLU-00000L.svg,assets/logos/sport-club-freiburg.svg,Vincenzo Grifo,DFL-OBJ-0001E6,vincenzo-grifo,32,Midfielder,1993-04-07,180,80,"ITA , DEU",https://assets.bundesliga.com/player/dfl-obj-0001e6-dfl-clu-00000a-dfl-sea-0001k9.png,assets/images/sport-club-freiburg/vincenzo-grifo.png,2024-2025,DFL-SEA-0001K8,34,8,11,66,29,37,692,2,0,0,320.6,32.81,53,15,1857,171,17
Freiburg,DFL-CLU-00000L,https://assets.bundesliga.com/clublogos/DFL-SEA-0001K9/DFL-CLU-00000L.svg,assets/logos/sport-club-freiburg.svg,Vincenzo Grifo,DFL-OBJ-0001E6,vincenzo-grifo,32,Midfielder,1993-04-07,180,80,"ITA , DEU",https://assets.bundesliga.com/player/dfl-obj-0001e6-dfl-clu-00000a-dfl-sea-0001k9.png,assets/images/sport-club-freiburg/vincenzo-grifo.png,2023-2024,DFL-SEA-0001K7,32,8,8,51,20,31,635,3,0,0,297.8,32.5,60,14,1627,178,15
Freiburg,DFL-CLU-00000L,https://assets.bundesliga.com/clublogos/DFL-SEA-0001K9/DFL-CLU-00000L.svg,assets/logos/sport-club-freiburg.svg,Vincenzo Grifo,DFL-OBJ-0001E6,vincenzo-grifo,32,Midfielder,1993-04-07,180,80,"ITA , DEU",https://assets.bundesliga.com/player/dfl-obj-0001e6-dfl-clu-00000a-dfl-sea-0001k9.png,assets/images/sport-club-freiburg/vincenzo-grifo.png,2022-2023,DFL-SEA-0001K6,33,15,5,65,33,32,469,2,0,0,259,32.32,42,6,1675,201,16
Freiburg,DFL-CLU-00000L,https://assets.bundesliga.com/clublogos/DFL-SEA-0001K9/DFL-CLU-00000L.svg,assets/logos/sport-club-freiburg.svg,Vincenzo Grifo,DFL-OBJ-0001E6,vincenzo-grifo,32,Midfielder,1993-04-07,180,80,"ITA , DEU",https://assets.bundesliga.com/player/dfl-obj-0001e6-dfl-clu-00000a-dfl-sea-0001k9.png,assets/images/sport-club-freiburg/vincenzo-grifo.png,2021-2022,DFL-SEA-0001K5,34,9,7,68,27,41,701,0,0,0,354,34.94,47,11,1810,200,19
Freiburg,DFL-CLU-00000L,https://assets.bundesliga.com/clublogos/DFL-SEA-0001K9/DFL-CLU-00000L.svg,assets/logos/sport-club-freiburg.svg,Vincenzo Grifo,DFL-OBJ-0001E6,vincenzo-grifo,32,Midfielder,1993-04-07,180,80,"ITA , DEU",https://assets.bundesliga.com/player/dfl-obj-0001e6-dfl-clu-00000a-dfl-sea-0001k9.png,assets/images/sport-club-freiburg/vincenzo-grifo.png,2020-2021,DFL-SEA-0001K4,31,9,10,61,29,32,671,2,0,0,296.3,32.61,49,11,1521,185,12
Freiburg,DFL-CLU-00000L,https://assets.bundesliga.com/clublogos/DFL-SEA-0001K9/DFL-CLU-00000L.svg,assets/logos/sport-club-freiburg.svg,Vincenzo Grifo,DFL-OBJ-0001E6,vincenzo-grifo,32,Midfielder,1993-04-07,180,80,"ITA , DEU",https://assets.bundesliga.com/player/dfl-obj-0001e6-dfl-clu-00000a-dfl-sea-0001k9.png,assets/images/sport-club-freiburg/vincenzo-grifo.png,2019-2020,DFL-SEA-0001K3,27,4,8,47,18,29,481,1,0,0,217.5,32.82,34,9,1042,156,14
Freiburg,DFL-CLU-00000L,https://assets.bundesliga.com/clublogos/DFL-SEA-0001K9/DFL-CLU-00000L.svg,assets/logos/sport-club-freiburg.svg,Yuito Suzuki,DFL-OBJ-J01TOV,yuito-suzuki,14,Midfielder,2001-10-25,175,66,JPN,https://assets.bundesliga.com/player/dfl-obj-j01tov-dfl-clu-00000a-dfl-sea-0001k9.png,assets/images/sport-club-freiburg/yuito-suzuki.png,2025-2026,DFL-SEA-0001K9,25,4,2,38,14,24,448,3,0,0,209,35.11,8,17,654,142,9
Werder Bremen,DFL-CLU-00000L,https://assets.bundesliga.com/clublogos/DFL-SEA-0001K9/DFL-CLU-00000L.svg,assets/logos/sv-werder-bremen.svg,Amos Pieper,DFL-OBJ-002FW5,amos-pieper,5,Defender,1998-01-17,192,86,DEU,https://assets.bundesliga.com/player/dfl-obj-002fw5-dfl-clu-00000e-dfl-sea-0001k9.png,assets/images/sv-werder-bremen/amos-pieper.png,2025-2026,DFL-SEA-0001K9,19,0,0,9,2,7,162,4,0,0,183.4,32.87,3,10,1305,164,78
Werder Bremen,DFL-CLU-00000L,https://assets.bundesliga.com/clublogos/DFL-SEA-0001K9/DFL-CLU-00000L.svg,assets/logos/sv-werder-bremen.svg,Amos Pieper,DFL-OBJ-002FW5,amos-pieper,5,Defender,1998-01-17,192,86,DEU,https://assets.bundesliga.com/player/dfl-obj-002fw5-dfl-clu-00000e-dfl-sea-0001k9.png,assets/images/sv-werder-bremen/amos-pieper.png,2024-2025,DFL-SEA-0001K8,23,0,0,7,1,6,323,3,0,0,188.7,33.21,1,11,1202,159,63
Werder Bremen,DFL-CLU-00000L,https://assets.bundesliga.com/clublogos/DFL-SEA-0001K9/DFL-CLU-00000L.svg,assets/logos/sv-werder-bremen.svg,Amos Pieper,DFL-OBJ-002FW5,amos-pieper,5,Defender,1998-01-17,192,86,DEU,https://assets.bundesliga.com/player/dfl-obj-002fw5-dfl-clu-00000e-dfl-sea-0001k9.png,assets/images/sv-werder-bremen/amos-pieper.png,2023-2024,DFL-SEA-0001K7,7,0,0,3,1,2,123,0,0,0,73.9,32.65,2,5,402,82,34
Werder Bremen,DFL-CLU-00000L,https://assets.bundesliga.com/clublogos/DFL-SEA-0001K9/DFL-CLU-00000L.svg,assets/logos/sv-werder-bremen.svg,Amos Pieper,DFL-OBJ-002FW5,amos-pieper,5,Defender,1998-01-17,192,86,DEU,https://assets.bundesliga.com/player/dfl-obj-002fw5-dfl-clu-00000e-dfl-sea-0001k9.png,assets/images/sv-werder-bremen/amos-pieper.png,2022-2023,DFL-SEA-0001K6,29,2,1,11,5,6,313,9,0,0,188,32.89,6,22,1491,233,89
Werder Bremen,DFL-CLU-00000L,https://assets.bundesliga.com/clublogos/DFL-SEA-0001K9/DFL-CLU-00000L.svg,assets/logos/sv-werder-bremen.svg,Amos Pieper,DFL-OBJ-002FW5,amos-pieper,5,Defender,1998-01-17,192,86,DEU,https://assets.bundesliga.com/player/dfl-obj-002fw5-dfl-clu-00000e-dfl-sea-0001k9.png,assets/images/sv-werder-bremen/amos-pieper.png,2021-2022,DFL-SEA-0001K5,27,0,0,13,2,11,456,2,0,0,288.7,33.14,2,12,1534,250,88
Werder Bremen,DFL-CLU-00000L,https://assets.bundesliga.com/clublogos/DFL-SEA-0001K9/DFL-CLU-00000L.svg,assets/logos/sv-werder-bremen.svg,Amos Pieper,DFL-OBJ-002FW5,amos-pieper,5,Defender,1998-01-17,192,86,DEU,https://assets.bundesliga.com/player/dfl-obj-002fw5-dfl-clu-00000e-dfl-sea-0001k9.png,assets/images/sv-werder-bremen/amos-pieper.png,2020-2021,DFL-SEA-0001K4,29,1,1,16,6,10,450,6,0,0,324.5,33.4,3,20,2012,309,107
Werder Bremen,DFL-CLU-00000L,https://assets.bundesliga.com/clublogos/DFL-SEA-0001K9/DFL-CLU-00000L.svg,assets/logos/sv-werder-bremen.svg,Cameron Mitchel Puertas Castro,DFL-OBJ-J0208Z,cameron-puertas,18,Midfielder,1998-08-18,178,74,ESP,https://assets.bundesliga.com/player/dfl-obj-j0208z-dfl-clu-00000e-dfl-sea-0001k9.png,assets/images/sv-werder-bremen/cameron-puertas.png,2025-2026,DFL-SEA-0001K9,28,1,2,38,11,27,384,6,0,0,246,32.65,23,37,1355,254,14
Werder Bremen,DFL-CLU-00000L,https://assets.bundesliga.com/clublogos/DFL-SEA-0001K9/DFL-CLU-00000L.svg,assets/logos/sv-werder-bremen.svg,Daniel Moustapha Thioune,DFL-OBJ-002AEN,daniel-thioune,,Werder Bremen,1974-07-21,180,,"DEU , SEN",https://assets.bundesliga.com/person/dfl-obj-002aen-dfl-clu-00000e-dfl-sea-0001k9.png,assets/images/sv-werder-bremen/daniel-thioune.png,2025-2026,DFL-SEA-0001K9,,,,,,,,,,,,,,,,,
Werder Bremen,DFL-CLU-00000L,https://assets.bundesliga.com/clublogos/DFL-SEA-0001K9/DFL-CLU-00000L.svg,assets/logos/sv-werder-bremen.svg,Felix Agu,DFL-OBJ-002FZO,felix-agu,27,Defender,1999-09-27,180,67,"NGA , DEU",https://assets.bundesliga.com/player/dfl-obj-002fzo-dfl-clu-00000e-dfl-sea-0001k9.png,assets/images/sv-werder-bremen/felix-agu.png,2025-2026,DFL-SEA-0001K9,11,0,0,2,1,1,179,1,0,0,85.1,35.51,11,7,498,79,13
Werder Bremen,DFL-CLU-00000L,https://assets.bundesliga.com/clublogos/DFL-SEA-0001K9/DFL-CLU-00000L.svg,assets/logos/sv-werder-bremen.svg,Felix Agu,DFL-OBJ-002FZO,felix-agu,27,Defender,1999-09-27,180,67,"NGA , DEU",https://assets.bundesliga.com/player/dfl-obj-002fzo-dfl-clu-00000e-dfl-sea-0001k9.png,assets/images/sv-werder-bremen/felix-agu.png,2024-2025,DFL-SEA-0001K8,22,3,0,9,4,5,566,1,0,0,199.6,36.31,35,10,1095,170,24
Werder Bremen,DFL-CLU-00000L,https://assets.bundesliga.com/clublogos/DFL-SEA-0001K9/DFL-CLU-00000L.svg,assets/logos/sv-werder-bremen.svg,Felix Agu,DFL-OBJ-002FZO,felix-agu,27,Defender,1999-09-27,180,67,"NGA , DEU",https://assets.bundesliga.com/player/dfl-obj-002fzo-dfl-clu-00000e-dfl-sea-0001k9.png,assets/images/sv-werder-bremen/felix-agu.png,2023-2024,DFL-SEA-0001K7,24,0,0,11,0,11,532,2,0,0,190.9,34.91,40,15,919,175,23
Werder Bremen,DFL-CLU-00000L,https://assets.bundesliga.com/clublogos/DFL-SEA-0001K9/DFL-CLU-00000L.svg,assets/logos/sv-werder-bremen.svg,Felix Agu,DFL-OBJ-002FZO,felix-agu,27,Defender,1999-09-27,180,67,"NGA , DEU",https://assets.bundesliga.com/player/dfl-obj-002fzo-dfl-clu-00000e-dfl-sea-0001k9.png,assets/images/sv-werder-bremen/felix-agu.png,2022-2023,DFL-SEA-0001K6,3,0,0,1,0,1,15,1,0,0,6.5,29.95,1,3,38,7,1
Werder Bremen,DFL-CLU-00000L,https://assets.bundesliga.com/clublogos/DFL-SEA-0001K9/DFL-CLU-00000L.svg,assets/logos/sv-werder-bremen.svg,Felix Agu,DFL-OBJ-002FZO,felix-agu,27,Defender,1999-09-27,180,67,"NGA , DEU",https://assets.bundesliga.com/player/dfl-obj-002fzo-dfl-clu-00000e-dfl-sea-0001k9.png,assets/images/sv-werder-bremen/felix-agu.png,2020-2021,DFL-SEA-0001K4,16,1,0,4,2,2,227,0,0,0,97.1,34,12,5,437,113,17
Werder Bremen,DFL-CLU-00000L,https://assets.bundesliga.com/clublogos/DFL-SEA-0001K9/DFL-CLU-00000L.svg,assets/logos/sv-werder-bremen.svg,Isaac Osa's Schmidt,DFL-OBJ-J024RF,isaac-schmidt,23,Defender,1999-12-07,173,68,"CHE , NGA",https://assets.bundesliga.com/player/dfl-obj-j024rf-dfl-clu-00000e-dfl-sea-0001k9.png,assets/images/sv-werder-bremen/isaac-schmidt.png,2025-2026,DFL-SEA-0001K9,19,1,0,6,2,4,190,2,0,0,91.2,32.91,5,8,546,88,11
Werder Bremen,DFL-CLU-00000L,https://assets.bundesliga.com/clublogos/DFL-SEA-0001K9/DFL-CLU-00000L.svg,assets/logos/sv-werder-bremen.svg,Jens Dalsgaard Stage,DFL-OBJ-J01C07,jens-stage,6,Midfielder,1996-11-08,187,81,DNK,https://assets.bundesliga.com/player/dfl-obj-j01c07-dfl-clu-00000e-dfl-sea-0001k9.png,assets/images/sv-werder-bremen/jens-stage.png,2025-2026,DFL-SEA-0001K9,29,10,2,58,21,37,281,5,0,0,321.6,31.9,7,33,1481,273,66
Werder Bremen,DFL-CLU-00000L,https://assets.bundesliga.com/clublogos/DFL-SEA-0001K9/DFL-CLU-00000L.svg,assets/logos/sv-werder-bremen.svg,Jens Dalsgaard Stage,DFL-OBJ-J01C07,jens-stage,6,Midfielder,1996-11-08,187,81,DNK,https://assets.bundesliga.com/player/dfl-obj-j01c07-dfl-clu-00000e-dfl-sea-0001k9.png,assets/images/sv-werder-bremen/jens-stage.png,2024-2025,DFL-SEA-0001K8,28,10,5,45,18,27,601,10,0,0,293.3,32.07,12,37,1340,262,48
Werder Bremen,DFL-CLU-00000L,https://assets.bundesliga.com/clublogos/DFL-SEA-0001K9/DFL-CLU-00000L.svg,assets/logos/sv-werder-bremen.svg,Jens Dalsgaard Stage,DFL-OBJ-J01C07,jens-stage,6,Midfielder,1996-11-08,187,81,DNK,https://assets.bundesliga.com/player/dfl-obj-j01c07-dfl-clu-00000e-dfl-sea-0001k9.png,assets/images/sv-werder-bremen/jens-stage.png,2023-2024,DFL-SEA-0001K7,30,3,1,38,10,28,510,5,0,0,300.1,32.2,8,49,1369,256,75
Werder Bremen,DFL-CLU-00000L,https://assets.bundesliga.com/clublogos/DFL-SEA-0001K9/DFL-CLU-00000L.svg,assets/logos/sv-werder-bremen.svg,Jens Dalsgaard Stage,DFL-OBJ-J01C07,jens-stage,6,Midfielder,1996-11-08,187,81,DNK,https://assets.bundesliga.com/player/dfl-obj-j01c07-dfl-clu-00000e-dfl-sea-0001k9.png,assets/images/sv-werder-bremen/jens-stage.png,2022-2023,DFL-SEA-0001K6,32,3,3,18,7,11,475,5,0,0,190.9,33.92,13,29,855,202,65
Werder Bremen,DFL-CLU-00000L,https://assets.bundesliga.com/clublogos/DFL-SEA-0001K9/DFL-CLU-00000L.svg,assets/logos/sv-werder-bremen.svg,Jovan Milošević,DFL-OBJ-J01VZA,jovan-milosevic,19,Striker,2005-07-31,190,82,SRB,https://assets.bundesliga.com/player/dfl-obj-j01vza-dfl-clu-00000e-dfl-sea-0001k9.png,assets/images/sv-werder-bremen/jovan-milosevic.png,2025-2026,DFL-SEA-0001K9,13,3,1,9,3,6,97,1,0,0,64.8,31.44,3,7,168,40,15
Werder Bremen,DFL-CLU-00000L,https://assets.bundesliga.com/clublogos/DFL-SEA-0001K9/DFL-CLU-00000L.svg,assets/logos/sv-werder-bremen.svg,Jovan Milošević,DFL-OBJ-J01VZA,jovan-milosevic,19,Striker,2005-07-31,190,82,SRB,https://assets.bundesliga.com/player/dfl-obj-j01vza-dfl-clu-00000e-dfl-sea-0001k9.png,assets/images/sv-werder-bremen/jovan-milosevic.png,2023-2024,DFL-SEA-0001K7,5,0,0,0,0,0,13,0,0,0,6,29.29,0,0,16,4,0
Werder Bremen,DFL-CLU-00000L,https://assets.bundesliga.com/clublogos/DFL-SEA-0001K9/DFL-CLU-00000L.svg,assets/logos/sv-werder-bremen.svg,Julián Malatini,DFL-OBJ-J01ZVH,julian-malatini,22,Defender,2001-05-31,191,84,ARG,https://assets.bundesliga.com/player/dfl-obj-j01zvh-dfl-clu-00000e-dfl-sea-0001k9.png,assets/images/sv-werder-bremen/julian-malatini.png,2025-2026,DFL-SEA-0001K9,11,0,0,3,0,3,98,3,0,0,64.7,34.59,4,7,450,41,12
Werder Bremen,DFL-CLU-00000L,https://assets.bundesliga.com/clublogos/DFL-SEA-0001K9/DFL-CLU-00000L.svg,assets/logos/sv-werder-bremen.svg,Julián Malatini,DFL-OBJ-J01ZVH,julian-malatini,22,Defender,2001-05-31,191,84,ARG,https://assets.bundesliga.com/player/dfl-obj-j01zvh-dfl-clu-00000e-dfl-sea-0001k9.png,assets/images/sv-werder-bremen/julian-malatini.png,2024-2025,DFL-SEA-0001K8,10,1,1,1,1,0,110,1,0,0,57.1,33.99,3,9,369,51,15
Werder Bremen,DFL-CLU-00000L,https://assets.bundesliga.com/clublogos/DFL-SEA-0001K9/DFL-CLU-00000L.svg,assets/logos/sv-werder-bremen.svg,Julián Malatini,DFL-OBJ-J01ZVH,julian-malatini,22,Defender,2001-05-31,191,84,ARG,https://assets.bundesliga.com/player/dfl-obj-j01zvh-dfl-clu-00000e-dfl-sea-0001k9.png,assets/images/sv-werder-bremen/julian-malatini.png,2023-2024,DFL-SEA-0001K7,11,1,0,3,1,2,168,1,0,0,75.8,34.18,5,11,470,67,11
Werder Bremen,DFL-CLU-00000L,https://assets.bundesliga.com/clublogos/DFL-SEA-0001K9/DFL-CLU-00000L.svg,assets/logos/sv-werder-bremen.svg,Justin Gideon Njinmah,DFL-OBJ-002GPZ,justin-njinmah,11,Striker,2000-11-15,179,77,"DEU , NGA",https://assets.bundesliga.com/player/dfl-obj-002gpz-dfl-clu-00000e-dfl-sea-0001k9.png,assets/images/sv-werder-bremen/justin-njinmah.png,2025-2026,DFL-SEA-0001K9,33,5,0,63,23,40,559,2,0,0,232,36.19,36,7,776,161,14
Werder Bremen,DFL-CLU-00000L,https://assets.bundesliga.com/clublogos/DFL-SEA-0001K9/DFL-CLU-00000L.svg,assets/logos/sv-werder-bremen.svg,Justin Gideon Njinmah,DFL-OBJ-002GPZ,justin-njinmah,11,Striker,2000-11-15,179,77,"DEU , NGA",https://assets.bundesliga.com/player/dfl-obj-002gpz-dfl-clu-00000e-dfl-sea-0001k9.png,assets/images/sv-werder-bremen/justin-njinmah.png,2024-2025,DFL-SEA-0001K8,26,3,2,31,8,23,359,1,0,0,116.5,35.34,15,6,372,84,19
Werder Bremen,DFL-CLU-00000L,https://assets.bundesliga.com/clublogos/DFL-SEA-0001K9/DFL-CLU-00000L.svg,assets/logos/sv-werder-bremen.svg,Justin Gideon Njinmah,DFL-OBJ-002GPZ,justin-njinmah,11,Striker,2000-11-15,179,77,"DEU , NGA",https://assets.bundesliga.com/player/dfl-obj-002gpz-dfl-clu-00000e-dfl-sea-0001k9.png,assets/images/sv-werder-bremen/justin-njinmah.png,2023-2024,DFL-SEA-0001K7,24,6,2,33,14,19,391,1,0,0,127.9,35.53,8,6,412,86,8
Werder Bremen,DFL-CLU-00000L,https://assets.bundesliga.com/clublogos/DFL-SEA-0001K9/DFL-CLU-00000L.svg,assets/logos/sv-werder-bremen.svg,Justin Gideon Njinmah,DFL-OBJ-002GPZ,justin-njinmah,11,Striker,2000-11-15,179,77,"DEU , NGA",https://assets.bundesliga.com/player/dfl-obj-002gpz-dfl-clu-00000e-dfl-sea-0001k9.png,assets/images/sv-werder-bremen/justin-njinmah.png,2022-2023,DFL-SEA-0001K6,1,0,0,0,0,0,14,0,0,0,2.7,30.26,0,0,8,3,0
Werder Bremen,DFL-CLU-00000L,https://assets.bundesliga.com/clublogos/DFL-SEA-0001K9/DFL-CLU-00000L.svg,assets/logos/sv-werder-bremen.svg,Abdoul Karim Coulibaly,DFL-OBJ-J01NP1,karim-coulibaly,31,Defender,2007-05-23,191,83,"DEU , CIV",https://assets.bundesliga.com/player/dfl-obj-j01np1-dfl-clu-00000e-dfl-sea-0001k9.png,assets/images/sv-werder-bremen/karim-coulibaly.png,2025-2026,DFL-SEA-0001K9,27,1,0,7,1,6,259,3,0,0,253.7,32.86,8,16,1779,180,43
Werder Bremen,DFL-CLU-00000L,https://assets.bundesliga.com/clublogos/DFL-SEA-0001K9/DFL-CLU-00000L.svg,assets/logos/sv-werder-bremen.svg,Karl Jakob Hein,DFL-OBJ-J01G8Y,karl-hein,13,Goalkeeper,2002-04-13,194,86,EST,https://assets.bundesliga.com/player/dfl-obj-j01g8y-dfl-clu-00000e-dfl-sea-0001k9.png,assets/images/sv-werder-bremen/karl-hein.png,2025-2026,DFL-SEA-0001K9,2,0,0,0,0,0,2,0,0,0,12,30.15,0,0,142,0,0
Werder Bremen,DFL-CLU-00000L,https://assets.bundesliga.com/clublogos/DFL-SEA-0001K9/DFL-CLU-00000L.svg,assets/logos/sv-werder-bremen.svg,Keke Maximilian Topp,DFL-OBJ-J01KAJ,keke-topp,9,Striker,2004-03-25,192,94,DEU,https://assets.bundesliga.com/player/dfl-obj-j01kaj-dfl-clu-00000e-dfl-sea-0001k9.png,assets/images/sv-werder-bremen/keke-topp.png,2025-2026,DFL-SEA-0001K9,20,1,1,23,2,21,109,4,0,0,86.3,33.39,3,16,317,94,23
Werder Bremen,DFL-CLU-00000L,https://assets.bundesliga.com/clublogos/DFL-SEA-0001K9/DFL-CLU-00000L.svg,assets/logos/sv-werder-bremen.svg,Keke Maximilian Topp,DFL-OBJ-J01KAJ,keke-topp,9,Striker,2004-03-25,192,94,DEU,https://assets.bundesliga.com/player/dfl-obj-j01kaj-dfl-clu-00000e-dfl-sea-0001k9.png,assets/images/sv-werder-bremen/keke-topp.png,2024-2025,DFL-SEA-0001K8,19,2,2,7,4,3,98,1,0,0,38.4,32.27,4,9,151,44,8
Werder Bremen,DFL-CLU-00000L,https://assets.bundesliga.com/clublogos/DFL-SEA-0001K9/DFL-CLU-00000L.svg,assets/logos/sv-werder-bremen.svg,Keke Maximilian Topp,DFL-OBJ-J01KAJ,keke-topp,9,Striker,2004-03-25,192,94,DEU,https://assets.bundesliga.com/player/dfl-obj-j01kaj-dfl-clu-00000e-dfl-sea-0001k9.png,assets/images/sv-werder-bremen/keke-topp.png,2022-2023,DFL-SEA-0001K6,1,0,0,0,0,0,9,0,0,0,2.9,30.82,1,1,9,1,0
Werder Bremen,DFL-CLU-00000L,https://assets.bundesliga.com/clublogos/DFL-SEA-0001K9/DFL-CLU-00000L.svg,assets/logos/sv-werder-bremen.svg,Leonardo Jesus Loureiro Bittencourt,DFL-OBJ-0000DT,leonardo-bittencourt,10,Midfielder,1993-12-19,171,63,"DEU , BRA",https://assets.bundesliga.com/player/dfl-obj-0000dt-dfl-clu-00000e-dfl-sea-0001k9.png,assets/images/sv-werder-bremen/leonardo-bittencourt.png,2025-2026,DFL-SEA-0001K9,17,0,1,8,1,7,62,5,0,0,84.4,32.05,2,7,536,60,4
Werder Bremen,DFL-CLU-00000L,https://assets.bundesliga.com/clublogos/DFL-SEA-0001K9/DFL-CLU-00000L.svg,assets/logos/sv-werder-bremen.svg,Leonardo Jesus Loureiro Bittencourt,DFL-OBJ-0000DT,leonardo-bittencourt,10,Midfielder,1993-12-19,171,63,"DEU , BRA",https://assets.bundesliga.com/player/dfl-obj-0000dt-dfl-clu-00000e-dfl-sea-0001k9.png,assets/images/sv-werder-bremen/leonardo-bittencourt.png,2024-2025,DFL-SEA-0001K8,27,2,1,28,9,19,188,3,0,0,132.1,33.63,8,15,832,85,9
Werder Bremen,DFL-CLU-00000L,https://assets.bundesliga.com/clublogos/DFL-SEA-0001K9/DFL-CLU-00000L.svg,assets/logos/sv-werder-bremen.svg,Leonardo Jesus Loureiro Bittencourt,DFL-OBJ-0000DT,leonardo-bittencourt,10,Midfielder,1993-12-19,171,63,"DEU , BRA",https://assets.bundesliga.com/player/dfl-obj-0000dt-dfl-clu-00000e-dfl-sea-0001k9.png,assets/images/sv-werder-bremen/leonardo-bittencourt.png,2023-2024,DFL-SEA-0001K7,29,1,2,31,5,26,340,9,0,0,201.3,31.34,26,33,1081,171,9
Werder Bremen,DFL-CLU-00000L,https://assets.bundesliga.com/clublogos/DFL-SEA-0001K9/DFL-CLU-00000L.svg,assets/logos/sv-werder-bremen.svg,Leonardo Jesus Loureiro Bittencourt,DFL-OBJ-0000DT,leonardo-bittencourt,10,Midfielder,1993-12-19,171,63,"DEU , BRA",https://assets.bundesliga.com/player/dfl-obj-0000dt-dfl-clu-00000e-dfl-sea-0001k9.png,assets/images/sv-werder-bremen/leonardo-bittencourt.png,2022-2023,DFL-SEA-0001K6,25,3,2,25,10,15,316,10,0,0,151,31.48,40,42,1085,210,16
Werder Bremen,DFL-CLU-00000L,https://assets.bundesliga.com/clublogos/DFL-SEA-0001K9/DFL-CLU-00000L.svg,assets/logos/sv-werder-bremen.svg,Leonardo Jesus Loureiro Bittencourt,DFL-OBJ-0000DT,leonardo-bittencourt,10,Midfielder,1993-12-19,171,63,"DEU , BRA",https://assets.bundesliga.com/player/dfl-obj-0000dt-dfl-clu-00000e-dfl-sea-0001k9.png,assets/images/sv-werder-bremen/leonardo-bittencourt.png,2020-2021,DFL-SEA-0001K4,29,4,1,41,11,30,421,3,0,0,204.1,31.6,40,28,979,222,15
Werder Bremen,DFL-CLU-00000L,https://assets.bundesliga.com/clublogos/DFL-SEA-0001K9/DFL-CLU-00000L.svg,assets/logos/sv-werder-bremen.svg,Leonardo Jesus Loureiro Bittencourt,DFL-OBJ-0000DT,leonardo-bittencourt,10,Midfielder,1993-12-19,171,63,"DEU , BRA",https://assets.bundesliga.com/player/dfl-obj-0000dt-dfl-clu-00000e-dfl-sea-0001k9.png,assets/images/sv-werder-bremen/leonardo-bittencourt.png,2019-2020,DFL-SEA-0001K3,29,4,2,46,12,34,540,7,0,0,238.5,33.41,53,49,1242,233,18
Werder Bremen,DFL-CLU-00000L,https://assets.bundesliga.com/clublogos/DFL-SEA-0001K9/DFL-CLU-00000L.svg,assets/logos/sv-werder-bremen.svg,Marco Friedl,DFL-OBJ-0027BH,marco-friedl,32,Defender,1998-03-16,187,82,AUT,https://assets.bundesliga.com/player/dfl-obj-0027bh-dfl-clu-00000e-dfl-sea-0001k9.png,assets/images/sv-werder-bremen/marco-friedl.png,2025-2026,DFL-SEA-0001K9,30,1,0,7,2,5,285,9,0,0,282.7,34.2,11,17,2330,219,64
Werder Bremen,DFL-CLU-00000L,https://assets.bundesliga.com/clublogos/DFL-SEA-0001K9/DFL-CLU-00000L.svg,assets/logos/sv-werder-bremen.svg,Marco Friedl,DFL-OBJ-0027BH,marco-friedl,32,Defender,1998-03-16,187,82,AUT,https://assets.bundesliga.com/player/dfl-obj-0027bh-dfl-clu-00000e-dfl-sea-0001k9.png,assets/images/sv-werder-bremen/marco-friedl.png,2024-2025,DFL-SEA-0001K8,26,0,0,4,3,1,376,8,0,0,237.9,34.53,0,23,1868,237,56
Werder Bremen,DFL-CLU-00000L,https://assets.bundesliga.com/clublogos/DFL-SEA-0001K9/DFL-CLU-00000L.svg,assets/logos/sv-werder-bremen.svg,Marco Friedl,DFL-OBJ-0027BH,marco-friedl,32,Defender,1998-03-16,187,82,AUT,https://assets.bundesliga.com/player/dfl-obj-0027bh-dfl-clu-00000e-dfl-sea-0001k9.png,assets/images/sv-werder-bremen/marco-friedl.png,2023-2024,DFL-SEA-0001K7,25,1,0,7,1,6,325,6,0,0,240.9,33.71,0,29,1442,206,51
Werder Bremen,DFL-CLU-00000L,https://assets.bundesliga.com/clublogos/DFL-SEA-0001K9/DFL-CLU-00000L.svg,assets/logos/sv-werder-bremen.svg,Marco Friedl,DFL-OBJ-0027BH,marco-friedl,32,Defender,1998-03-16,187,82,AUT,https://assets.bundesliga.com/player/dfl-obj-0027bh-dfl-clu-00000e-dfl-sea-0001k9.png,assets/images/sv-werder-bremen/marco-friedl.png,2022-2023,DFL-SEA-0001K6,30,0,0,5,1,4,353,8,0,0,211.5,32.97,11,23,2198,276,76
Werder Bremen,DFL-CLU-00000L,https://assets.bundesliga.com/clublogos/DFL-SEA-0001K9/DFL-CLU-00000L.svg,assets/logos/sv-werder-bremen.svg,Marco Friedl,DFL-OBJ-0027BH,marco-friedl,32,Defender,1998-03-16,187,82,AUT,https://assets.bundesliga.com/player/dfl-obj-0027bh-dfl-clu-00000e-dfl-sea-0001k9.png,assets/images/sv-werder-bremen/marco-friedl.png,2020-2021,DFL-SEA-0001K4,35,0,0,7,1,6,519,6,0,0,321,33.18,1,27,2183,278,45
Werder Bremen,DFL-CLU-00000L,https://assets.bundesliga.com/clublogos/DFL-SEA-0001K9/DFL-CLU-00000L.svg,assets/logos/sv-werder-bremen.svg,Marco Friedl,DFL-OBJ-0027BH,marco-friedl,32,Defender,1998-03-16,187,82,AUT,https://assets.bundesliga.com/player/dfl-obj-0027bh-dfl-clu-00000e-dfl-sea-0001k9.png,assets/images/sv-werder-bremen/marco-friedl.png,2019-2020,DFL-SEA-0001K3,27,1,3,12,3,9,468,9,0,0,254.6,32.94,40,30,1658,245,31
Werder Bremen,DFL-CLU-00000L,https://assets.bundesliga.com/clublogos/DFL-SEA-0001K9/DFL-CLU-00000L.svg,assets/logos/sv-werder-bremen.svg,Marco Grüll,DFL-OBJ-J020YN,marco-grull,17,Striker,1998-07-06,184,74,AUT,https://assets.bundesliga.com/player/dfl-obj-j020yn-dfl-clu-00000e-dfl-sea-0001k9.png,assets/images/sv-werder-bremen/marco-grull.png,2025-2026,DFL-SEA-0001K9,33,3,1,46,15,31,420,5,0,0,241.2,34.4,33,33,1080,214,8
Werder Bremen,DFL-CLU-00000L,https://assets.bundesliga.com/clublogos/DFL-SEA-0001K9/DFL-CLU-00000L.svg,assets/logos/sv-werder-bremen.svg,Marco Grüll,DFL-OBJ-J020YN,marco-grull,17,Striker,1998-07-06,184,74,AUT,https://assets.bundesliga.com/player/dfl-obj-j020yn-dfl-clu-00000e-dfl-sea-0001k9.png,assets/images/sv-werder-bremen/marco-grull.png,2024-2025,DFL-SEA-0001K8,30,6,1,24,10,14,419,1,0,0,150.1,33.92,16,19,552,124,8
Werder Bremen,DFL-CLU-00000L,https://assets.bundesliga.com/clublogos/DFL-SEA-0001K9/DFL-CLU-00000L.svg,assets/logos/sv-werder-bremen.svg,Markus Kolke,DFL-OBJ-002FZB,markus-kolke,25,Goalkeeper,1990-08-18,187,90,DEU,https://assets.bundesliga.com/player/dfl-obj-002fzb-dfl-clu-00000e-dfl-sea-0001k9.png,assets/images/sv-werder-bremen/markus-kolke.png,2025-2026,DFL-SEA-0001K9,,,,,,,,,,,,,,,,,
Werder Bremen,DFL-CLU-00000L,https://assets.bundesliga.com/clublogos/DFL-SEA-0001K9/DFL-CLU-00000L.svg,assets/logos/sv-werder-bremen.svg,Mats Ole Heitmann,DFL-OBJ-J021YB,mats-heitmann,46,Defender,2006-02-11,195,,DEU,https://assets.bundesliga.com/player/dfl-obj-j021yb-dfl-clu-00000e-dfl-sea-0001k9.png,assets/images/sv-werder-bremen/mats-heitmann.png,2025-2026,DFL-SEA-0001K9,,,,,,,,,,,,,,,,,
Werder Bremen,DFL-CLU-00000L,https://assets.bundesliga.com/clublogos/DFL-SEA-0001K9/DFL-CLU-00000L.svg,assets/logos/sv-werder-bremen.svg,Maximilian Wöber,DFL-OBJ-J016RQ,maximilian-wober,39,Defender,1998-02-04,188,85,AUT,https://assets.bundesliga.com/player/dfl-obj-j016rq-dfl-clu-00000e-dfl-sea-0001k9.png,assets/images/sv-werder-bremen/maximilian-wober.png,2025-2026,DFL-SEA-0001K9,2,0,0,0,0,0,5,0,0,0,5,28.68,1,1,21,3,1
Werder Bremen,DFL-CLU-00000L,https://assets.bundesliga.com/clublogos/DFL-SEA-0001K9/DFL-CLU-00000L.svg,assets/logos/sv-werder-bremen.svg,Maximilian Wöber,DFL-OBJ-J016RQ,maximilian-wober,39,Defender,1998-02-04,188,85,AUT,https://assets.bundesliga.com/player/dfl-obj-j016rq-dfl-clu-00000e-dfl-sea-0001k9.png,assets/images/sv-werder-bremen/maximilian-wober.png,2023-2024,DFL-SEA-0001K7,25,2,3,18,3,15,345,2,0,0,246.3,32.74,16,26,1851,233,62
Werder Bremen,DFL-CLU-00000L,https://assets.bundesliga.com/clublogos/DFL-SEA-0001K9/DFL-CLU-00000L.svg,assets/logos/sv-werder-bremen.svg,Mick Schmetgens,DFL-OBJ-J01XBT,mick-schmetgens,33,Defender,2007-09-09,185,75,DEU,https://assets.bundesliga.com/player/dfl-obj-j01xbt-dfl-clu-00000e-dfl-sea-0001k9.png,assets/images/sv-werder-bremen/mick-schmetgens.png,2025-2026,DFL-SEA-0001K9,2,0,0,0,0,0,6,0,0,0,5.1,31.09,0,0,53,6,2
Werder Bremen,DFL-CLU-00000L,https://assets.bundesliga.com/clublogos/DFL-SEA-0001K9/DFL-CLU-00000L.svg,assets/logos/sv-werder-bremen.svg,Mio Backhaus,DFL-OBJ-J01K9L,mio-backhaus,30,Goalkeeper,2004-04-16,194,82,"DEU , JPN",https://assets.bundesliga.com/player/dfl-obj-j01k9l-dfl-clu-00000e-dfl-sea-0001k9.png,assets/images/sv-werder-bremen/mio-backhaus.png,2025-2026,DFL-SEA-0001K9,32,0,0,0,0,0,24,1,0,0,173.1,30.36,0,0,1469,0,0
Werder Bremen,DFL-CLU-00000L,https://assets.bundesliga.com/clublogos/DFL-SEA-0001K9/DFL-CLU-00000L.svg,assets/logos/sv-werder-bremen.svg,Mitchell-Elijah Weiser,DFL-OBJ-0000YO,mitchell-weiser,8,Defender,1994-04-21,177,70,"DEU , DZA",https://assets.bundesliga.com/player/dfl-obj-0000yo-dfl-clu-00000e-dfl-sea-0001k9.png,assets/images/sv-werder-bremen/mitchell-weiser.png,2024-2025,DFL-SEA-0001K8,32,5,8,40,16,24,831,7,0,0,358.7,33.18,60,30,2032,327,47
Werder Bremen,DFL-CLU-00000L,https://assets.bundesliga.com/clublogos/DFL-SEA-0001K9/DFL-CLU-00000L.svg,assets/logos/sv-werder-bremen.svg,Mitchell-Elijah Weiser,DFL-OBJ-0000YO,mitchell-weiser,8,Defender,1994-04-21,177,70,"DEU , DZA",https://assets.bundesliga.com/player/dfl-obj-0000yo-dfl-clu-00000e-dfl-sea-0001k9.png,assets/images/sv-werder-bremen/mitchell-weiser.png,2023-2024,DFL-SEA-0001K7,30,3,7,41,14,27,876,5,0,0,329.2,34.42,68,28,1884,285,29
Werder Bremen,DFL-CLU-00000L,https://assets.bundesliga.com/clublogos/DFL-SEA-0001K9/DFL-CLU-00000L.svg,assets/logos/sv-werder-bremen.svg,Mitchell-Elijah Weiser,DFL-OBJ-0000YO,mitchell-weiser,8,Defender,1994-04-21,177,70,"DEU , DZA",https://assets.bundesliga.com/player/dfl-obj-0000yo-dfl-clu-00000e-dfl-sea-0001k9.png,assets/images/sv-werder-bremen/mitchell-weiser.png,2022-2023,DFL-SEA-0001K6,30,2,9,27,9,18,609,7,0,0,229.6,35.12,61,36,1894,374,33
Werder Bremen,DFL-CLU-00000L,https://assets.bundesliga.com/clublogos/DFL-SEA-0001K9/DFL-CLU-00000L.svg,assets/logos/sv-werder-bremen.svg,Mitchell-Elijah Weiser,DFL-OBJ-0000YO,mitchell-weiser,8,Defender,1994-04-21,177,70,"DEU , DZA",https://assets.bundesliga.com/player/dfl-obj-0000yo-dfl-clu-00000e-dfl-sea-0001k9.png,assets/images/sv-werder-bremen/mitchell-weiser.png,2020-2021,DFL-SEA-0001K4,5,1,0,2,2,0,47,0,0,0,27.9,31.36,4,2,250,24,3
Werder Bremen,DFL-CLU-00000L,https://assets.bundesliga.com/clublogos/DFL-SEA-0001K9/DFL-CLU-00000L.svg,assets/logos/sv-werder-bremen.svg,Mitchell-Elijah Weiser,DFL-OBJ-0000YO,mitchell-weiser,8,Defender,1994-04-21,177,70,"DEU , DZA",https://assets.bundesliga.com/player/dfl-obj-0000yo-dfl-clu-00000e-dfl-sea-0001k9.png,assets/images/sv-werder-bremen/mitchell-weiser.png,2019-2020,DFL-SEA-0001K3,18,1,0,7,1,6,271,3,0,0,145.4,31.5,20,16,1260,198,27
Werder Bremen,DFL-CLU-00000L,https://assets.bundesliga.com/clublogos/DFL-SEA-0001K9/DFL-CLU-00000L.svg,assets/logos/sv-werder-bremen.svg,Niklas Stark,DFL-OBJ-0001HJ,niklas-stark,4,Defender,1995-04-14,190,88,DEU,https://assets.bundesliga.com/player/dfl-obj-0001hj-dfl-clu-00000e-dfl-sea-0001k9.png,assets/images/sv-werder-bremen/niklas-stark.png,2025-2026,DFL-SEA-0001K9,14,0,0,1,0,1,87,4,0,0,82.6,34.24,0,10,585,73,24
Werder Bremen,DFL-CLU-00000L,https://assets.bundesliga.com/clublogos/DFL-SEA-0001K9/DFL-CLU-00000L.svg,assets/logos/sv-werder-bremen.svg,Niklas Stark,DFL-OBJ-0001HJ,niklas-stark,4,Defender,1995-04-14,190,88,DEU,https://assets.bundesliga.com/player/dfl-obj-0001hj-dfl-clu-00000e-dfl-sea-0001k9.png,assets/images/sv-werder-bremen/niklas-stark.png,2024-2025,DFL-SEA-0001K8,26,0,1,13,3,10,391,4,0,0,245.3,34.87,2,30,1627,201,57
Werder Bremen,DFL-CLU-00000L,https://assets.bundesliga.com/clublogos/DFL-SEA-0001K9/DFL-CLU-00000L.svg,assets/logos/sv-werder-bremen.svg,Niklas Stark,DFL-OBJ-0001HJ,niklas-stark,4,Defender,1995-04-14,190,88,DEU,https://assets.bundesliga.com/player/dfl-obj-0001hj-dfl-clu-00000e-dfl-sea-0001k9.png,assets/images/sv-werder-bremen/niklas-stark.png,2023-2024,DFL-SEA-0001K7,17,2,0,4,2,2,169,4,0,0,128.1,33.88,0,20,760,121,44
Werder Bremen,DFL-CLU-00000L,https://assets.bundesliga.com/clublogos/DFL-SEA-0001K9/DFL-CLU-00000L.svg,assets/logos/sv-werder-bremen.svg,Niklas Stark,DFL-OBJ-0001HJ,niklas-stark,4,Defender,1995-04-14,190,88,DEU,https://assets.bundesliga.com/player/dfl-obj-0001hj-dfl-clu-00000e-dfl-sea-0001k9.png,assets/images/sv-werder-bremen/niklas-stark.png,2022-2023,DFL-SEA-0001K6,27,0,0,2,1,1,288,9,0,0,178.3,33.35,1,40,1562,238,70
Werder Bremen,DFL-CLU-00000L,https://assets.bundesliga.com/clublogos/DFL-SEA-0001K9/DFL-CLU-00000L.svg,assets/logos/sv-werder-bremen.svg,Niklas Stark,DFL-OBJ-0001HJ,niklas-stark,4,Defender,1995-04-14,190,88,DEU,https://assets.bundesliga.com/player/dfl-obj-0001hj-dfl-clu-00000e-dfl-sea-0001k9.png,assets/images/sv-werder-bremen/niklas-stark.png,2021-2022,DFL-SEA-0001K5,26,1,0,10,4,6,471,3,0,0,239.1,33.67,0,19,1329,217,76
Werder Bremen,DFL-CLU-00000L,https://assets.bundesliga.com/clublogos/DFL-SEA-0001K9/DFL-CLU-00000L.svg,assets/logos/sv-werder-bremen.svg,Niklas Stark,DFL-OBJ-0001HJ,niklas-stark,4,Defender,1995-04-14,190,88,DEU,https://assets.bundesliga.com/player/dfl-obj-0001hj-dfl-clu-00000e-dfl-sea-0001k9.png,assets/images/sv-werder-bremen/niklas-stark.png,2020-2021,DFL-SEA-0001K4,32,0,0,12,3,9,566,2,0,0,329.1,33.81,4,41,1939,299,83
Werder Bremen,DFL-CLU-00000L,https://assets.bundesliga.com/clublogos/DFL-SEA-0001K9/DFL-CLU-00000L.svg,assets/logos/sv-werder-bremen.svg,Niklas Stark,DFL-OBJ-0001HJ,niklas-stark,4,Defender,1995-04-14,190,88,DEU,https://assets.bundesliga.com/player/dfl-obj-0001hj-dfl-clu-00000e-dfl-sea-0001k9.png,assets/images/sv-werder-bremen/niklas-stark.png,2019-2020,DFL-SEA-0001K3,21,1,0,10,2,8,382,8,0,0,201,33.85,2,26,1109,173,36
Werder Bremen,DFL-CLU-00000L,https://assets.bundesliga.com/clublogos/DFL-SEA-0001K9/DFL-CLU-00000L.svg,assets/logos/sv-werder-bremen.svg,Olivier Deman,DFL-OBJ-J01TR0,olivier-deman,2,Defender,2000-04-06,181,74,BEL,https://assets.bundesliga.com/player/dfl-obj-j01tr0-dfl-clu-00000e-dfl-sea-0001k9.png,assets/images/sv-werder-bremen/olivier-deman.png,2025-2026,DFL-SEA-0001K9,16,1,2,10,3,7,268,3,0,0,174.1,34.66,36,18,1014,158,29
Werder Bremen,DFL-CLU-00000L,https://assets.bundesliga.com/clublogos/DFL-SEA-0001K9/DFL-CLU-00000L.svg,assets/logos/sv-werder-bremen.svg,Olivier Deman,DFL-OBJ-J01TR0,olivier-deman,2,Defender,2000-04-06,181,74,BEL,https://assets.bundesliga.com/player/dfl-obj-j01tr0-dfl-clu-00000e-dfl-sea-0001k9.png,assets/images/sv-werder-bremen/olivier-deman.png,2024-2025,DFL-SEA-0001K8,9,0,0,0,0,0,45,1,0,0,13.9,31.81,2,1,74,11,2
Werder Bremen,DFL-CLU-00000L,https://assets.bundesliga.com/clublogos/DFL-SEA-0001K9/DFL-CLU-00000L.svg,assets/logos/sv-werder-bremen.svg,Olivier Deman,DFL-OBJ-J01TR0,olivier-deman,2,Defender,2000-04-06,181,74,BEL,https://assets.bundesliga.com/player/dfl-obj-j01tr0-dfl-clu-00000e-dfl-sea-0001k9.png,assets/images/sv-werder-bremen/olivier-deman.png,2023-2024,DFL-SEA-0001K7,29,2,1,16,7,9,469,5,0,0,193.1,32.09,31,25,934,148,24
Werder Bremen,DFL-CLU-00000L,https://assets.bundesliga.com/clublogos/DFL-SEA-0001K9/DFL-CLU-00000L.svg,assets/logos/sv-werder-bremen.svg,Patrice Čović,DFL-OBJ-J01TKC,patrice-covic,24,Midfielder,2007-06-25,176,68,"DEU , HRV",https://assets.bundesliga.com/player/dfl-obj-j01tkc-dfl-clu-00000e-dfl-sea-0001k9.png,assets/images/sv-werder-bremen/patrice-covic.png,2025-2026,DFL-SEA-0001K9,15,1,0,4,2,2,78,1,0,0,57.3,31.93,4,5,276,37,3
Werder Bremen,DFL-CLU-00000L,https://assets.bundesliga.com/clublogos/DFL-SEA-0001K9/DFL-CLU-00000L.svg,assets/logos/sv-werder-bremen.svg,Romano Christian Schmid,DFL-OBJ-002FX2,romano-schmid,20,Midfielder,2000-01-27,168,69,AUT,https://assets.bundesliga.com/player/dfl-obj-002fx2-dfl-clu-00000e-dfl-sea-0001k9.png,assets/images/sv-werder-bremen/romano-schmid.png,2025-2026,DFL-SEA-0001K9,34,4,8,58,23,35,598,4,0,0,367.3,34.62,76,19,2120,350,20
Werder Bremen,DFL-CLU-00000L,https://assets.bundesliga.com/clublogos/DFL-SEA-0001K9/DFL-CLU-00000L.svg,assets/logos/sv-werder-bremen.svg,Romano Christian Schmid,DFL-OBJ-002FX2,romano-schmid,20,Midfielder,2000-01-27,168,69,AUT,https://assets.bundesliga.com/player/dfl-obj-002fx2-dfl-clu-00000e-dfl-sea-0001k9.png,assets/images/sv-werder-bremen/romano-schmid.png,2024-2025,DFL-SEA-0001K8,32,5,4,50,16,34,734,4,0,0,329.2,34.14,62,25,2087,330,23
Werder Bremen,DFL-CLU-00000L,https://assets.bundesliga.com/clublogos/DFL-SEA-0001K9/DFL-CLU-00000L.svg,assets/logos/sv-werder-bremen.svg,Romano Christian Schmid,DFL-OBJ-002FX2,romano-schmid,20,Midfielder,2000-01-27,168,69,AUT,https://assets.bundesliga.com/player/dfl-obj-002fx2-dfl-clu-00000e-dfl-sea-0001k9.png,assets/images/sv-werder-bremen/romano-schmid.png,2023-2024,DFL-SEA-0001K7,33,4,6,38,10,28,699,5,0,0,314.3,34.04,34,29,1666,302,25
Werder Bremen,DFL-CLU-00000L,https://assets.bundesliga.com/clublogos/DFL-SEA-0001K9/DFL-CLU-00000L.svg,assets/logos/sv-werder-bremen.svg,Romano Christian Schmid,DFL-OBJ-002FX2,romano-schmid,20,Midfielder,2000-01-27,168,69,AUT,https://assets.bundesliga.com/player/dfl-obj-002fx2-dfl-clu-00000e-dfl-sea-0001k9.png,assets/images/sv-werder-bremen/romano-schmid.png,2022-2023,DFL-SEA-0001K6,27,1,3,17,3,14,221,3,0,0,127.3,34.01,15,16,973,169,14
Werder Bremen,DFL-CLU-00000L,https://assets.bundesliga.com/clublogos/DFL-SEA-0001K9/DFL-CLU-00000L.svg,assets/logos/sv-werder-bremen.svg,Romano Christian Schmid,DFL-OBJ-002FX2,romano-schmid,20,Midfielder,2000-01-27,168,69,AUT,https://assets.bundesliga.com/player/dfl-obj-002fx2-dfl-clu-00000e-dfl-sea-0001k9.png,assets/images/sv-werder-bremen/romano-schmid.png,2020-2021,DFL-SEA-0001K4,24,0,3,17,3,14,295,2,0,0,150.6,32.56,15,14,668,158,8
Werder Bremen,DFL-CLU-00000L,https://assets.bundesliga.com/clublogos/DFL-SEA-0001K9/DFL-CLU-00000L.svg,assets/logos/sv-werder-bremen.svg,Salim Amani Musah,DFL-OBJ-J02499,salim-musah,29,Striker,2006-02-22,198,83,"DEU , GHA",https://assets.bundesliga.com/player/dfl-obj-j02499-dfl-clu-00000e-dfl-sea-0001k9.png,assets/images/sv-werder-bremen/salim-musah.png,2025-2026,DFL-SEA-0001K9,8,1,0,7,5,2,65,0,0,0,29.2,32.91,0,4,89,26,3
Werder Bremen,DFL-CLU-00000L,https://assets.bundesliga.com/clublogos/DFL-SEA-0001K9/DFL-CLU-00000L.svg,assets/logos/sv-werder-bremen.svg,Samuel-Germain Kinduelu Mbangula Tshifunda,DFL-OBJ-J01NU1,samuel-mbangula,7,Striker,2004-01-16,179,69,"BEL , COD",https://assets.bundesliga.com/player/dfl-obj-j01nu1-dfl-clu-00000e-dfl-sea-0001k9.png,assets/images/sv-werder-bremen/samuel-mbangula.png,2025-2026,DFL-SEA-0001K9,26,3,2,17,8,9,244,0,0,0,146.1,35.09,12,4,719,139,8
Werder Bremen,DFL-CLU-00000L,https://assets.bundesliga.com/clublogos/DFL-SEA-0001K9/DFL-CLU-00000L.svg,assets/logos/sv-werder-bremen.svg,Senne Maaike Lynen,DFL-OBJ-J01QJA,senne-lynen,14,Midfielder,1999-02-19,185,80,BEL,https://assets.bundesliga.com/player/dfl-obj-j01qja-dfl-clu-00000e-dfl-sea-0001k9.png,assets/images/sv-werder-bremen/senne-lynen.png,2025-2026,DFL-SEA-0001K9,31,0,0,26,5,21,350,4,0,0,360.5,33.48,7,32,2176,256,41
Werder Bremen,DFL-CLU-00000L,https://assets.bundesliga.com/clublogos/DFL-SEA-0001K9/DFL-CLU-00000L.svg,assets/logos/sv-werder-bremen.svg,Senne Maaike Lynen,DFL-OBJ-J01QJA,senne-lynen,14,Midfielder,1999-02-19,185,80,BEL,https://assets.bundesliga.com/player/dfl-obj-j01qja-dfl-clu-00000e-dfl-sea-0001k9.png,assets/images/sv-werder-bremen/senne-lynen.png,2024-2025,DFL-SEA-0001K8,32,0,1,23,3,20,579,9,0,0,363.2,32.95,2,38,1804,273,29
Werder Bremen,DFL-CLU-00000L,https://assets.bundesliga.com/clublogos/DFL-SEA-0001K9/DFL-CLU-00000L.svg,assets/logos/sv-werder-bremen.svg,Senne Maaike Lynen,DFL-OBJ-J01QJA,senne-lynen,14,Midfielder,1999-02-19,185,80,BEL,https://assets.bundesliga.com/player/dfl-obj-j01qja-dfl-clu-00000e-dfl-sea-0001k9.png,assets/images/sv-werder-bremen/senne-lynen.png,2023-2024,DFL-SEA-0001K7,32,0,3,11,1,10,393,6,0,0,243.6,34.78,3,32,1216,189,15
Werder Bremen,DFL-CLU-00000L,https://assets.bundesliga.com/clublogos/DFL-SEA-0001K9/DFL-CLU-00000L.svg,assets/logos/sv-werder-bremen.svg,Stefan Smarkalev,DFL-OBJ-J02498,stefan-smarkalev,37,Goalkeeper,2007-05-14,188,84,BGR,https://assets.bundesliga.com/player/dfl-obj-j02498-dfl-clu-00000e-dfl-sea-0001k9.png,assets/images/sv-werder-bremen/stefan-smarkalev.png,2025-2026,DFL-SEA-0001K9,,,,,,,,,,,,,,,,,
Werder Bremen,DFL-CLU-00000L,https://assets.bundesliga.com/clublogos/DFL-SEA-0001K9/DFL-CLU-00000L.svg,assets/logos/sv-werder-bremen.svg,Victor Okoh Boniface,DFL-OBJ-J01TL9,victor-boniface,44,Striker,2000-12-23,190,91,NGA,https://assets.bundesliga.com/player/dfl-obj-j01tl9-dfl-clu-00000e-dfl-sea-0001k9.png,assets/images/sv-werder-bremen/victor-boniface.png,2025-2026,DFL-SEA-0001K9,11,0,2,15,6,9,40,1,0,0,38.3,31.38,1,1,181,46,10
Werder Bremen,DFL-CLU-00000L,https://assets.bundesliga.com/clublogos/DFL-SEA-0001K9/DFL-CLU-00000L.svg,assets/logos/sv-werder-bremen.svg,Victor Okoh Boniface,DFL-OBJ-J01TL9,victor-boniface,44,Striker,2000-12-23,190,91,NGA,https://assets.bundesliga.com/player/dfl-obj-j01tl9-dfl-clu-00000e-dfl-sea-0001k9.png,assets/images/sv-werder-bremen/victor-boniface.png,2024-2025,DFL-SEA-0001K8,19,8,1,50,19,31,233,2,0,0,109.5,32.95,5,13,431,125,29
Werder Bremen,DFL-CLU-00000L,https://assets.bundesliga.com/clublogos/DFL-SEA-0001K9/DFL-CLU-00000L.svg,assets/logos/sv-werder-bremen.svg,Victor Okoh Boniface,DFL-OBJ-J01TL9,victor-boniface,44,Striker,2000-12-23,190,91,NGA,https://assets.bundesliga.com/player/dfl-obj-j01tl9-dfl-clu-00000e-dfl-sea-0001k9.png,assets/images/sv-werder-bremen/victor-boniface.png,2023-2024,DFL-SEA-0001K7,23,14,8,83,34,49,323,2,0,0,168.4,32.93,2,15,697,168,33
Werder Bremen,DFL-CLU-00000L,https://assets.bundesliga.com/clublogos/DFL-SEA-0001K9/DFL-CLU-00000L.svg,assets/logos/sv-werder-bremen.svg,Wesley Adeh,DFL-OBJ-J01XBU,wesley-adeh,34,Midfielder,2007-01-08,187,81,"DEU , NGA",https://assets.bundesliga.com/player/dfl-obj-j01xbu-dfl-clu-00000e-dfl-sea-0001k9.png,assets/images/sv-werder-bremen/wesley-adeh.png,2025-2026,DFL-SEA-0001K9,,,,,,,,,,,,,,,,,
Werder Bremen,DFL-CLU-00000L,https://assets.bundesliga.com/clublogos/DFL-SEA-0001K9/DFL-CLU-00000L.svg,assets/logos/sv-werder-bremen.svg,Yukinari Sugawara,DFL-OBJ-J01DCO,yukinari-sugawara,3,Defender,2000-06-28,179,71,JPN,https://assets.bundesliga.com/player/dfl-obj-j01dco-dfl-clu-00000e-dfl-sea-0001k9.png,assets/images/sv-werder-bremen/yukinari-sugawara.png,2025-2026,DFL-SEA-0001K9,31,0,6,30,10,20,414,2,0,0,296.3,32.76,56,22,1698,144,14
Hoffenheim,DFL-CLU-00000L,https://assets.bundesliga.com/clublogos/DFL-SEA-0001K9/DFL-CLU-00000L.svg,assets/logos/tsg-hoffenheim.svg,Adam Hložek,DFL-OBJ-J01G0J,adam-hlozek,23,Striker,2002-07-25,188,84,CZE,https://assets.bundesliga.com/player/dfl-obj-j01g0j-dfl-clu-000002-dfl-sea-0001k9.png,assets/images/tsg-hoffenheim/adam-hlozek.png,2025-2026,DFL-SEA-0001K9,5,0,0,3,1,2,6,0,0,0,6.5,33.53,0,0,29,8,1
Hoffenheim,DFL-CLU-00000L,https://assets.bundesliga.com/clublogos/DFL-SEA-0001K9/DFL-CLU-00000L.svg,assets/logos/tsg-hoffenheim.svg,Adam Hložek,DFL-OBJ-J01G0J,adam-hlozek,23,Striker,2002-07-25,188,84,CZE,https://assets.bundesliga.com/player/dfl-obj-j01g0j-dfl-clu-000002-dfl-sea-0001k9.png,assets/images/tsg-hoffenheim/adam-hlozek.png,2024-2025,DFL-SEA-0001K8,27,8,3,60,25,35,523,2,0,0,239.9,34.3,17,14,825,235,39
Hoffenheim,DFL-CLU-00000L,https://assets.bundesliga.com/clublogos/DFL-SEA-0001K9/DFL-CLU-00000L.svg,assets/logos/tsg-hoffenheim.svg,Adam Hložek,DFL-OBJ-J01G0J,adam-hlozek,23,Striker,2002-07-25,188,84,CZE,https://assets.bundesliga.com/player/dfl-obj-j01g0j-dfl-clu-000002-dfl-sea-0001k9.png,assets/images/tsg-hoffenheim/adam-hlozek.png,2023-2024,DFL-SEA-0001K7,23,2,3,17,5,12,133,1,0,0,67.5,33.89,0,8,233,56,8
Hoffenheim,DFL-CLU-00000L,https://assets.bundesliga.com/clublogos/DFL-SEA-0001K9/DFL-CLU-00000L.svg,assets/logos/tsg-hoffenheim.svg,Adam Hložek,DFL-OBJ-J01G0J,adam-hlozek,23,Striker,2002-07-25,188,84,CZE,https://assets.bundesliga.com/player/dfl-obj-j01g0j-dfl-clu-000002-dfl-sea-0001k9.png,assets/images/tsg-hoffenheim/adam-hlozek.png,2022-2023,DFL-SEA-0001K6,29,5,3,30,10,20,323,2,0,0,159.3,33.32,6,17,517,127,28
Hoffenheim,DFL-CLU-00000L,https://assets.bundesliga.com/clublogos/DFL-SEA-0001K9/DFL-CLU-00000L.svg,assets/logos/tsg-hoffenheim.svg,Albian Hajdari,DFL-OBJ-J02110,albian-hajdari,21,Defender,2003-05-18,189,80,"XKX , CHE",https://assets.bundesliga.com/player/dfl-obj-j02110-dfl-clu-000002-dfl-sea-0001k9.png,assets/images/tsg-hoffenheim/albian-hajdari.png,2025-2026,DFL-SEA-0001K9,30,1,2,18,4,14,314,10,0,0,294.4,31.96,7,42,2136,274,74
Hoffenheim,DFL-CLU-00000L,https://assets.bundesliga.com/clublogos/DFL-SEA-0001K9/DFL-CLU-00000L.svg,assets/logos/tsg-hoffenheim.svg,Alexander Prass,DFL-OBJ-J01T26,alexander-prass,22,Midfielder,2001-05-26,180,72,AUT,https://assets.bundesliga.com/player/dfl-obj-j01t26-dfl-clu-000002-dfl-sea-0001k9.png,assets/images/tsg-hoffenheim/alexander-prass.png,2025-2026,DFL-SEA-0001K9,32,3,2,18,11,7,447,4,0,0,186.9,33.95,22,24,820,155,21
Hoffenheim,DFL-CLU-00000L,https://assets.bundesliga.com/clublogos/DFL-SEA-0001K9/DFL-CLU-00000L.svg,assets/logos/tsg-hoffenheim.svg,Alexander Prass,DFL-OBJ-J01T26,alexander-prass,22,Midfielder,2001-05-26,180,72,AUT,https://assets.bundesliga.com/player/dfl-obj-j01t26-dfl-clu-000002-dfl-sea-0001k9.png,assets/images/tsg-hoffenheim/alexander-prass.png,2024-2025,DFL-SEA-0001K8,23,0,1,12,1,11,551,1,0,0,202.5,33.71,37,16,1253,169,24
Hoffenheim,DFL-CLU-00000L,https://assets.bundesliga.com/clublogos/DFL-SEA-0001K9/DFL-CLU-00000L.svg,assets/logos/tsg-hoffenheim.svg,Andrej Kramarić,DFL-OBJ-0026TU,andrej-kramaric,27,Midfielder,1991-06-19,177,73,HRV,https://assets.bundesliga.com/player/dfl-obj-0026tu-dfl-clu-000002-dfl-sea-0001k9.png,assets/images/tsg-hoffenheim/andrej-kramaric.png,2025-2026,DFL-SEA-0001K9,34,14,6,66,32,34,376,2,0,0,289.5,32.33,33,4,1340,114,7
Hoffenheim,DFL-CLU-00000L,https://assets.bundesliga.com/clublogos/DFL-SEA-0001K9/DFL-CLU-00000L.svg,assets/logos/tsg-hoffenheim.svg,Andrej Kramarić,DFL-OBJ-0026TU,andrej-kramaric,27,Midfielder,1991-06-19,177,73,HRV,https://assets.bundesliga.com/player/dfl-obj-0026tu-dfl-clu-000002-dfl-sea-0001k9.png,assets/images/tsg-hoffenheim/andrej-kramaric.png,2024-2025,DFL-SEA-0001K8,32,11,8,69,26,43,686,4,0,0,362.9,32.61,58,11,1665,165,12
Hoffenheim,DFL-CLU-00000L,https://assets.bundesliga.com/clublogos/DFL-SEA-0001K9/DFL-CLU-00000L.svg,assets/logos/tsg-hoffenheim.svg,Andrej Kramarić,DFL-OBJ-0026TU,andrej-kramaric,27,Midfielder,1991-06-19,177,73,HRV,https://assets.bundesliga.com/player/dfl-obj-0026tu-dfl-clu-000002-dfl-sea-0001k9.png,assets/images/tsg-hoffenheim/andrej-kramaric.png,2023-2024,DFL-SEA-0001K7,30,15,6,71,35,36,628,4,0,0,293.7,33.01,24,9,1445,147,10
Hoffenheim,DFL-CLU-00000L,https://assets.bundesliga.com/clublogos/DFL-SEA-0001K9/DFL-CLU-00000L.svg,assets/logos/tsg-hoffenheim.svg,Andrej Kramarić,DFL-OBJ-0026TU,andrej-kramaric,27,Midfielder,1991-06-19,177,73,HRV,https://assets.bundesliga.com/player/dfl-obj-0026tu-dfl-clu-000002-dfl-sea-0001k9.png,assets/images/tsg-hoffenheim/andrej-kramaric.png,2022-2023,DFL-SEA-0001K6,32,12,3,64,27,37,680,3,0,0,306,33.01,34,7,1334,154,4
Hoffenheim,DFL-CLU-00000L,https://assets.bundesliga.com/clublogos/DFL-SEA-0001K9/DFL-CLU-00000L.svg,assets/logos/tsg-hoffenheim.svg,Andrej Kramarić,DFL-OBJ-0026TU,andrej-kramaric,27,Midfielder,1991-06-19,177,73,HRV,https://assets.bundesliga.com/player/dfl-obj-0026tu-dfl-clu-000002-dfl-sea-0001k9.png,assets/images/tsg-hoffenheim/andrej-kramaric.png,2021-2022,DFL-SEA-0001K5,32,6,9,95,36,59,846,2,0,0,347.1,32.8,43,8,1428,160,14
Hoffenheim,DFL-CLU-00000L,https://assets.bundesliga.com/clublogos/DFL-SEA-0001K9/DFL-CLU-00000L.svg,assets/logos/tsg-hoffenheim.svg,Andrej Kramarić,DFL-OBJ-0026TU,andrej-kramaric,27,Midfielder,1991-06-19,177,73,HRV,https://assets.bundesliga.com/player/dfl-obj-0026tu-dfl-clu-000002-dfl-sea-0001k9.png,assets/images/tsg-hoffenheim/andrej-kramaric.png,2020-2021,DFL-SEA-0001K4,29,20,5,96,44,52,783,2,0,0,301.7,32.53,60,0,1359,167,10
Hoffenheim,DFL-CLU-00000L,https://assets.bundesliga.com/clublogos/DFL-SEA-0001K9/DFL-CLU-00000L.svg,assets/logos/tsg-hoffenheim.svg,Andrej Kramarić,DFL-OBJ-0026TU,andrej-kramaric,27,Midfielder,1991-06-19,177,73,HRV,https://assets.bundesliga.com/player/dfl-obj-0026tu-dfl-clu-000002-dfl-sea-0001k9.png,assets/images/tsg-hoffenheim/andrej-kramaric.png,2019-2020,DFL-SEA-0001K3,19,12,2,43,25,18,425,3,0,0,181.3,32.72,20,5,737,97,12
Hoffenheim,DFL-CLU-00000L,https://assets.bundesliga.com/clublogos/DFL-SEA-0001K9/DFL-CLU-00000L.svg,assets/logos/tsg-hoffenheim.svg,Bazoumana Toure,DFL-OBJ-J0231Z,bazoumana-toure,29,Striker,2006-03-02,175,70,CIV,https://assets.bundesliga.com/player/dfl-obj-j0231z-dfl-clu-000002-dfl-sea-0001k9.png,assets/images/tsg-hoffenheim/bazoumana-toure.png,2025-2026,DFL-SEA-0001K9,30,5,9,47,12,35,763,2,0,0,276.4,35.98,98,43,1229,270,29
Hoffenheim,DFL-CLU-00000L,https://assets.bundesliga.com/clublogos/DFL-SEA-0001K9/DFL-CLU-00000L.svg,assets/logos/tsg-hoffenheim.svg,Bazoumana Toure,DFL-OBJ-J0231Z,bazoumana-toure,29,Striker,2006-03-02,175,70,CIV,https://assets.bundesliga.com/player/dfl-obj-j0231z-dfl-clu-000002-dfl-sea-0001k9.png,assets/images/tsg-hoffenheim/bazoumana-toure.png,2024-2025,DFL-SEA-0001K8,13,0,3,20,6,14,254,1,0,0,74.6,36.24,22,12,305,70,9
Hoffenheim,DFL-CLU-00000L,https://assets.bundesliga.com/clublogos/DFL-SEA-0001K9/DFL-CLU-00000L.svg,assets/logos/tsg-hoffenheim.svg,Bernardo Fernandes da Silva Junior,DFL-OBJ-0027FU,bernardo,13,Defender,1995-05-14,186,77,BRA,https://assets.bundesliga.com/player/dfl-obj-0027fu-dfl-clu-000002-dfl-sea-0001k9.png,assets/images/tsg-hoffenheim/bernardo.png,2025-2026,DFL-SEA-0001K9,29,0,0,9,0,9,326,9,0,0,273.2,32.25,15,38,1929,347,117
Hoffenheim,DFL-CLU-00000L,https://assets.bundesliga.com/clublogos/DFL-SEA-0001K9/DFL-CLU-00000L.svg,assets/logos/tsg-hoffenheim.svg,Bernardo Fernandes da Silva Junior,DFL-OBJ-0027FU,bernardo,13,Defender,1995-05-14,186,77,BRA,https://assets.bundesliga.com/player/dfl-obj-0027fu-dfl-clu-000002-dfl-sea-0001k9.png,assets/images/tsg-hoffenheim/bernardo.png,2024-2025,DFL-SEA-0001K8,21,0,0,7,3,4,317,5,0,0,196.4,32.99,8,23,1303,266,105
Hoffenheim,DFL-CLU-00000L,https://assets.bundesliga.com/clublogos/DFL-SEA-0001K9/DFL-CLU-00000L.svg,assets/logos/tsg-hoffenheim.svg,Bernardo Fernandes da Silva Junior,DFL-OBJ-0027FU,bernardo,13,Defender,1995-05-14,186,77,BRA,https://assets.bundesliga.com/player/dfl-obj-0027fu-dfl-clu-000002-dfl-sea-0001k9.png,assets/images/tsg-hoffenheim/bernardo.png,2023-2024,DFL-SEA-0001K7,33,1,0,22,7,15,730,9,0,0,340.1,33.77,17,50,2184,504,166
Hoffenheim,DFL-CLU-00000L,https://assets.bundesliga.com/clublogos/DFL-SEA-0001K9/DFL-CLU-00000L.svg,assets/logos/tsg-hoffenheim.svg,Christian Ilzer,DFL-OBJ-J0141C,christian-ilzer,,Hoffenheim,1977-10-21,0,,AUT,https://assets.bundesliga.com/person/dfl-obj-j0141c-dfl-clu-000002-dfl-sea-0001k9.png,assets/images/tsg-hoffenheim/christian-ilzer.png,2025-2026,DFL-SEA-0001K9,,,,,,,,,,,,,,,,,
Hoffenheim,DFL-CLU-00000L,https://assets.bundesliga.com/clublogos/DFL-SEA-0001K9/DFL-CLU-00000L.svg,assets/logos/tsg-hoffenheim.svg,William Cole Campbell,DFL-OBJ-J01XKB,cole-campbell,20,Striker,2006-02-20,170,68,"USA , ISL",https://assets.bundesliga.com/player/dfl-obj-j01xkb-dfl-clu-000002-dfl-sea-0001k9.png,assets/images/tsg-hoffenheim/cole-campbell.png,2025-2026,DFL-SEA-0001K9,6,0,0,3,0,3,40,0,0,0,14,34.23,3,0,52,8,1
Hoffenheim,DFL-CLU-00000L,https://assets.bundesliga.com/clublogos/DFL-SEA-0001K9/DFL-CLU-00000L.svg,assets/logos/tsg-hoffenheim.svg,William Cole Campbell,DFL-OBJ-J01XKB,cole-campbell,20,Striker,2006-02-20,170,68,"USA , ISL",https://assets.bundesliga.com/player/dfl-obj-j01xkb-dfl-clu-000002-dfl-sea-0001k9.png,assets/images/tsg-hoffenheim/cole-campbell.png,2024-2025,DFL-SEA-0001K8,4,0,0,0,0,0,20,0,0,0,5.6,36.04,1,1,27,4,0
Hoffenheim,DFL-CLU-00000L,https://assets.bundesliga.com/clublogos/DFL-SEA-0001K9/DFL-CLU-00000L.svg,assets/logos/tsg-hoffenheim.svg,Deniz Zeitler,DFL-OBJ-J01Z9C,deniz-zeitler,38,Striker,2006-12-13,181,65,"DEU , TUR",https://assets.bundesliga.com/player/dfl-obj-j01z9c-dfl-clu-000002-dfl-sea-0001k9.png,assets/images/tsg-hoffenheim/deniz-zeitler.png,2025-2026,DFL-SEA-0001K9,,,,,,,,,,,,,,,,,
Hoffenheim,DFL-CLU-00000L,https://assets.bundesliga.com/clublogos/DFL-SEA-0001K9/DFL-CLU-00000L.svg,assets/logos/tsg-hoffenheim.svg,Fisnik Asllani,DFL-OBJ-002GN3,fisnik-asllani,11,Striker,2002-08-08,188,81,"XKX , DEU",https://assets.bundesliga.com/player/dfl-obj-002gn3-dfl-clu-000002-dfl-sea-0001k9.png,assets/images/tsg-hoffenheim/fisnik-asllani.png,2025-2026,DFL-SEA-0001K9,33,10,7,74,30,44,326,2,0,0,308.9,31.76,6,23,1001,221,26
Hoffenheim,DFL-CLU-00000L,https://assets.bundesliga.com/clublogos/DFL-SEA-0001K9/DFL-CLU-00000L.svg,assets/logos/tsg-hoffenheim.svg,Fisnik Asllani,DFL-OBJ-002GN3,fisnik-asllani,11,Striker,2002-08-08,188,81,"XKX , DEU",https://assets.bundesliga.com/player/dfl-obj-002gn3-dfl-clu-000002-dfl-sea-0001k9.png,assets/images/tsg-hoffenheim/fisnik-asllani.png,2022-2023,DFL-SEA-0001K6,8,0,0,8,0,8,61,0,0,0,26.1,32.14,1,2,102,22,7
Hoffenheim,DFL-CLU-00000L,https://assets.bundesliga.com/clublogos/DFL-SEA-0001K9/DFL-CLU-00000L.svg,assets/logos/tsg-hoffenheim.svg,Fisnik Asllani,DFL-OBJ-002GN3,fisnik-asllani,11,Striker,2002-08-08,188,81,"XKX , DEU",https://assets.bundesliga.com/player/dfl-obj-002gn3-dfl-clu-000002-dfl-sea-0001k9.png,assets/images/tsg-hoffenheim/fisnik-asllani.png,2021-2022,DFL-SEA-0001K5,2,0,0,0,0,0,9,0,0,0,2.6,28.07,0,0,9,1,0
Hoffenheim,DFL-CLU-00000L,https://assets.bundesliga.com/clublogos/DFL-SEA-0001K9/DFL-CLU-00000L.svg,assets/logos/tsg-hoffenheim.svg,Florian Peter Micheler,DFL-OBJ-J021TV,florian-micheler,57,Midfielder,2005-05-17,185,76,AUT,https://assets.bundesliga.com/player/dfl-obj-j021tv-dfl-clu-000002-dfl-sea-0001k9.png,assets/images/tsg-hoffenheim/florian-micheler.png,2024-2025,DFL-SEA-0001K8,1,0,0,0,0,0,5,1,0,0,4.5,27.56,0,1,13,2,0
Hoffenheim,DFL-CLU-00000L,https://assets.bundesliga.com/clublogos/DFL-SEA-0001K9/DFL-CLU-00000L.svg,assets/logos/tsg-hoffenheim.svg,Grischa Prömel,DFL-OBJ-0025J3,grischa-promel,6,Midfielder,1995-01-09,180,75,DEU,https://assets.bundesliga.com/player/dfl-obj-0025j3-dfl-clu-000002-dfl-sea-0001k9.png,assets/images/tsg-hoffenheim/grischa-promel.png,2025-2026,DFL-SEA-0001K9,33,7,2,42,14,28,333,5,0,0,260.4,32.54,12,24,1270,186,30
Hoffenheim,DFL-CLU-00000L,https://assets.bundesliga.com/clublogos/DFL-SEA-0001K9/DFL-CLU-00000L.svg,assets/logos/tsg-hoffenheim.svg,Grischa Prömel,DFL-OBJ-0025J3,grischa-promel,6,Midfielder,1995-01-09,180,75,DEU,https://assets.bundesliga.com/player/dfl-obj-0025j3-dfl-clu-000002-dfl-sea-0001k9.png,assets/images/tsg-hoffenheim/grischa-promel.png,2024-2025,DFL-SEA-0001K8,2,0,0,0,0,0,15,0,0,0,23.5,30.52,2,0,111,10,2
Hoffenheim,DFL-CLU-00000L,https://assets.bundesliga.com/clublogos/DFL-SEA-0001K9/DFL-CLU-00000L.svg,assets/logos/tsg-hoffenheim.svg,Grischa Prömel,DFL-OBJ-0025J3,grischa-promel,6,Midfielder,1995-01-09,180,75,DEU,https://assets.bundesliga.com/player/dfl-obj-0025j3-dfl-clu-000002-dfl-sea-0001k9.png,assets/images/tsg-hoffenheim/grischa-promel.png,2023-2024,DFL-SEA-0001K7,28,4,5,25,8,17,470,8,0,0,306.3,32.36,8,32,1260,167,19
Hoffenheim,DFL-CLU-00000L,https://assets.bundesliga.com/clublogos/DFL-SEA-0001K9/DFL-CLU-00000L.svg,assets/logos/tsg-hoffenheim.svg,Grischa Prömel,DFL-OBJ-0025J3,grischa-promel,6,Midfielder,1995-01-09,180,75,DEU,https://assets.bundesliga.com/player/dfl-obj-0025j3-dfl-clu-000002-dfl-sea-0001k9.png,assets/images/tsg-hoffenheim/grischa-promel.png,2022-2023,DFL-SEA-0001K6,18,1,1,24,8,16,399,4,0,0,190.2,32.97,4,30,691,150,27
Hoffenheim,DFL-CLU-00000L,https://assets.bundesliga.com/clublogos/DFL-SEA-0001K9/DFL-CLU-00000L.svg,assets/logos/tsg-hoffenheim.svg,Grischa Prömel,DFL-OBJ-0025J3,grischa-promel,6,Midfielder,1995-01-09,180,75,DEU,https://assets.bundesliga.com/player/dfl-obj-0025j3-dfl-clu-000002-dfl-sea-0001k9.png,assets/images/tsg-hoffenheim/grischa-promel.png,2021-2022,DFL-SEA-0001K5,29,8,1,35,12,23,645,5,0,0,335.7,32.57,6,36,1302,259,42
Hoffenheim,DFL-CLU-00000L,https://assets.bundesliga.com/clublogos/DFL-SEA-0001K9/DFL-CLU-00000L.svg,assets/logos/tsg-hoffenheim.svg,Grischa Prömel,DFL-OBJ-0025J3,grischa-promel,6,Midfielder,1995-01-09,180,75,DEU,https://assets.bundesliga.com/player/dfl-obj-0025j3-dfl-clu-000002-dfl-sea-0001k9.png,assets/images/tsg-hoffenheim/grischa-promel.png,2020-2021,DFL-SEA-0001K4,25,3,1,19,5,14,396,7,0,0,252.6,33.19,7,28,996,238,34
Hoffenheim,DFL-CLU-00000L,https://assets.bundesliga.com/clublogos/DFL-SEA-0001K9/DFL-CLU-00000L.svg,assets/logos/tsg-hoffenheim.svg,Grischa Prömel,DFL-OBJ-0025J3,grischa-promel,6,Midfielder,1995-01-09,180,75,DEU,https://assets.bundesliga.com/player/dfl-obj-0025j3-dfl-clu-000002-dfl-sea-0001k9.png,assets/images/tsg-hoffenheim/grischa-promel.png,2019-2020,DFL-SEA-0001K3,16,0,0,10,4,6,201,2,0,0,128,32.15,1,21,462,107,17
Hoffenheim,DFL-CLU-00000L,https://assets.bundesliga.com/clublogos/DFL-SEA-0001K9/DFL-CLU-00000L.svg,assets/logos/tsg-hoffenheim.svg,Ihlas Bebou,DFL-OBJ-0001V0,ihlas-bebou,9,Striker,1994-04-23,185,80,"TGO , DEU",https://assets.bundesliga.com/player/dfl-obj-0001v0-dfl-clu-000002-dfl-sea-0001k9.png,assets/images/tsg-hoffenheim/ihlas-bebou.png,2025-2026,DFL-SEA-0001K9,16,0,0,4,2,2,67,1,0,0,32.8,33.44,1,6,86,24,0
Hoffenheim,DFL-CLU-00000L,https://assets.bundesliga.com/clublogos/DFL-SEA-0001K9/DFL-CLU-00000L.svg,assets/logos/tsg-hoffenheim.svg,Ihlas Bebou,DFL-OBJ-0001V0,ihlas-bebou,9,Striker,1994-04-23,185,80,"TGO , DEU",https://assets.bundesliga.com/player/dfl-obj-0001v0-dfl-clu-000002-dfl-sea-0001k9.png,assets/images/tsg-hoffenheim/ihlas-bebou.png,2024-2025,DFL-SEA-0001K8,1,0,0,0,0,0,2,0,0,0,1.4,30.19,0,0,6,1,0
Hoffenheim,DFL-CLU-00000L,https://assets.bundesliga.com/clublogos/DFL-SEA-0001K9/DFL-CLU-00000L.svg,assets/logos/tsg-hoffenheim.svg,Ihlas Bebou,DFL-OBJ-0001V0,ihlas-bebou,9,Striker,1994-04-23,185,80,"TGO , DEU",https://assets.bundesliga.com/player/dfl-obj-0001v0-dfl-clu-000002-dfl-sea-0001k9.png,assets/images/tsg-hoffenheim/ihlas-bebou.png,2023-2024,DFL-SEA-0001K7,32,7,5,38,15,23,563,3,0,0,209,35.02,27,24,807,200,37
Hoffenheim,DFL-CLU-00000L,https://assets.bundesliga.com/clublogos/DFL-SEA-0001K9/DFL-CLU-00000L.svg,assets/logos/tsg-hoffenheim.svg,Ihlas Bebou,DFL-OBJ-0001V0,ihlas-bebou,9,Striker,1994-04-23,185,80,"TGO , DEU",https://assets.bundesliga.com/player/dfl-obj-0001v0-dfl-clu-000002-dfl-sea-0001k9.png,assets/images/tsg-hoffenheim/ihlas-bebou.png,2022-2023,DFL-SEA-0001K6,19,7,0,29,13,16,486,2,0,0,175.5,35.23,13,20,606,155,30
Hoffenheim,DFL-CLU-00000L,https://assets.bundesliga.com/clublogos/DFL-SEA-0001K9/DFL-CLU-00000L.svg,assets/logos/tsg-hoffenheim.svg,Ihlas Bebou,DFL-OBJ-0001V0,ihlas-bebou,9,Striker,1994-04-23,185,80,"TGO , DEU",https://assets.bundesliga.com/player/dfl-obj-0001v0-dfl-clu-000002-dfl-sea-0001k9.png,assets/images/tsg-hoffenheim/ihlas-bebou.png,2021-2022,DFL-SEA-0001K5,28,7,2,45,14,31,750,0,0,0,256.2,35.11,42,25,954,234,54
Hoffenheim,DFL-CLU-00000L,https://assets.bundesliga.com/clublogos/DFL-SEA-0001K9/DFL-CLU-00000L.svg,assets/logos/tsg-hoffenheim.svg,Ihlas Bebou,DFL-OBJ-0001V0,ihlas-bebou,9,Striker,1994-04-23,185,80,"TGO , DEU",https://assets.bundesliga.com/player/dfl-obj-0001v0-dfl-clu-000002-dfl-sea-0001k9.png,assets/images/tsg-hoffenheim/ihlas-bebou.png,2020-2021,DFL-SEA-0001K4,34,9,7,48,21,27,892,3,0,0,288.9,35.21,39,23,1040,321,64
Hoffenheim,DFL-CLU-00000L,https://assets.bundesliga.com/clublogos/DFL-SEA-0001K9/DFL-CLU-00000L.svg,assets/logos/tsg-hoffenheim.svg,Ihlas Bebou,DFL-OBJ-0001V0,ihlas-bebou,9,Striker,1994-04-23,185,80,"TGO , DEU",https://assets.bundesliga.com/player/dfl-obj-0001v0-dfl-clu-000002-dfl-sea-0001k9.png,assets/images/tsg-hoffenheim/ihlas-bebou.png,2019-2020,DFL-SEA-0001K3,32,6,1,35,18,17,701,1,0,0,272.8,35.57,28,23,1041,294,68
Hoffenheim,DFL-CLU-00000L,https://assets.bundesliga.com/clublogos/DFL-SEA-0001K9/DFL-CLU-00000L.svg,assets/logos/tsg-hoffenheim.svg,Kelven Olagie Frees,DFL-OBJ-J01NQ9,kelven-frees,45,Defender,2005-02-03,202,93,"DEU , NGA",https://assets.bundesliga.com/player/dfl-obj-j01nq9-dfl-clu-000002-dfl-sea-0001k9.png,assets/images/tsg-hoffenheim/kelven-frees.png,2025-2026,DFL-SEA-0001K9,,,,,,,,,,,,,,,,,
Hoffenheim,DFL-CLU-00000L,https://assets.bundesliga.com/clublogos/DFL-SEA-0001K9/DFL-CLU-00000L.svg,assets/logos/tsg-hoffenheim.svg,Kevin John Ufuoma Akpoguma,DFL-OBJ-0001LZ,kevin-akpoguma,25,Defender,1995-04-19,192,85,"NGA , DEU",https://assets.bundesliga.com/player/dfl-obj-0001lz-dfl-clu-000002-dfl-sea-0001k9.png,assets/images/tsg-hoffenheim/kevin-akpoguma.png,2025-2026,DFL-SEA-0001K9,8,0,0,0,0,0,19,0,0,0,10.7,32.27,0,1,59,10,1
Hoffenheim,DFL-CLU-00000L,https://assets.bundesliga.com/clublogos/DFL-SEA-0001K9/DFL-CLU-00000L.svg,assets/logos/tsg-hoffenheim.svg,Kevin John Ufuoma Akpoguma,DFL-OBJ-0001LZ,kevin-akpoguma,25,Defender,1995-04-19,192,85,"NGA , DEU",https://assets.bundesliga.com/player/dfl-obj-0001lz-dfl-clu-000002-dfl-sea-0001k9.png,assets/images/tsg-hoffenheim/kevin-akpoguma.png,2024-2025,DFL-SEA-0001K8,32,0,0,5,1,4,475,3,0,0,255.6,34.16,6,22,1776,255,58
Hoffenheim,DFL-CLU-00000L,https://assets.bundesliga.com/clublogos/DFL-SEA-0001K9/DFL-CLU-00000L.svg,assets/logos/tsg-hoffenheim.svg,Kevin John Ufuoma Akpoguma,DFL-OBJ-0001LZ,kevin-akpoguma,25,Defender,1995-04-19,192,85,"NGA , DEU",https://assets.bundesliga.com/player/dfl-obj-0001lz-dfl-clu-000002-dfl-sea-0001k9.png,assets/images/tsg-hoffenheim/kevin-akpoguma.png,2023-2024,DFL-SEA-0001K7,17,0,0,2,0,2,239,7,0,0,132.3,32.56,3,14,895,148,31
Hoffenheim,DFL-CLU-00000L,https://assets.bundesliga.com/clublogos/DFL-SEA-0001K9/DFL-CLU-00000L.svg,assets/logos/tsg-hoffenheim.svg,Kevin John Ufuoma Akpoguma,DFL-OBJ-0001LZ,kevin-akpoguma,25,Defender,1995-04-19,192,85,"NGA , DEU",https://assets.bundesliga.com/player/dfl-obj-0001lz-dfl-clu-000002-dfl-sea-0001k9.png,assets/images/tsg-hoffenheim/kevin-akpoguma.png,2022-2023,DFL-SEA-0001K6,28,0,0,8,1,7,432,11,0,0,214.1,34.23,5,31,1349,264,73
Hoffenheim,DFL-CLU-00000L,https://assets.bundesliga.com/clublogos/DFL-SEA-0001K9/DFL-CLU-00000L.svg,assets/logos/tsg-hoffenheim.svg,Kevin John Ufuoma Akpoguma,DFL-OBJ-0001LZ,kevin-akpoguma,25,Defender,1995-04-19,192,85,"NGA , DEU",https://assets.bundesliga.com/player/dfl-obj-0001lz-dfl-clu-000002-dfl-sea-0001k9.png,assets/images/tsg-hoffenheim/kevin-akpoguma.png,2021-2022,DFL-SEA-0001K5,26,2,2,12,5,7,450,5,0,0,184,33.8,21,24,1193,214,24
Hoffenheim,DFL-CLU-00000L,https://assets.bundesliga.com/clublogos/DFL-SEA-0001K9/DFL-CLU-00000L.svg,assets/logos/tsg-hoffenheim.svg,Kevin John Ufuoma Akpoguma,DFL-OBJ-0001LZ,kevin-akpoguma,25,Defender,1995-04-19,192,85,"NGA , DEU",https://assets.bundesliga.com/player/dfl-obj-0001lz-dfl-clu-000002-dfl-sea-0001k9.png,assets/images/tsg-hoffenheim/kevin-akpoguma.png,2020-2021,DFL-SEA-0001K4,18,1,0,3,2,1,316,1,0,0,144.7,34.65,6,12,922,134,30
Hoffenheim,DFL-CLU-00000L,https://assets.bundesliga.com/clublogos/DFL-SEA-0001K9/DFL-CLU-00000L.svg,assets/logos/tsg-hoffenheim.svg,Kevin John Ufuoma Akpoguma,DFL-OBJ-0001LZ,kevin-akpoguma,25,Defender,1995-04-19,192,85,"NGA , DEU",https://assets.bundesliga.com/player/dfl-obj-0001lz-dfl-clu-000002-dfl-sea-0001k9.png,assets/images/tsg-hoffenheim/kevin-akpoguma.png,2019-2020,DFL-SEA-0001K3,18,0,0,2,0,2,217,2,0,0,130.5,33.87,1,8,941,121,29
Hoffenheim,DFL-CLU-00000L,https://assets.bundesliga.com/clublogos/DFL-SEA-0001K9/DFL-CLU-00000L.svg,assets/logos/tsg-hoffenheim.svg,Koki Machida,DFL-OBJ-J01H9P,koki-machida,28,Defender,1997-08-25,190,70,JPN,https://assets.bundesliga.com/player/dfl-obj-j01h9p-dfl-clu-000002-dfl-sea-0001k9.png,assets/images/tsg-hoffenheim/koki-machida.png,2025-2026,DFL-SEA-0001K9,1,0,0,0,0,0,2,1,0,0,4.3,31.59,0,2,44,3,0
Hoffenheim,DFL-CLU-00000L,https://assets.bundesliga.com/clublogos/DFL-SEA-0001K9/DFL-CLU-00000L.svg,assets/logos/tsg-hoffenheim.svg,Leon Avdullahu,DFL-OBJ-J0244Y,leon-avdullahu,7,Midfielder,2004-02-23,185,79,"XKX , CHE",https://assets.bundesliga.com/player/dfl-obj-j0244y-dfl-clu-000002-dfl-sea-0001k9.png,assets/images/tsg-hoffenheim/leon-avdullahu.png,2025-2026,DFL-SEA-0001K9,33,0,1,13,2,11,441,5,0,0,373.3,33.55,11,27,2458,237,35
Hoffenheim,DFL-CLU-00000L,https://assets.bundesliga.com/clublogos/DFL-SEA-0001K9/DFL-CLU-00000L.svg,assets/logos/tsg-hoffenheim.svg,Luca Erlein,DFL-OBJ-J01NOU,luca-erlein,54,Defender,2007-07-05,190,78,DEU,https://assets.bundesliga.com/player/dfl-obj-j01nou-dfl-clu-000002-dfl-sea-0001k9.png,assets/images/tsg-hoffenheim/luca-erlein.png,2025-2026,DFL-SEA-0001K9,,,,,,,,,,,,,,,,,
Hoffenheim,DFL-CLU-00000L,https://assets.bundesliga.com/clublogos/DFL-SEA-0001K9/DFL-CLU-00000L.svg,assets/logos/tsg-hoffenheim.svg,Luca Dante Philipp,DFL-OBJ-002GDM,luca-philipp,37,Goalkeeper,2000-11-28,192,83,DEU,https://assets.bundesliga.com/player/dfl-obj-002gdm-dfl-clu-000002-dfl-sea-0001k9.png,assets/images/tsg-hoffenheim/luca-philipp.png,2024-2025,DFL-SEA-0001K8,6,0,0,0,0,0,0,0,0,0,35.1,25.31,0,0,236,0,0
Hoffenheim,DFL-CLU-00000L,https://assets.bundesliga.com/clublogos/DFL-SEA-0001K9/DFL-CLU-00000L.svg,assets/logos/tsg-hoffenheim.svg,Luca Dante Philipp,DFL-OBJ-002GDM,luca-philipp,37,Goalkeeper,2000-11-28,192,83,DEU,https://assets.bundesliga.com/player/dfl-obj-002gdm-dfl-clu-000002-dfl-sea-0001k9.png,assets/images/tsg-hoffenheim/luca-philipp.png,2023-2024,DFL-SEA-0001K7,0,0,0,0,0,0,0,1,0,0,0,0,0,0,0,0,0
Hoffenheim,DFL-CLU-00000L,https://assets.bundesliga.com/clublogos/DFL-SEA-0001K9/DFL-CLU-00000L.svg,assets/logos/tsg-hoffenheim.svg,Luis Engelns,DFL-OBJ-J020OM,luis-engelns,16,Midfielder,2007-03-11,188,74,DEU,https://assets.bundesliga.com/player/dfl-obj-j020om-dfl-clu-000002-dfl-sea-0001k9.png,assets/images/tsg-hoffenheim/luis-engelns.png,2025-2026,DFL-SEA-0001K9,,,,,,,,,,,,,,,,,
Hoffenheim,DFL-CLU-00000L,https://assets.bundesliga.com/clublogos/DFL-SEA-0001K9/DFL-CLU-00000L.svg,assets/logos/tsg-hoffenheim.svg,Luka Đurić,DFL-OBJ-J01CZV,luka-duric,48,Midfielder,2003-06-18,181,74,"DEU , BIH",https://assets.bundesliga.com/player/dfl-obj-j01czv-dfl-clu-000002-dfl-sea-0001k9.png,assets/images/tsg-hoffenheim/luka-duric.png,2025-2026,DFL-SEA-0001K9,1,0,0,0,0,0,4,0,0,0,1.8,28.99,0,0,4,0,0
Hoffenheim,DFL-CLU-00000L,https://assets.bundesliga.com/clublogos/DFL-SEA-0001K9/DFL-CLU-00000L.svg,assets/logos/tsg-hoffenheim.svg,Lúkas Blöndal Petersson,DFL-OBJ-J020UG,lukas-petersson,36,Goalkeeper,2004-02-09,195,96,"DEU , ISL",https://assets.bundesliga.com/player/dfl-obj-j020ug-dfl-clu-000002-dfl-sea-0001k9.png,assets/images/tsg-hoffenheim/lukas-petersson.png,2025-2026,DFL-SEA-0001K9,,,,,,,,,,,,,,,,,
Hoffenheim,DFL-CLU-00000L,https://assets.bundesliga.com/clublogos/DFL-SEA-0001K9/DFL-CLU-00000L.svg,assets/logos/tsg-hoffenheim.svg,Max Moerstedt,DFL-OBJ-J01KA5,max-moerstedt,33,Striker,2006-01-15,194,77,DEU,https://assets.bundesliga.com/player/dfl-obj-j01ka5-dfl-clu-000002-dfl-sea-0001k9.png,assets/images/tsg-hoffenheim/max-moerstedt.png,2025-2026,DFL-SEA-0001K9,22,2,0,7,4,3,93,2,0,0,72,32.75,3,13,193,60,15
Hoffenheim,DFL-CLU-00000L,https://assets.bundesliga.com/clublogos/DFL-SEA-0001K9/DFL-CLU-00000L.svg,assets/logos/tsg-hoffenheim.svg,Max Moerstedt,DFL-OBJ-J01KA5,max-moerstedt,33,Striker,2006-01-15,194,77,DEU,https://assets.bundesliga.com/player/dfl-obj-j01ka5-dfl-clu-000002-dfl-sea-0001k9.png,assets/images/tsg-hoffenheim/max-moerstedt.png,2024-2025,DFL-SEA-0001K8,12,0,0,12,4,8,78,2,0,0,64.8,30.53,0,6,174,57,17
Hoffenheim,DFL-CLU-00000L,https://assets.bundesliga.com/clublogos/DFL-SEA-0001K9/DFL-CLU-00000L.svg,assets/logos/tsg-hoffenheim.svg,Max Moerstedt,DFL-OBJ-J01KA5,max-moerstedt,33,Striker,2006-01-15,194,77,DEU,https://assets.bundesliga.com/player/dfl-obj-j01ka5-dfl-clu-000002-dfl-sea-0001k9.png,assets/images/tsg-hoffenheim/max-moerstedt.png,2023-2024,DFL-SEA-0001K7,1,0,0,0,0,0,3,0,0,0,2.3,28.78,0,0,4,0,0
Hoffenheim,DFL-CLU-00000L,https://assets.bundesliga.com/clublogos/DFL-SEA-0001K9/DFL-CLU-00000L.svg,assets/logos/tsg-hoffenheim.svg,Muhammed Mehmet Damar,DFL-OBJ-J01NGW,muhammed-damar,10,Midfielder,2004-04-09,185,73,"DEU , TUR",https://assets.bundesliga.com/player/dfl-obj-j01ngw-dfl-clu-000002-dfl-sea-0001k9.png,assets/images/tsg-hoffenheim/muhammed-damar.png,2025-2026,DFL-SEA-0001K9,15,0,0,13,8,5,77,0,0,0,45.3,31.42,3,4,223,20,2
Hoffenheim,DFL-CLU-00000L,https://assets.bundesliga.com/clublogos/DFL-SEA-0001K9/DFL-CLU-00000L.svg,assets/logos/tsg-hoffenheim.svg,Muhammed Mehmet Damar,DFL-OBJ-J01NGW,muhammed-damar,10,Midfielder,2004-04-09,185,73,"DEU , TUR",https://assets.bundesliga.com/player/dfl-obj-j01ngw-dfl-clu-000002-dfl-sea-0001k9.png,assets/images/tsg-hoffenheim/muhammed-damar.png,2022-2023,DFL-SEA-0001K6,6,0,0,1,0,1,50,0,0,0,23,30.89,2,6,95,17,2
Hoffenheim,DFL-CLU-00000L,https://assets.bundesliga.com/clublogos/DFL-SEA-0001K9/DFL-CLU-00000L.svg,assets/logos/tsg-hoffenheim.svg,Oliver Baumann,DFL-OBJ-00001E,oliver-baumann,1,Goalkeeper,1990-06-02,187,82,DEU,https://assets.bundesliga.com/player/dfl-obj-00001e-dfl-clu-000002-dfl-sea-0001k9.png,assets/images/tsg-hoffenheim/oliver-baumann.png,2025-2026,DFL-SEA-0001K9,34,0,0,0,0,0,24,3,0,0,205.2,31.8,0,1,1635,0,0
Hoffenheim,DFL-CLU-00000L,https://assets.bundesliga.com/clublogos/DFL-SEA-0001K9/DFL-CLU-00000L.svg,assets/logos/tsg-hoffenheim.svg,Oliver Baumann,DFL-OBJ-00001E,oliver-baumann,1,Goalkeeper,1990-06-02,187,82,DEU,https://assets.bundesliga.com/player/dfl-obj-00001e-dfl-clu-000002-dfl-sea-0001k9.png,assets/images/tsg-hoffenheim/oliver-baumann.png,2024-2025,DFL-SEA-0001K8,28,0,0,0,0,0,15,1,0,0,154.3,27.81,0,0,1275,0,0
Hoffenheim,DFL-CLU-00000L,https://assets.bundesliga.com/clublogos/DFL-SEA-0001K9/DFL-CLU-00000L.svg,assets/logos/tsg-hoffenheim.svg,Oliver Baumann,DFL-OBJ-00001E,oliver-baumann,1,Goalkeeper,1990-06-02,187,82,DEU,https://assets.bundesliga.com/player/dfl-obj-00001e-dfl-clu-000002-dfl-sea-0001k9.png,assets/images/tsg-hoffenheim/oliver-baumann.png,2023-2024,DFL-SEA-0001K7,34,0,1,0,0,0,25,1,0,0,187.5,30.85,0,1,1678,0,0
Hoffenheim,DFL-CLU-00000L,https://assets.bundesliga.com/clublogos/DFL-SEA-0001K9/DFL-CLU-00000L.svg,assets/logos/tsg-hoffenheim.svg,Oliver Baumann,DFL-OBJ-00001E,oliver-baumann,1,Goalkeeper,1990-06-02,187,82,DEU,https://assets.bundesliga.com/player/dfl-obj-00001e-dfl-clu-000002-dfl-sea-0001k9.png,assets/images/tsg-hoffenheim/oliver-baumann.png,2022-2023,DFL-SEA-0001K6,34,0,0,0,0,0,26,2,0,0,178.4,28.45,0,0,1647,0,0
Hoffenheim,DFL-CLU-00000L,https://assets.bundesliga.com/clublogos/DFL-SEA-0001K9/DFL-CLU-00000L.svg,assets/logos/tsg-hoffenheim.svg,Oliver Baumann,DFL-OBJ-00001E,oliver-baumann,1,Goalkeeper,1990-06-02,187,82,DEU,https://assets.bundesliga.com/player/dfl-obj-00001e-dfl-clu-000002-dfl-sea-0001k9.png,assets/images/tsg-hoffenheim/oliver-baumann.png,2021-2022,DFL-SEA-0001K5,33,0,0,0,0,0,25,1,0,0,177.7,27.81,0,0,1753,0,0
Hoffenheim,DFL-CLU-00000L,https://assets.bundesliga.com/clublogos/DFL-SEA-0001K9/DFL-CLU-00000L.svg,assets/logos/tsg-hoffenheim.svg,Oliver Baumann,DFL-OBJ-00001E,oliver-baumann,1,Goalkeeper,1990-06-02,187,82,DEU,https://assets.bundesliga.com/player/dfl-obj-00001e-dfl-clu-000002-dfl-sea-0001k9.png,assets/images/tsg-hoffenheim/oliver-baumann.png,2020-2021,DFL-SEA-0001K4,32,0,0,0,0,0,18,1,0,0,163.2,32.67,0,0,1544,0,0
Hoffenheim,DFL-CLU-00000L,https://assets.bundesliga.com/clublogos/DFL-SEA-0001K9/DFL-CLU-00000L.svg,assets/logos/tsg-hoffenheim.svg,Oliver Baumann,DFL-OBJ-00001E,oliver-baumann,1,Goalkeeper,1990-06-02,187,82,DEU,https://assets.bundesliga.com/player/dfl-obj-00001e-dfl-clu-000002-dfl-sea-0001k9.png,assets/images/tsg-hoffenheim/oliver-baumann.png,2019-2020,DFL-SEA-0001K3,30,0,0,0,0,0,20,1,0,0,166.5,29.87,0,0,1510,0,0
Hoffenheim,DFL-CLU-00000L,https://assets.bundesliga.com/clublogos/DFL-SEA-0001K9/DFL-CLU-00000L.svg,assets/logos/tsg-hoffenheim.svg,Ozan Muhammed Kabak,DFL-OBJ-002FXB,ozan-kabak,5,Defender,2000-03-25,187,86,TUR,https://assets.bundesliga.com/player/dfl-obj-002fxb-dfl-clu-000002-dfl-sea-0001k9.png,assets/images/tsg-hoffenheim/ozan-kabak.png,2025-2026,DFL-SEA-0001K9,25,4,0,30,12,18,195,5,0,0,202.2,33.46,2,27,1485,268,140
Hoffenheim,DFL-CLU-00000L,https://assets.bundesliga.com/clublogos/DFL-SEA-0001K9/DFL-CLU-00000L.svg,assets/logos/tsg-hoffenheim.svg,Ozan Muhammed Kabak,DFL-OBJ-002FXB,ozan-kabak,5,Defender,2000-03-25,187,86,TUR,https://assets.bundesliga.com/player/dfl-obj-002fxb-dfl-clu-000002-dfl-sea-0001k9.png,assets/images/tsg-hoffenheim/ozan-kabak.png,2023-2024,DFL-SEA-0001K7,28,4,1,18,7,11,403,9,0,0,264.7,33.21,2,29,1740,261,88
Hoffenheim,DFL-CLU-00000L,https://assets.bundesliga.com/clublogos/DFL-SEA-0001K9/DFL-CLU-00000L.svg,assets/logos/tsg-hoffenheim.svg,Ozan Muhammed Kabak,DFL-OBJ-002FXB,ozan-kabak,5,Defender,2000-03-25,187,86,TUR,https://assets.bundesliga.com/player/dfl-obj-002fxb-dfl-clu-000002-dfl-sea-0001k9.png,assets/images/tsg-hoffenheim/ozan-kabak.png,2022-2023,DFL-SEA-0001K6,30,2,2,19,6,13,388,8,0,0,260.9,33.37,4,54,1665,310,108
Hoffenheim,DFL-CLU-00000L,https://assets.bundesliga.com/clublogos/DFL-SEA-0001K9/DFL-CLU-00000L.svg,assets/logos/tsg-hoffenheim.svg,Ozan Muhammed Kabak,DFL-OBJ-002FXB,ozan-kabak,5,Defender,2000-03-25,187,86,TUR,https://assets.bundesliga.com/player/dfl-obj-002fxb-dfl-clu-000002-dfl-sea-0001k9.png,assets/images/tsg-hoffenheim/ozan-kabak.png,2020-2021,DFL-SEA-0001K4,15,0,0,9,1,8,211,4,0,0,144.3,33.05,0,20,902,167,68
Hoffenheim,DFL-CLU-00000L,https://assets.bundesliga.com/clublogos/DFL-SEA-0001K9/DFL-CLU-00000L.svg,assets/logos/tsg-hoffenheim.svg,Ozan Muhammed Kabak,DFL-OBJ-002FXB,ozan-kabak,5,Defender,2000-03-25,187,86,TUR,https://assets.bundesliga.com/player/dfl-obj-002fxb-dfl-clu-000002-dfl-sea-0001k9.png,assets/images/tsg-hoffenheim/ozan-kabak.png,2019-2020,DFL-SEA-0001K3,26,3,1,11,6,5,286,4,0,0,193.7,33.32,0,20,1384,272,89
Hoffenheim,DFL-CLU-00000L,https://assets.bundesliga.com/clublogos/DFL-SEA-0001K9/DFL-CLU-00000L.svg,assets/logos/tsg-hoffenheim.svg,Robin Hranáč,DFL-OBJ-J01TMV,robin-hranac,2,Defender,2000-01-29,190,82,CZE,https://assets.bundesliga.com/player/dfl-obj-j01tmv-dfl-clu-000002-dfl-sea-0001k9.png,assets/images/tsg-hoffenheim/robin-hranac.png,2025-2026,DFL-SEA-0001K9,29,1,0,8,2,6,363,5,0,0,272.2,33.68,3,22,1620,200,94
Hoffenheim,DFL-CLU-00000L,https://assets.bundesliga.com/clublogos/DFL-SEA-0001K9/DFL-CLU-00000L.svg,assets/logos/tsg-hoffenheim.svg,Robin Hranáč,DFL-OBJ-J01TMV,robin-hranac,2,Defender,2000-01-29,190,82,CZE,https://assets.bundesliga.com/player/dfl-obj-j01tmv-dfl-clu-000002-dfl-sea-0001k9.png,assets/images/tsg-hoffenheim/robin-hranac.png,2024-2025,DFL-SEA-0001K8,4,0,0,0,0,0,55,0,0,0,26.1,34.85,0,5,174,15,7
Hoffenheim,DFL-CLU-00000L,https://assets.bundesliga.com/clublogos/DFL-SEA-0001K9/DFL-CLU-00000L.svg,assets/logos/tsg-hoffenheim.svg,Tim Lemperle,DFL-OBJ-002GBW,tim-lemperle,19,Striker,2002-02-05,187,78,DEU,https://assets.bundesliga.com/player/dfl-obj-002gbw-dfl-clu-000002-dfl-sea-0001k9.png,assets/images/tsg-hoffenheim/tim-lemperle.png,2025-2026,DFL-SEA-0001K9,29,8,2,51,20,31,616,1,0,0,240.6,34.84,20,53,888,217,37
Hoffenheim,DFL-CLU-00000L,https://assets.bundesliga.com/clublogos/DFL-SEA-0001K9/DFL-CLU-00000L.svg,assets/logos/tsg-hoffenheim.svg,Tim Lemperle,DFL-OBJ-002GBW,tim-lemperle,19,Striker,2002-02-05,187,78,DEU,https://assets.bundesliga.com/player/dfl-obj-002gbw-dfl-clu-000002-dfl-sea-0001k9.png,assets/images/tsg-hoffenheim/tim-lemperle.png,2022-2023,DFL-SEA-0001K6,12,1,0,1,1,1,71,0,0,0,22.8,33.08,0,2,93,21,4
Hoffenheim,DFL-CLU-00000L,https://assets.bundesliga.com/clublogos/DFL-SEA-0001K9/DFL-CLU-00000L.svg,assets/logos/tsg-hoffenheim.svg,Tim Lemperle,DFL-OBJ-002GBW,tim-lemperle,19,Striker,2002-02-05,187,78,DEU,https://assets.bundesliga.com/player/dfl-obj-002gbw-dfl-clu-000002-dfl-sea-0001k9.png,assets/images/tsg-hoffenheim/tim-lemperle.png,2021-2022,DFL-SEA-0001K5,13,2,0,7,3,4,104,0,0,0,25.4,33.3,1,2,100,28,6
Hoffenheim,DFL-CLU-00000L,https://assets.bundesliga.com/clublogos/DFL-SEA-0001K9/DFL-CLU-00000L.svg,assets/logos/tsg-hoffenheim.svg,Tim Lemperle,DFL-OBJ-002GBW,tim-lemperle,19,Striker,2002-02-05,187,78,DEU,https://assets.bundesliga.com/player/dfl-obj-002gbw-dfl-clu-000002-dfl-sea-0001k9.png,assets/images/tsg-hoffenheim/tim-lemperle.png,2019-2020,DFL-SEA-0001K3,1,0,0,1,0,1,6,0,0,0,2.2,30.86,0,0,7,2,0
Hoffenheim,DFL-CLU-00000L,https://assets.bundesliga.com/clublogos/DFL-SEA-0001K9/DFL-CLU-00000L.svg,assets/logos/tsg-hoffenheim.svg,Valentin Andres Stanislas Gendrey,DFL-OBJ-J01TOE,valentin-gendrey,15,Defender,2000-06-21,179,75,"FRA , GLP",https://assets.bundesliga.com/player/dfl-obj-j01toe-dfl-clu-000002-dfl-sea-0001k9.png,assets/images/tsg-hoffenheim/valentin-gendrey.png,2025-2026,DFL-SEA-0001K9,8,1,1,2,1,1,27,0,0,0,11.6,32.48,1,2,45,7,3
Hoffenheim,DFL-CLU-00000L,https://assets.bundesliga.com/clublogos/DFL-SEA-0001K9/DFL-CLU-00000L.svg,assets/logos/tsg-hoffenheim.svg,Valentin Andres Stanislas Gendrey,DFL-OBJ-J01TOE,valentin-gendrey,15,Defender,2000-06-21,179,75,"FRA , GLP",https://assets.bundesliga.com/player/dfl-obj-j01toe-dfl-clu-000002-dfl-sea-0001k9.png,assets/images/tsg-hoffenheim/valentin-gendrey.png,2024-2025,DFL-SEA-0001K8,22,1,1,9,5,4,414,1,0,0,168.9,33.18,39,11,919,156,40
Hoffenheim,DFL-CLU-00000L,https://assets.bundesliga.com/clublogos/DFL-SEA-0001K9/DFL-CLU-00000L.svg,assets/logos/tsg-hoffenheim.svg,Valentin Lässig,DFL-OBJ-J01CZT,valentin-lassig,49,Midfielder,2003-03-03,175,69,DEU,https://assets.bundesliga.com/player/dfl-obj-j01czt-dfl-clu-000002-dfl-sea-0001k9.png,assets/images/tsg-hoffenheim/valentin-lassig.png,2025-2026,DFL-SEA-0001K9,,,,,,,,,,,,,,,,,
Hoffenheim,DFL-CLU-00000L,https://assets.bundesliga.com/clublogos/DFL-SEA-0001K9/DFL-CLU-00000L.svg,assets/logos/tsg-hoffenheim.svg,Vladimir Coufal,DFL-OBJ-J0133P,vladimir-coufal,34,Defender,1992-08-22,174,76,CZE,https://assets.bundesliga.com/player/dfl-obj-j0133p-dfl-clu-000002-dfl-sea-0001k9.png,assets/images/tsg-hoffenheim/vladimir-coufal.png,2025-2026,DFL-SEA-0001K9,34,1,8,26,6,20,735,4,0,0,402,33.98,116,32,2447,323,59
Hoffenheim,DFL-CLU-00000L,https://assets.bundesliga.com/clublogos/DFL-SEA-0001K9/DFL-CLU-00000L.svg,assets/logos/tsg-hoffenheim.svg,Wouter Burger,DFL-OBJ-J01D90,wouter-burger,18,Midfielder,2001-02-16,191,83,NLD,https://assets.bundesliga.com/player/dfl-obj-j01d90-dfl-clu-000002-dfl-sea-0001k9.png,assets/images/tsg-hoffenheim/wouter-burger.png,2025-2026,DFL-SEA-0001K9,30,4,5,36,15,21,356,7,0,0,333.3,33.6,25,53,1867,298,78
Hoffenheim,DFL-CLU-00000L,https://assets.bundesliga.com/clublogos/DFL-SEA-0001K9/DFL-CLU-00000L.svg,assets/logos/tsg-hoffenheim.svg,Yannick Fereira Eduardo,DFL-OBJ-J01SIE,yannick-eduardo,31,Striker,2006-01-23,190,78,"CZE , NLD",https://assets.bundesliga.com/player/dfl-obj-j01sie-dfl-clu-000002-dfl-sea-0001k9.png,assets/images/tsg-hoffenheim/yannick-eduardo.png,2025-2026,DFL-SEA-0001K9,1,0,0,0,0,0,2,0,0,0,0.6,31.02,0,0,1,0,0
VfB Stuttgart,DFL-CLU-00000L,https://assets.bundesliga.com/clublogos/DFL-SEA-0001K9/DFL-CLU-00000L.svg,assets/logos/vfb-stuttgart.svg,Alexander Nübel,DFL-OBJ-0002HC,alexander-nubel,33,Goalkeeper,1996-09-30,193,86,DEU,https://assets.bundesliga.com/player/dfl-obj-0002hc-dfl-clu-00000d-dfl-sea-0001k9.png,assets/images/vfb-stuttgart/alexander-nubel.png,2025-2026,DFL-SEA-0001K9,34,0,1,0,0,0,5,0,0,0,182.2,30.73,0,1,1643,0,0
VfB Stuttgart,DFL-CLU-00000L,https://assets.bundesliga.com/clublogos/DFL-SEA-0001K9/DFL-CLU-00000L.svg,assets/logos/vfb-stuttgart.svg,Alexander Nübel,DFL-OBJ-0002HC,alexander-nubel,33,Goalkeeper,1996-09-30,193,86,DEU,https://assets.bundesliga.com/player/dfl-obj-0002hc-dfl-clu-00000d-dfl-sea-0001k9.png,assets/images/vfb-stuttgart/alexander-nubel.png,2024-2025,DFL-SEA-0001K8,34,0,1,0,0,0,14,0,0,0,176.4,29.16,0,0,1501,0,0
VfB Stuttgart,DFL-CLU-00000L,https://assets.bundesliga.com/clublogos/DFL-SEA-0001K9/DFL-CLU-00000L.svg,assets/logos/vfb-stuttgart.svg,Alexander Nübel,DFL-OBJ-0002HC,alexander-nubel,33,Goalkeeper,1996-09-30,193,86,DEU,https://assets.bundesliga.com/player/dfl-obj-0002hc-dfl-clu-00000d-dfl-sea-0001k9.png,assets/images/vfb-stuttgart/alexander-nubel.png,2023-2024,DFL-SEA-0001K7,30,0,0,0,0,0,9,1,0,0,143.8,26.99,0,0,1401,0,0
VfB Stuttgart,DFL-CLU-00000L,https://assets.bundesliga.com/clublogos/DFL-SEA-0001K9/DFL-CLU-00000L.svg,assets/logos/vfb-stuttgart.svg,Alexander Nübel,DFL-OBJ-0002HC,alexander-nubel,33,Goalkeeper,1996-09-30,193,86,DEU,https://assets.bundesliga.com/player/dfl-obj-0002hc-dfl-clu-00000d-dfl-sea-0001k9.png,assets/images/vfb-stuttgart/alexander-nubel.png,2020-2021,DFL-SEA-0001K4,1,0,0,0,0,0,1,0,0,0,4.9,24.73,0,0,39,2,1
VfB Stuttgart,DFL-CLU-00000L,https://assets.bundesliga.com/clublogos/DFL-SEA-0001K9/DFL-CLU-00000L.svg,assets/logos/vfb-stuttgart.svg,Alexander Nübel,DFL-OBJ-0002HC,alexander-nubel,33,Goalkeeper,1996-09-30,193,86,DEU,https://assets.bundesliga.com/player/dfl-obj-0002hc-dfl-clu-00000d-dfl-sea-0001k9.png,assets/images/vfb-stuttgart/alexander-nubel.png,2019-2020,DFL-SEA-0001K3,26,0,0,0,0,0,12,1,0,0,138.8,27.43,0,1,1179,0,0
VfB Stuttgart,DFL-CLU-00000L,https://assets.bundesliga.com/clublogos/DFL-SEA-0001K9/DFL-CLU-00000L.svg,assets/logos/vfb-stuttgart.svg,Ameen Al-Dakhil,DFL-OBJ-J01TQX,ameen-al-dakhil,2,Defender,2002-03-06,188,81,"BEL , IRQ",https://assets.bundesliga.com/player/dfl-obj-j01tqx-dfl-clu-00000d-dfl-sea-0001k9.png,assets/images/vfb-stuttgart/ameen-al-dakhil.png,2025-2026,DFL-SEA-0001K9,8,0,0,0,0,0,77,1,0,0,47.6,34.97,0,1,320,31,7
VfB Stuttgart,DFL-CLU-00000L,https://assets.bundesliga.com/clublogos/DFL-SEA-0001K9/DFL-CLU-00000L.svg,assets/logos/vfb-stuttgart.svg,Ameen Al-Dakhil,DFL-OBJ-J01TQX,ameen-al-dakhil,2,Defender,2002-03-06,188,81,"BEL , IRQ",https://assets.bundesliga.com/player/dfl-obj-j01tqx-dfl-clu-00000d-dfl-sea-0001k9.png,assets/images/vfb-stuttgart/ameen-al-dakhil.png,2024-2025,DFL-SEA-0001K8,7,0,0,1,0,1,112,0,0,0,50.6,32.83,0,4,421,47,9
VfB Stuttgart,DFL-CLU-00000L,https://assets.bundesliga.com/clublogos/DFL-SEA-0001K9/DFL-CLU-00000L.svg,assets/logos/vfb-stuttgart.svg,Angelo Stiller,DFL-OBJ-002GCQ,angelo-stiller,6,Midfielder,2001-04-04,183,77,DEU,https://assets.bundesliga.com/player/dfl-obj-002gcq-dfl-clu-00000d-dfl-sea-0001k9.png,assets/images/vfb-stuttgart/angelo-stiller.png,2025-2026,DFL-SEA-0001K9,34,2,5,20,11,9,192,1,0,0,350.1,31.36,35,16,2851,252,38
VfB Stuttgart,DFL-CLU-00000L,https://assets.bundesliga.com/clublogos/DFL-SEA-0001K9/DFL-CLU-00000L.svg,assets/logos/vfb-stuttgart.svg,Angelo Stiller,DFL-OBJ-002GCQ,angelo-stiller,6,Midfielder,2001-04-04,183,77,DEU,https://assets.bundesliga.com/player/dfl-obj-002gcq-dfl-clu-00000d-dfl-sea-0001k9.png,assets/images/vfb-stuttgart/angelo-stiller.png,2024-2025,DFL-SEA-0001K8,32,1,7,20,4,16,395,6,0,0,346,30.35,33,18,2919,238,26
VfB Stuttgart,DFL-CLU-00000L,https://assets.bundesliga.com/clublogos/DFL-SEA-0001K9/DFL-CLU-00000L.svg,assets/logos/vfb-stuttgart.svg,Angelo Stiller,DFL-OBJ-002GCQ,angelo-stiller,6,Midfielder,2001-04-04,183,77,DEU,https://assets.bundesliga.com/player/dfl-obj-002gcq-dfl-clu-00000d-dfl-sea-0001k9.png,assets/images/vfb-stuttgart/angelo-stiller.png,2023-2024,DFL-SEA-0001K7,32,1,5,18,4,14,335,5,0,0,319.5,31.3,20,32,3032,297,39
VfB Stuttgart,DFL-CLU-00000L,https://assets.bundesliga.com/clublogos/DFL-SEA-0001K9/DFL-CLU-00000L.svg,assets/logos/vfb-stuttgart.svg,Angelo Stiller,DFL-OBJ-002GCQ,angelo-stiller,6,Midfielder,2001-04-04,183,77,DEU,https://assets.bundesliga.com/player/dfl-obj-002gcq-dfl-clu-00000d-dfl-sea-0001k9.png,assets/images/vfb-stuttgart/angelo-stiller.png,2022-2023,DFL-SEA-0001K6,20,1,1,8,3,5,149,1,0,0,97.1,30.41,4,9,463,95,19
VfB Stuttgart,DFL-CLU-00000L,https://assets.bundesliga.com/clublogos/DFL-SEA-0001K9/DFL-CLU-00000L.svg,assets/logos/vfb-stuttgart.svg,Angelo Stiller,DFL-OBJ-002GCQ,angelo-stiller,6,Midfielder,2001-04-04,183,77,DEU,https://assets.bundesliga.com/player/dfl-obj-002gcq-dfl-clu-00000d-dfl-sea-0001k9.png,assets/images/vfb-stuttgart/angelo-stiller.png,2021-2022,DFL-SEA-0001K5,26,2,1,14,4,10,314,1,0,0,218.2,32.78,13,25,1187,188,35
VfB Stuttgart,DFL-CLU-00000L,https://assets.bundesliga.com/clublogos/DFL-SEA-0001K9/DFL-CLU-00000L.svg,assets/logos/vfb-stuttgart.svg,Atakan Karazor,DFL-OBJ-0027SD,atakan-karazor,16,Midfielder,1996-10-13,191,76,"TUR , DEU",https://assets.bundesliga.com/player/dfl-obj-0027sd-dfl-clu-00000d-dfl-sea-0001k9.png,assets/images/vfb-stuttgart/atakan-karazor.png,2025-2026,DFL-SEA-0001K9,28,0,1,8,3,5,161,5,0,0,248.6,31.32,1,17,1361,214,50
VfB Stuttgart,DFL-CLU-00000L,https://assets.bundesliga.com/clublogos/DFL-SEA-0001K9/DFL-CLU-00000L.svg,assets/logos/vfb-stuttgart.svg,Atakan Karazor,DFL-OBJ-0027SD,atakan-karazor,16,Midfielder,1996-10-13,191,76,"TUR , DEU",https://assets.bundesliga.com/player/dfl-obj-0027sd-dfl-clu-00000d-dfl-sea-0001k9.png,assets/images/vfb-stuttgart/atakan-karazor.png,2024-2025,DFL-SEA-0001K8,32,2,4,17,8,9,427,9,0,0,333.4,30.68,1,40,2232,324,70
VfB Stuttgart,DFL-CLU-00000L,https://assets.bundesliga.com/clublogos/DFL-SEA-0001K9/DFL-CLU-00000L.svg,assets/logos/vfb-stuttgart.svg,Atakan Karazor,DFL-OBJ-0027SD,atakan-karazor,16,Midfielder,1996-10-13,191,76,"TUR , DEU",https://assets.bundesliga.com/player/dfl-obj-0027sd-dfl-clu-00000d-dfl-sea-0001k9.png,assets/images/vfb-stuttgart/atakan-karazor.png,2023-2024,DFL-SEA-0001K7,33,0,4,20,1,19,395,9,0,0,312,31.52,1,28,2301,326,50
VfB Stuttgart,DFL-CLU-00000L,https://assets.bundesliga.com/clublogos/DFL-SEA-0001K9/DFL-CLU-00000L.svg,assets/logos/vfb-stuttgart.svg,Atakan Karazor,DFL-OBJ-0027SD,atakan-karazor,16,Midfielder,1996-10-13,191,76,"TUR , DEU",https://assets.bundesliga.com/player/dfl-obj-0027sd-dfl-clu-00000d-dfl-sea-0001k9.png,assets/images/vfb-stuttgart/atakan-karazor.png,2022-2023,DFL-SEA-0001K6,29,0,1,6,0,6,321,10,0,0,217.3,31.7,1,24,1410,277,60
VfB Stuttgart,DFL-CLU-00000L,https://assets.bundesliga.com/clublogos/DFL-SEA-0001K9/DFL-CLU-00000L.svg,assets/logos/vfb-stuttgart.svg,Atakan Karazor,DFL-OBJ-0027SD,atakan-karazor,16,Midfielder,1996-10-13,191,76,"TUR , DEU",https://assets.bundesliga.com/player/dfl-obj-0027sd-dfl-clu-00000d-dfl-sea-0001k9.png,assets/images/vfb-stuttgart/atakan-karazor.png,2021-2022,DFL-SEA-0001K5,24,0,1,8,2,6,351,7,0,0,244.4,32.7,2,38,1362,264,68
VfB Stuttgart,DFL-CLU-00000L,https://assets.bundesliga.com/clublogos/DFL-SEA-0001K9/DFL-CLU-00000L.svg,assets/logos/vfb-stuttgart.svg,Atakan Karazor,DFL-OBJ-0027SD,atakan-karazor,16,Midfielder,1996-10-13,191,76,"TUR , DEU",https://assets.bundesliga.com/player/dfl-obj-0027sd-dfl-clu-00000d-dfl-sea-0001k9.png,assets/images/vfb-stuttgart/atakan-karazor.png,2020-2021,DFL-SEA-0001K4,19,0,0,2,1,1,171,3,0,0,129.5,31.63,1,14,913,157,42
VfB Stuttgart,DFL-CLU-00000L,https://assets.bundesliga.com/clublogos/DFL-SEA-0001K9/DFL-CLU-00000L.svg,assets/logos/vfb-stuttgart.svg,Badredine Bouanani,DFL-OBJ-J01N62,badredine-bouanani,27,Striker,2004-12-08,177,68,"DZA , FRA",https://assets.bundesliga.com/player/dfl-obj-j01n62-dfl-clu-00000d-dfl-sea-0001k9.png,assets/images/vfb-stuttgart/badredine-bouanani.png,2025-2026,DFL-SEA-0001K9,14,0,0,18,5,13,101,1,0,0,60.4,33.38,20,1,316,42,2
VfB Stuttgart,DFL-CLU-00000L,https://assets.bundesliga.com/clublogos/DFL-SEA-0001K9/DFL-CLU-00000L.svg,assets/logos/vfb-stuttgart.svg,Bilal El Khannouss,DFL-OBJ-J01RF2,bilal-el-khannouss,11,Midfielder,2004-05-10,180,70,"MAR , BEL",https://assets.bundesliga.com/player/dfl-obj-j01rf2-dfl-clu-00000d-dfl-sea-0001k9.png,assets/images/vfb-stuttgart/bilal-el-khannouss.png,2025-2026,DFL-SEA-0001K9,25,4,5,41,15,26,357,6,0,0,201.6,34.91,27,20,1255,177,15
VfB Stuttgart,DFL-CLU-00000L,https://assets.bundesliga.com/clublogos/DFL-SEA-0001K9/DFL-CLU-00000L.svg,assets/logos/vfb-stuttgart.svg,José María Andrés Baixauli,DFL-OBJ-J024FD,chema-andres,30,Midfielder,2005-04-25,190,82,ESP,https://assets.bundesliga.com/player/dfl-obj-j024fd-dfl-clu-00000d-dfl-sea-0001k9.png,assets/images/vfb-stuttgart/chema-andres.png,2025-2026,DFL-SEA-0001K9,25,3,0,13,6,7,155,5,0,0,180.3,32.68,0,18,964,176,67
VfB Stuttgart,DFL-CLU-00000L,https://assets.bundesliga.com/clublogos/DFL-SEA-0001K9/DFL-CLU-00000L.svg,assets/logos/vfb-stuttgart.svg,Chris Jan Führich,DFL-OBJ-0028I9,chris-fuhrich,10,Midfielder,1998-01-09,181,73,DEU,https://assets.bundesliga.com/player/dfl-obj-0028i9-dfl-clu-00000d-dfl-sea-0001k9.png,assets/images/vfb-stuttgart/chris-fuhrich.png,2025-2026,DFL-SEA-0001K9,33,7,7,44,22,22,462,2,0,0,209.1,35.37,46,5,1201,157,5
VfB Stuttgart,DFL-CLU-00000L,https://assets.bundesliga.com/clublogos/DFL-SEA-0001K9/DFL-CLU-00000L.svg,assets/logos/vfb-stuttgart.svg,Chris Jan Führich,DFL-OBJ-0028I9,chris-fuhrich,10,Midfielder,1998-01-09,181,73,DEU,https://assets.bundesliga.com/player/dfl-obj-0028i9-dfl-clu-00000d-dfl-sea-0001k9.png,assets/images/vfb-stuttgart/chris-fuhrich.png,2024-2025,DFL-SEA-0001K8,33,2,3,36,12,24,605,1,0,0,228.7,34.41,48,8,1288,181,4
VfB Stuttgart,DFL-CLU-00000L,https://assets.bundesliga.com/clublogos/DFL-SEA-0001K9/DFL-CLU-00000L.svg,assets/logos/vfb-stuttgart.svg,Chris Jan Führich,DFL-OBJ-0028I9,chris-fuhrich,10,Midfielder,1998-01-09,181,73,DEU,https://assets.bundesliga.com/player/dfl-obj-0028i9-dfl-clu-00000d-dfl-sea-0001k9.png,assets/images/vfb-stuttgart/chris-fuhrich.png,2023-2024,DFL-SEA-0001K7,34,8,7,55,25,30,703,2,0,0,268.3,34.45,39,7,1772,236,1
VfB Stuttgart,DFL-CLU-00000L,https://assets.bundesliga.com/clublogos/DFL-SEA-0001K9/DFL-CLU-00000L.svg,assets/logos/vfb-stuttgart.svg,Chris Jan Führich,DFL-OBJ-0028I9,chris-fuhrich,10,Midfielder,1998-01-09,181,73,DEU,https://assets.bundesliga.com/player/dfl-obj-0028i9-dfl-clu-00000d-dfl-sea-0001k9.png,assets/images/vfb-stuttgart/chris-fuhrich.png,2022-2023,DFL-SEA-0001K6,33,5,2,44,15,29,539,2,0,0,185.5,34.2,16,7,1019,200,3
VfB Stuttgart,DFL-CLU-00000L,https://assets.bundesliga.com/clublogos/DFL-SEA-0001K9/DFL-CLU-00000L.svg,assets/logos/vfb-stuttgart.svg,Chris Jan Führich,DFL-OBJ-0028I9,chris-fuhrich,10,Midfielder,1998-01-09,181,73,DEU,https://assets.bundesliga.com/player/dfl-obj-0028i9-dfl-clu-00000d-dfl-sea-0001k9.png,assets/images/vfb-stuttgart/chris-fuhrich.png,2021-2022,DFL-SEA-0001K5,25,3,2,31,13,18,548,3,0,0,204,34.41,19,9,963,196,5
VfB Stuttgart,DFL-CLU-00000L,https://assets.bundesliga.com/clublogos/DFL-SEA-0001K9/DFL-CLU-00000L.svg,assets/logos/vfb-stuttgart.svg,Christopher Charl Olivier,DFL-OBJ-J01ZUO,christopher-olivier,31,Midfielder,2006-01-31,187,85,"AUT , ZAF",https://assets.bundesliga.com/player/dfl-obj-j01zuo-dfl-clu-00000d-dfl-sea-0001k9.png,assets/images/vfb-stuttgart/christopher-olivier.png,2025-2026,DFL-SEA-0001K9,,,,,,,,,,,,,,,,,
VfB Stuttgart,DFL-CLU-00000L,https://assets.bundesliga.com/clublogos/DFL-SEA-0001K9/DFL-CLU-00000L.svg,assets/logos/vfb-stuttgart.svg,Dan-Axel Zagadou,DFL-OBJ-0027W7,dan-axel-zagadou,23,Defender,1999-06-03,196,90,"FRA , CIV",https://assets.bundesliga.com/player/dfl-obj-0027w7-dfl-clu-00000d-dfl-sea-0001k9.png,assets/images/vfb-stuttgart/dan-axel-zagadou.png,2025-2026,DFL-SEA-0001K9,3,0,0,6,1,5,19,0,0,0,25.5,31.98,0,4,267,43,23
VfB Stuttgart,DFL-CLU-00000L,https://assets.bundesliga.com/clublogos/DFL-SEA-0001K9/DFL-CLU-00000L.svg,assets/logos/vfb-stuttgart.svg,Dan-Axel Zagadou,DFL-OBJ-0027W7,dan-axel-zagadou,23,Defender,1999-06-03,196,90,"FRA , CIV",https://assets.bundesliga.com/player/dfl-obj-0027w7-dfl-clu-00000d-dfl-sea-0001k9.png,assets/images/vfb-stuttgart/dan-axel-zagadou.png,2024-2025,DFL-SEA-0001K8,2,0,0,0,0,0,6,1,0,0,3.9,30.88,0,1,12,1,0
VfB Stuttgart,DFL-CLU-00000L,https://assets.bundesliga.com/clublogos/DFL-SEA-0001K9/DFL-CLU-00000L.svg,assets/logos/vfb-stuttgart.svg,Dan-Axel Zagadou,DFL-OBJ-0027W7,dan-axel-zagadou,23,Defender,1999-06-03,196,90,"FRA , CIV",https://assets.bundesliga.com/player/dfl-obj-0027w7-dfl-clu-00000d-dfl-sea-0001k9.png,assets/images/vfb-stuttgart/dan-axel-zagadou.png,2023-2024,DFL-SEA-0001K7,19,1,0,9,2,7,209,1,0,0,167.7,31.95,0,17,1557,167,75
VfB Stuttgart,DFL-CLU-00000L,https://assets.bundesliga.com/clublogos/DFL-SEA-0001K9/DFL-CLU-00000L.svg,assets/logos/vfb-stuttgart.svg,Dan-Axel Zagadou,DFL-OBJ-0027W7,dan-axel-zagadou,23,Defender,1999-06-03,196,90,"FRA , CIV",https://assets.bundesliga.com/player/dfl-obj-0027w7-dfl-clu-00000d-dfl-sea-0001k9.png,assets/images/vfb-stuttgart/dan-axel-zagadou.png,2022-2023,DFL-SEA-0001K6,17,0,0,13,3,10,171,3,0,0,128.4,32.7,0,10,1201,139,63
VfB Stuttgart,DFL-CLU-00000L,https://assets.bundesliga.com/clublogos/DFL-SEA-0001K9/DFL-CLU-00000L.svg,assets/logos/vfb-stuttgart.svg,Dan-Axel Zagadou,DFL-OBJ-0027W7,dan-axel-zagadou,23,Defender,1999-06-03,196,90,"FRA , CIV",https://assets.bundesliga.com/player/dfl-obj-0027w7-dfl-clu-00000d-dfl-sea-0001k9.png,assets/images/vfb-stuttgart/dan-axel-zagadou.png,2021-2022,DFL-SEA-0001K5,15,0,0,4,2,2,164,2,0,0,115.4,31.62,1,12,1048,131,51
VfB Stuttgart,DFL-CLU-00000L,https://assets.bundesliga.com/clublogos/DFL-SEA-0001K9/DFL-CLU-00000L.svg,assets/logos/vfb-stuttgart.svg,Dan-Axel Zagadou,DFL-OBJ-0027W7,dan-axel-zagadou,23,Defender,1999-06-03,196,90,"FRA , CIV",https://assets.bundesliga.com/player/dfl-obj-0027w7-dfl-clu-00000d-dfl-sea-0001k9.png,assets/images/vfb-stuttgart/dan-axel-zagadou.png,2020-2021,DFL-SEA-0001K4,9,0,0,1,1,0,39,0,0,0,34.1,32.72,0,0,288,31,11
VfB Stuttgart,DFL-CLU-00000L,https://assets.bundesliga.com/clublogos/DFL-SEA-0001K9/DFL-CLU-00000L.svg,assets/logos/vfb-stuttgart.svg,Dan-Axel Zagadou,DFL-OBJ-0027W7,dan-axel-zagadou,23,Defender,1999-06-03,196,90,"FRA , CIV",https://assets.bundesliga.com/player/dfl-obj-0027w7-dfl-clu-00000d-dfl-sea-0001k9.png,assets/images/vfb-stuttgart/dan-axel-zagadou.png,2019-2020,DFL-SEA-0001K3,15,1,1,4,3,1,145,1,0,0,119,32.16,0,6,954,99,37
VfB Stuttgart,DFL-CLU-00000L,https://assets.bundesliga.com/clublogos/DFL-SEA-0001K9/DFL-CLU-00000L.svg,assets/logos/vfb-stuttgart.svg,Deniz Undav,DFL-OBJ-0027YK,deniz-undav,26,Striker,1996-07-19,179,86,"DEU , TUR",https://assets.bundesliga.com/player/dfl-obj-0027yk-dfl-clu-00000d-dfl-sea-0001k9.png,assets/images/vfb-stuttgart/deniz-undav.png,2025-2026,DFL-SEA-0001K9,29,19,6,121,45,76,222,5,0,0,254,32.27,10,29,989,196,36
VfB Stuttgart,DFL-CLU-00000L,https://assets.bundesliga.com/clublogos/DFL-SEA-0001K9/DFL-CLU-00000L.svg,assets/logos/vfb-stuttgart.svg,Deniz Undav,DFL-OBJ-0027YK,deniz-undav,26,Striker,1996-07-19,179,86,"DEU , TUR",https://assets.bundesliga.com/player/dfl-obj-0027yk-dfl-clu-00000d-dfl-sea-0001k9.png,assets/images/vfb-stuttgart/deniz-undav.png,2024-2025,DFL-SEA-0001K8,27,9,3,76,33,43,422,4,0,0,209.5,32.54,6,23,827,155,21
VfB Stuttgart,DFL-CLU-00000L,https://assets.bundesliga.com/clublogos/DFL-SEA-0001K9/DFL-CLU-00000L.svg,assets/logos/vfb-stuttgart.svg,Deniz Undav,DFL-OBJ-0027YK,deniz-undav,26,Striker,1996-07-19,179,86,"DEU , TUR",https://assets.bundesliga.com/player/dfl-obj-0027yk-dfl-clu-00000d-dfl-sea-0001k9.png,assets/images/vfb-stuttgart/deniz-undav.png,2023-2024,DFL-SEA-0001K7,30,18,9,103,55,48,534,5,0,0,229.5,32.73,9,29,1155,226,17
VfB Stuttgart,DFL-CLU-00000L,https://assets.bundesliga.com/clublogos/DFL-SEA-0001K9/DFL-CLU-00000L.svg,assets/logos/vfb-stuttgart.svg,Ermedin Demirović,DFL-OBJ-002GEY,ermedin-demirovic,9,Striker,1998-03-25,185,84,"BIH , DEU",https://assets.bundesliga.com/player/dfl-obj-002gey-dfl-clu-00000d-dfl-sea-0001k9.png,assets/images/vfb-stuttgart/ermedin-demirovic.png,2025-2026,DFL-SEA-0001K9,25,12,3,40,24,16,309,5,0,0,178.6,32.35,1,34,455,152,30
VfB Stuttgart,DFL-CLU-00000L,https://assets.bundesliga.com/clublogos/DFL-SEA-0001K9/DFL-CLU-00000L.svg,assets/logos/vfb-stuttgart.svg,Ermedin Demirović,DFL-OBJ-002GEY,ermedin-demirovic,9,Striker,1998-03-25,185,84,"BIH , DEU",https://assets.bundesliga.com/player/dfl-obj-002gey-dfl-clu-00000d-dfl-sea-0001k9.png,assets/images/vfb-stuttgart/ermedin-demirovic.png,2024-2025,DFL-SEA-0001K8,34,15,1,63,31,32,667,2,0,0,224.7,34.02,3,23,591,180,34
VfB Stuttgart,DFL-CLU-00000L,https://assets.bundesliga.com/clublogos/DFL-SEA-0001K9/DFL-CLU-00000L.svg,assets/logos/vfb-stuttgart.svg,Ermedin Demirović,DFL-OBJ-002GEY,ermedin-demirovic,9,Striker,1998-03-25,185,84,"BIH , DEU",https://assets.bundesliga.com/player/dfl-obj-002gey-dfl-clu-00000d-dfl-sea-0001k9.png,assets/images/vfb-stuttgart/ermedin-demirovic.png,2023-2024,DFL-SEA-0001K7,33,15,9,77,36,41,888,7,0,0,331.7,32.97,5,57,948,277,65
VfB Stuttgart,DFL-CLU-00000L,https://assets.bundesliga.com/clublogos/DFL-SEA-0001K9/DFL-CLU-00000L.svg,assets/logos/vfb-stuttgart.svg,Ermedin Demirović,DFL-OBJ-002GEY,ermedin-demirovic,9,Striker,1998-03-25,185,84,"BIH , DEU",https://assets.bundesliga.com/player/dfl-obj-002gey-dfl-clu-00000d-dfl-sea-0001k9.png,assets/images/vfb-stuttgart/ermedin-demirovic.png,2022-2023,DFL-SEA-0001K6,30,8,4,60,22,38,731,7,0,0,249.1,33.23,14,45,890,293,90
VfB Stuttgart,DFL-CLU-00000L,https://assets.bundesliga.com/clublogos/DFL-SEA-0001K9/DFL-CLU-00000L.svg,assets/logos/vfb-stuttgart.svg,Ermedin Demirović,DFL-OBJ-002GEY,ermedin-demirovic,9,Striker,1998-03-25,185,84,"BIH , DEU",https://assets.bundesliga.com/player/dfl-obj-002gey-dfl-clu-00000d-dfl-sea-0001k9.png,assets/images/vfb-stuttgart/ermedin-demirovic.png,2021-2022,DFL-SEA-0001K5,31,2,3,25,10,15,374,4,0,0,112.5,34.17,5,26,322,102,21
VfB Stuttgart,DFL-CLU-00000L,https://assets.bundesliga.com/clublogos/DFL-SEA-0001K9/DFL-CLU-00000L.svg,assets/logos/vfb-stuttgart.svg,Ermedin Demirović,DFL-OBJ-002GEY,ermedin-demirovic,9,Striker,1998-03-25,185,84,"BIH , DEU",https://assets.bundesliga.com/player/dfl-obj-002gey-dfl-clu-00000d-dfl-sea-0001k9.png,assets/images/vfb-stuttgart/ermedin-demirovic.png,2020-2021,DFL-SEA-0001K4,30,5,6,39,19,20,551,7,0,0,182.4,32.87,4,42,482,185,50
VfB Stuttgart,DFL-CLU-00000L,https://assets.bundesliga.com/clublogos/DFL-SEA-0001K9/DFL-CLU-00000L.svg,assets/logos/vfb-stuttgart.svg,Fabian Bredlow,DFL-OBJ-0027Q9,fabian-bredlow,1,Goalkeeper,1995-03-02,190,87,DEU,https://assets.bundesliga.com/player/dfl-obj-0027q9-dfl-clu-00000d-dfl-sea-0001k9.png,assets/images/vfb-stuttgart/fabian-bredlow.png,2023-2024,DFL-SEA-0001K7,4,0,0,0,0,0,0,0,0,0,24.4,24.73,0,0,216,0,0
VfB Stuttgart,DFL-CLU-00000L,https://assets.bundesliga.com/clublogos/DFL-SEA-0001K9/DFL-CLU-00000L.svg,assets/logos/vfb-stuttgart.svg,Fabian Bredlow,DFL-OBJ-0027Q9,fabian-bredlow,1,Goalkeeper,1995-03-02,190,87,DEU,https://assets.bundesliga.com/player/dfl-obj-0027q9-dfl-clu-00000d-dfl-sea-0001k9.png,assets/images/vfb-stuttgart/fabian-bredlow.png,2022-2023,DFL-SEA-0001K6,15,0,0,0,0,0,4,2,0,0,83.4,25.59,0,1,676,0,0
VfB Stuttgart,DFL-CLU-00000L,https://assets.bundesliga.com/clublogos/DFL-SEA-0001K9/DFL-CLU-00000L.svg,assets/logos/vfb-stuttgart.svg,Fabian Bredlow,DFL-OBJ-0027Q9,fabian-bredlow,1,Goalkeeper,1995-03-02,190,87,DEU,https://assets.bundesliga.com/player/dfl-obj-0027q9-dfl-clu-00000d-dfl-sea-0001k9.png,assets/images/vfb-stuttgart/fabian-bredlow.png,2021-2022,DFL-SEA-0001K5,4,0,0,0,0,0,3,0,0,0,24.5,27.33,0,0,162,2,0
VfB Stuttgart,DFL-CLU-00000L,https://assets.bundesliga.com/clublogos/DFL-SEA-0001K9/DFL-CLU-00000L.svg,assets/logos/vfb-stuttgart.svg,Fabian Bredlow,DFL-OBJ-0027Q9,fabian-bredlow,1,Goalkeeper,1995-03-02,190,87,DEU,https://assets.bundesliga.com/player/dfl-obj-0027q9-dfl-clu-00000d-dfl-sea-0001k9.png,assets/images/vfb-stuttgart/fabian-bredlow.png,2020-2021,DFL-SEA-0001K4,1,0,0,0,0,0,0,0,0,0,6.1,20.5,0,0,48,1,1
VfB Stuttgart,DFL-CLU-00000L,https://assets.bundesliga.com/clublogos/DFL-SEA-0001K9/DFL-CLU-00000L.svg,assets/logos/vfb-stuttgart.svg,Finn Jeltsch,DFL-OBJ-J01LAX,finn-jeltsch,29,Defender,2006-07-17,187,86,DEU,https://assets.bundesliga.com/player/dfl-obj-j01lax-dfl-clu-00000d-dfl-sea-0001k9.png,assets/images/vfb-stuttgart/finn-jeltsch.png,2025-2026,DFL-SEA-0001K9,23,0,1,3,0,3,250,3,0,0,185.3,34.48,1,14,1269,142,36
VfB Stuttgart,DFL-CLU-00000L,https://assets.bundesliga.com/clublogos/DFL-SEA-0001K9/DFL-CLU-00000L.svg,assets/logos/vfb-stuttgart.svg,Finn Jeltsch,DFL-OBJ-J01LAX,finn-jeltsch,29,Defender,2006-07-17,187,86,DEU,https://assets.bundesliga.com/player/dfl-obj-j01lax-dfl-clu-00000d-dfl-sea-0001k9.png,assets/images/vfb-stuttgart/finn-jeltsch.png,2024-2025,DFL-SEA-0001K8,12,0,0,3,0,3,181,2,0,0,96.8,33.72,1,7,750,69,12
VfB Stuttgart,DFL-CLU-00000L,https://assets.bundesliga.com/clublogos/DFL-SEA-0001K9/DFL-CLU-00000L.svg,assets/logos/vfb-stuttgart.svg,Florian Pascal Hellstern,DFL-OBJ-J01NAV,florian-hellstern,44,Goalkeeper,2007-10-18,188,79,DEU,https://assets.bundesliga.com/player/dfl-obj-j01nav-dfl-clu-00000d-dfl-sea-0001k9.png,assets/images/vfb-stuttgart/florian-hellstern.png,2025-2026,DFL-SEA-0001K9,,,,,,,,,,,,,,,,,
VfB Stuttgart,DFL-CLU-00000L,https://assets.bundesliga.com/clublogos/DFL-SEA-0001K9/DFL-CLU-00000L.svg,assets/logos/vfb-stuttgart.svg,Jamie Leweling,DFL-OBJ-002G41,jamie-leweling,18,Striker,2001-02-26,185,86,"DEU , GHA",https://assets.bundesliga.com/player/dfl-obj-002g41-dfl-clu-00000d-dfl-sea-0001k9.png,assets/images/vfb-stuttgart/jamie-leweling.png,2025-2026,DFL-SEA-0001K9,32,7,9,52,21,31,526,4,0,0,280,35.08,98,16,1350,234,18
VfB Stuttgart,DFL-CLU-00000L,https://assets.bundesliga.com/clublogos/DFL-SEA-0001K9/DFL-CLU-00000L.svg,assets/logos/vfb-stuttgart.svg,Jamie Leweling,DFL-OBJ-002G41,jamie-leweling,18,Striker,2001-02-26,185,86,"DEU , GHA",https://assets.bundesliga.com/player/dfl-obj-002g41-dfl-clu-00000d-dfl-sea-0001k9.png,assets/images/vfb-stuttgart/jamie-leweling.png,2024-2025,DFL-SEA-0001K8,27,2,2,29,16,13,510,4,0,0,188.8,34.88,45,15,895,192,5
VfB Stuttgart,DFL-CLU-00000L,https://assets.bundesliga.com/clublogos/DFL-SEA-0001K9/DFL-CLU-00000L.svg,assets/logos/vfb-stuttgart.svg,Jamie Leweling,DFL-OBJ-002G41,jamie-leweling,18,Striker,2001-02-26,185,86,"DEU , GHA",https://assets.bundesliga.com/player/dfl-obj-002g41-dfl-clu-00000d-dfl-sea-0001k9.png,assets/images/vfb-stuttgart/jamie-leweling.png,2023-2024,DFL-SEA-0001K7,34,4,4,45,23,22,557,3,0,0,174.8,35,31,20,894,158,7
VfB Stuttgart,DFL-CLU-00000L,https://assets.bundesliga.com/clublogos/DFL-SEA-0001K9/DFL-CLU-00000L.svg,assets/logos/vfb-stuttgart.svg,Jamie Leweling,DFL-OBJ-002G41,jamie-leweling,18,Striker,2001-02-26,185,86,"DEU , GHA",https://assets.bundesliga.com/player/dfl-obj-002g41-dfl-clu-00000d-dfl-sea-0001k9.png,assets/images/vfb-stuttgart/jamie-leweling.png,2022-2023,DFL-SEA-0001K6,16,1,1,9,5,4,110,1,0,0,38.2,34.37,10,5,143,43,1
VfB Stuttgart,DFL-CLU-00000L,https://assets.bundesliga.com/clublogos/DFL-SEA-0001K9/DFL-CLU-00000L.svg,assets/logos/vfb-stuttgart.svg,Jamie Leweling,DFL-OBJ-002G41,jamie-leweling,18,Striker,2001-02-26,185,86,"DEU , GHA",https://assets.bundesliga.com/player/dfl-obj-002g41-dfl-clu-00000d-dfl-sea-0001k9.png,assets/images/vfb-stuttgart/jamie-leweling.png,2021-2022,DFL-SEA-0001K5,33,5,1,44,17,27,614,3,0,0,236.4,34.01,29,15,817,249,17
VfB Stuttgart,DFL-CLU-00000L,https://assets.bundesliga.com/clublogos/DFL-SEA-0001K9/DFL-CLU-00000L.svg,assets/logos/vfb-stuttgart.svg,Julian Jeffrey Gaston Chabot,DFL-OBJ-J01D1W,jeff-chabot,24,Defender,1998-02-12,195,95,"DEU , FRA",https://assets.bundesliga.com/player/dfl-obj-j01d1w-dfl-clu-00000d-dfl-sea-0001k9.png,assets/images/vfb-stuttgart/jeff-chabot.png,2025-2026,DFL-SEA-0001K9,27,0,0,17,8,9,212,3,0,0,254.4,32.14,0,37,2202,289,137
VfB Stuttgart,DFL-CLU-00000L,https://assets.bundesliga.com/clublogos/DFL-SEA-0001K9/DFL-CLU-00000L.svg,assets/logos/vfb-stuttgart.svg,Julian Jeffrey Gaston Chabot,DFL-OBJ-J01D1W,jeff-chabot,24,Defender,1998-02-12,195,95,"DEU , FRA",https://assets.bundesliga.com/player/dfl-obj-j01d1w-dfl-clu-00000d-dfl-sea-0001k9.png,assets/images/vfb-stuttgart/jeff-chabot.png,2024-2025,DFL-SEA-0001K8,31,3,1,19,5,14,355,9,0,0,257.7,31.86,2,35,2335,249,96
VfB Stuttgart,DFL-CLU-00000L,https://assets.bundesliga.com/clublogos/DFL-SEA-0001K9/DFL-CLU-00000L.svg,assets/logos/vfb-stuttgart.svg,Julian Jeffrey Gaston Chabot,DFL-OBJ-J01D1W,jeff-chabot,24,Defender,1998-02-12,195,95,"DEU , FRA",https://assets.bundesliga.com/player/dfl-obj-j01d1w-dfl-clu-00000d-dfl-sea-0001k9.png,assets/images/vfb-stuttgart/jeff-chabot.png,2023-2024,DFL-SEA-0001K7,32,0,0,15,4,11,444,7,0,0,301.1,32.78,3,27,2078,327,119
VfB Stuttgart,DFL-CLU-00000L,https://assets.bundesliga.com/clublogos/DFL-SEA-0001K9/DFL-CLU-00000L.svg,assets/logos/vfb-stuttgart.svg,Julian Jeffrey Gaston Chabot,DFL-OBJ-J01D1W,jeff-chabot,24,Defender,1998-02-12,195,95,"DEU , FRA",https://assets.bundesliga.com/player/dfl-obj-j01d1w-dfl-clu-00000d-dfl-sea-0001k9.png,assets/images/vfb-stuttgart/jeff-chabot.png,2022-2023,DFL-SEA-0001K6,21,0,2,10,4,6,216,3,0,0,171.2,32.27,3,28,1507,253,111
VfB Stuttgart,DFL-CLU-00000L,https://assets.bundesliga.com/clublogos/DFL-SEA-0001K9/DFL-CLU-00000L.svg,assets/logos/vfb-stuttgart.svg,Julian Jeffrey Gaston Chabot,DFL-OBJ-J01D1W,jeff-chabot,24,Defender,1998-02-12,195,95,"DEU , FRA",https://assets.bundesliga.com/player/dfl-obj-j01d1w-dfl-clu-00000d-dfl-sea-0001k9.png,assets/images/vfb-stuttgart/jeff-chabot.png,2021-2022,DFL-SEA-0001K5,4,0,0,0,0,0,37,1,0,0,23.8,30.41,0,5,197,38,15
VfB Stuttgart,DFL-CLU-00000L,https://assets.bundesliga.com/clublogos/DFL-SEA-0001K9/DFL-CLU-00000L.svg,assets/logos/vfb-stuttgart.svg,Jeremy Alberto Arévalo Mera,DFL-OBJ-J0257J,jeremy-arevalo,25,Striker,2005-03-19,182,84,"ECU , ESP",https://assets.bundesliga.com/player/dfl-obj-j0257j-dfl-clu-00000d-dfl-sea-0001k9.png,assets/images/vfb-stuttgart/jeremy-arevalo.png,2025-2026,DFL-SEA-0001K9,7,0,1,3,1,2,12,0,0,0,8.3,29.73,0,0,34,9,2
VfB Stuttgart,DFL-CLU-00000L,https://assets.bundesliga.com/clublogos/DFL-SEA-0001K9/DFL-CLU-00000L.svg,assets/logos/vfb-stuttgart.svg,Josha Mamadou Karaboue Vagnoman,DFL-OBJ-0028LS,josha-vagnoman,4,Defender,2000-12-11,190,90,"DEU , CIV",https://assets.bundesliga.com/player/dfl-obj-0028ls-dfl-clu-00000d-dfl-sea-0001k9.png,assets/images/vfb-stuttgart/josha-vagnoman.png,2025-2026,DFL-SEA-0001K9,27,1,3,18,11,7,413,3,0,0,210.7,35.46,27,15,1009,153,21
VfB Stuttgart,DFL-CLU-00000L,https://assets.bundesliga.com/clublogos/DFL-SEA-0001K9/DFL-CLU-00000L.svg,assets/logos/vfb-stuttgart.svg,Josha Mamadou Karaboue Vagnoman,DFL-OBJ-0028LS,josha-vagnoman,4,Defender,2000-12-11,190,90,"DEU , CIV",https://assets.bundesliga.com/player/dfl-obj-0028ls-dfl-clu-00000d-dfl-sea-0001k9.png,assets/images/vfb-stuttgart/josha-vagnoman.png,2024-2025,DFL-SEA-0001K8,26,1,1,15,7,8,635,4,0,0,233.7,35.99,36,17,1155,187,23
VfB Stuttgart,DFL-CLU-00000L,https://assets.bundesliga.com/clublogos/DFL-SEA-0001K9/DFL-CLU-00000L.svg,assets/logos/vfb-stuttgart.svg,Josha Mamadou Karaboue Vagnoman,DFL-OBJ-0028LS,josha-vagnoman,4,Defender,2000-12-11,190,90,"DEU , CIV",https://assets.bundesliga.com/player/dfl-obj-0028ls-dfl-clu-00000d-dfl-sea-0001k9.png,assets/images/vfb-stuttgart/josha-vagnoman.png,2023-2024,DFL-SEA-0001K7,18,2,2,17,7,10,392,2,0,0,135.8,33.96,16,8,772,114,14
VfB Stuttgart,DFL-CLU-00000L,https://assets.bundesliga.com/clublogos/DFL-SEA-0001K9/DFL-CLU-00000L.svg,assets/logos/vfb-stuttgart.svg,Josha Mamadou Karaboue Vagnoman,DFL-OBJ-0028LS,josha-vagnoman,4,Defender,2000-12-11,190,90,"DEU , CIV",https://assets.bundesliga.com/player/dfl-obj-0028ls-dfl-clu-00000d-dfl-sea-0001k9.png,assets/images/vfb-stuttgart/josha-vagnoman.png,2022-2023,DFL-SEA-0001K6,23,2,2,25,5,20,379,1,0,0,154.9,33.77,23,18,804,153,25
VfB Stuttgart,DFL-CLU-00000L,https://assets.bundesliga.com/clublogos/DFL-SEA-0001K9/DFL-CLU-00000L.svg,assets/logos/vfb-stuttgart.svg,Justin Diehl,DFL-OBJ-J01K9Z,justin-diehl,17,Striker,2004-11-27,174,67,"DEU , GHA",https://assets.bundesliga.com/player/dfl-obj-j01k9z-dfl-clu-00000d-dfl-sea-0001k9.png,assets/images/vfb-stuttgart/justin-diehl.png,2024-2025,DFL-SEA-0001K8,6,1,0,6,1,5,45,0,0,0,15.4,36.08,7,2,84,11,0
VfB Stuttgart,DFL-CLU-00000L,https://assets.bundesliga.com/clublogos/DFL-SEA-0001K9/DFL-CLU-00000L.svg,assets/logos/vfb-stuttgart.svg,Justin Diehl,DFL-OBJ-J01K9Z,justin-diehl,17,Striker,2004-11-27,174,67,"DEU , GHA",https://assets.bundesliga.com/player/dfl-obj-j01k9z-dfl-clu-00000d-dfl-sea-0001k9.png,assets/images/vfb-stuttgart/justin-diehl.png,2023-2024,DFL-SEA-0001K7,7,0,0,7,2,5,72,0,0,0,22.7,34.74,3,2,100,16,0
VfB Stuttgart,DFL-CLU-00000L,https://assets.bundesliga.com/clublogos/DFL-SEA-0001K9/DFL-CLU-00000L.svg,assets/logos/vfb-stuttgart.svg,Justin Diehl,DFL-OBJ-J01K9Z,justin-diehl,17,Striker,2004-11-27,174,67,"DEU , GHA",https://assets.bundesliga.com/player/dfl-obj-j01k9z-dfl-clu-00000d-dfl-sea-0001k9.png,assets/images/vfb-stuttgart/justin-diehl.png,2022-2023,DFL-SEA-0001K6,2,0,0,0,0,0,13,0,0,0,3,31.43,0,0,5,1,0
VfB Stuttgart,DFL-CLU-00000L,https://assets.bundesliga.com/clublogos/DFL-SEA-0001K9/DFL-CLU-00000L.svg,assets/logos/vfb-stuttgart.svg,Lauri Lukas Penna,DFL-OBJ-J0227E,lauri-penna,49,Midfielder,2006-07-02,184,74,DEU,https://assets.bundesliga.com/player/dfl-obj-j0227e-dfl-clu-00000d-dfl-sea-0001k9.png,assets/images/vfb-stuttgart/lauri-penna.png,2025-2026,DFL-SEA-0001K9,,,,,,,,,,,,,,,,,
VfB Stuttgart,DFL-CLU-00000L,https://assets.bundesliga.com/clublogos/DFL-SEA-0001K9/DFL-CLU-00000L.svg,assets/logos/vfb-stuttgart.svg,Lazar Jovanović,DFL-OBJ-J01U5H,lazar-jovanovic,45,Striker,2006-11-30,184,76,SRB,https://assets.bundesliga.com/player/dfl-obj-j01u5h-dfl-clu-00000d-dfl-sea-0001k9.png,assets/images/vfb-stuttgart/lazar-jovanovic.png,2025-2026,DFL-SEA-0001K9,3,0,0,1,0,1,14,0,0,0,6.7,30.34,0,1,22,5,1
VfB Stuttgart,DFL-CLU-00000L,https://assets.bundesliga.com/clublogos/DFL-SEA-0001K9/DFL-CLU-00000L.svg,assets/logos/vfb-stuttgart.svg,Lorenz Assignon,DFL-OBJ-J01G5D,lorenz-assignon,22,Defender,2000-06-22,181,77,"FRA , TGO",https://assets.bundesliga.com/player/dfl-obj-j01g5d-dfl-clu-00000d-dfl-sea-0001k9.png,assets/images/vfb-stuttgart/lorenz-assignon.png,2025-2026,DFL-SEA-0001K9,24,0,0,14,4,10,273,3,0,0,146.6,34.86,30,18,825,122,23
VfB Stuttgart,DFL-CLU-00000L,https://assets.bundesliga.com/clublogos/DFL-SEA-0001K9/DFL-CLU-00000L.svg,assets/logos/vfb-stuttgart.svg,Luca Antony Jaquez,DFL-OBJ-J02323,luca-jaquez,14,Defender,2003-06-02,187,80,"CHE , DOM",https://assets.bundesliga.com/player/dfl-obj-j02323-dfl-clu-00000d-dfl-sea-0001k9.png,assets/images/vfb-stuttgart/luca-jaquez.png,2025-2026,DFL-SEA-0001K9,14,0,1,4,0,4,153,1,0,0,105.9,34.16,1,4,845,75,25
VfB Stuttgart,DFL-CLU-00000L,https://assets.bundesliga.com/clublogos/DFL-SEA-0001K9/DFL-CLU-00000L.svg,assets/logos/vfb-stuttgart.svg,Luca Antony Jaquez,DFL-OBJ-J02323,luca-jaquez,14,Defender,2003-06-02,187,80,"CHE , DOM",https://assets.bundesliga.com/player/dfl-obj-j02323-dfl-clu-00000d-dfl-sea-0001k9.png,assets/images/vfb-stuttgart/luca-jaquez.png,2024-2025,DFL-SEA-0001K8,5,0,0,1,0,1,45,0,0,0,30.4,32.81,1,4,230,12,5
VfB Stuttgart,DFL-CLU-00000L,https://assets.bundesliga.com/clublogos/DFL-SEA-0001K9/DFL-CLU-00000L.svg,assets/logos/vfb-stuttgart.svg,Maximilian Tobias Herwerth,DFL-OBJ-J01XEJ,maximilian-herwerth,37,Defender,2006-02-09,191,84,DEU,https://assets.bundesliga.com/player/dfl-obj-j01xej-dfl-clu-00000d-dfl-sea-0001k9.png,assets/images/vfb-stuttgart/maximilian-herwerth.png,2025-2026,DFL-SEA-0001K9,,,,,,,,,,,,,,,,,
VfB Stuttgart,DFL-CLU-00000L,https://assets.bundesliga.com/clublogos/DFL-SEA-0001K9/DFL-CLU-00000L.svg,assets/logos/vfb-stuttgart.svg,Maximilian Mittelstädt,DFL-OBJ-0025AD,maximilian-mittelstadt,7,Defender,1997-03-18,180,71,DEU,https://assets.bundesliga.com/player/dfl-obj-0025ad-dfl-clu-00000d-dfl-sea-0001k9.png,assets/images/vfb-stuttgart/maximilian-mittelstadt.png,2025-2026,DFL-SEA-0001K9,32,6,4,31,16,15,409,4,0,0,272.9,33.03,71,11,2006,286,44
VfB Stuttgart,DFL-CLU-00000L,https://assets.bundesliga.com/clublogos/DFL-SEA-0001K9/DFL-CLU-00000L.svg,assets/logos/vfb-stuttgart.svg,Maximilian Mittelstädt,DFL-OBJ-0025AD,maximilian-mittelstadt,7,Defender,1997-03-18,180,71,DEU,https://assets.bundesliga.com/player/dfl-obj-0025ad-dfl-clu-00000d-dfl-sea-0001k9.png,assets/images/vfb-stuttgart/maximilian-mittelstadt.png,2024-2025,DFL-SEA-0001K8,31,1,7,21,4,17,679,5,0,0,295.5,34.56,109,24,2496,308,27
VfB Stuttgart,DFL-CLU-00000L,https://assets.bundesliga.com/clublogos/DFL-SEA-0001K9/DFL-CLU-00000L.svg,assets/logos/vfb-stuttgart.svg,Maximilian Mittelstädt,DFL-OBJ-0025AD,maximilian-mittelstadt,7,Defender,1997-03-18,180,71,DEU,https://assets.bundesliga.com/player/dfl-obj-0025ad-dfl-clu-00000d-dfl-sea-0001k9.png,assets/images/vfb-stuttgart/maximilian-mittelstadt.png,2023-2024,DFL-SEA-0001K7,31,2,4,22,7,15,576,5,0,0,236.4,32.97,75,25,2153,319,35
VfB Stuttgart,DFL-CLU-00000L,https://assets.bundesliga.com/clublogos/DFL-SEA-0001K9/DFL-CLU-00000L.svg,assets/logos/vfb-stuttgart.svg,Maximilian Mittelstädt,DFL-OBJ-0025AD,maximilian-mittelstadt,7,Defender,1997-03-18,180,71,DEU,https://assets.bundesliga.com/player/dfl-obj-0025ad-dfl-clu-00000d-dfl-sea-0001k9.png,assets/images/vfb-stuttgart/maximilian-mittelstadt.png,2022-2023,DFL-SEA-0001K6,17,0,0,6,2,4,262,5,0,0,99.4,33.63,16,12,651,128,14
VfB Stuttgart,DFL-CLU-00000L,https://assets.bundesliga.com/clublogos/DFL-SEA-0001K9/DFL-CLU-00000L.svg,assets/logos/vfb-stuttgart.svg,Maximilian Mittelstädt,DFL-OBJ-0025AD,maximilian-mittelstadt,7,Defender,1997-03-18,180,71,DEU,https://assets.bundesliga.com/player/dfl-obj-0025ad-dfl-clu-00000d-dfl-sea-0001k9.png,assets/images/vfb-stuttgart/maximilian-mittelstadt.png,2021-2022,DFL-SEA-0001K5,24,0,5,8,0,8,470,3,0,0,184.8,33.38,40,18,1126,241,31
VfB Stuttgart,DFL-CLU-00000L,https://assets.bundesliga.com/clublogos/DFL-SEA-0001K9/DFL-CLU-00000L.svg,assets/logos/vfb-stuttgart.svg,Maximilian Mittelstädt,DFL-OBJ-0025AD,maximilian-mittelstadt,7,Defender,1997-03-18,180,71,DEU,https://assets.bundesliga.com/player/dfl-obj-0025ad-dfl-clu-00000d-dfl-sea-0001k9.png,assets/images/vfb-stuttgart/maximilian-mittelstadt.png,2020-2021,DFL-SEA-0001K4,26,0,2,18,6,12,448,3,0,0,209.9,34.17,49,23,1518,264,26
VfB Stuttgart,DFL-CLU-00000L,https://assets.bundesliga.com/clublogos/DFL-SEA-0001K9/DFL-CLU-00000L.svg,assets/logos/vfb-stuttgart.svg,Maximilian Mittelstädt,DFL-OBJ-0025AD,maximilian-mittelstadt,7,Defender,1997-03-18,180,71,DEU,https://assets.bundesliga.com/player/dfl-obj-0025ad-dfl-clu-00000d-dfl-sea-0001k9.png,assets/images/vfb-stuttgart/maximilian-mittelstadt.png,2019-2020,DFL-SEA-0001K3,26,1,3,22,5,17,552,4,0,0,233.3,33.48,60,22,1532,254,46
VfB Stuttgart,DFL-CLU-00000L,https://assets.bundesliga.com/clublogos/DFL-SEA-0001K9/DFL-CLU-00000L.svg,assets/logos/vfb-stuttgart.svg,Mirza Ćatović,DFL-OBJ-J022WS,mirza-catovic,35,Midfielder,2007-05-01,190,88,"SRB , BIH",https://assets.bundesliga.com/player/dfl-obj-j022ws-dfl-clu-00000d-dfl-sea-0001k9.png,assets/images/vfb-stuttgart/mirza-catovic.png,2025-2026,DFL-SEA-0001K9,,,,,,,,,,,,,,,,,
VfB Stuttgart,DFL-CLU-00000L,https://assets.bundesliga.com/clublogos/DFL-SEA-0001K9/DFL-CLU-00000L.svg,assets/logos/vfb-stuttgart.svg,Nikolas Terkelsen Nartey,DFL-OBJ-00286V,nikolas-nartey,28,Midfielder,2000-02-22,187,82,"DNK , GHA",https://assets.bundesliga.com/player/dfl-obj-00286v-dfl-clu-00000d-dfl-sea-0001k9.png,assets/images/vfb-stuttgart/nikolas-nartey.png,2025-2026,DFL-SEA-0001K9,28,4,3,21,12,9,198,2,0,0,175.7,34.02,5,18,754,176,35
VfB Stuttgart,DFL-CLU-00000L,https://assets.bundesliga.com/clublogos/DFL-SEA-0001K9/DFL-CLU-00000L.svg,assets/logos/vfb-stuttgart.svg,Nikolas Terkelsen Nartey,DFL-OBJ-00286V,nikolas-nartey,28,Midfielder,2000-02-22,187,82,"DNK , GHA",https://assets.bundesliga.com/player/dfl-obj-00286v-dfl-clu-00000d-dfl-sea-0001k9.png,assets/images/vfb-stuttgart/nikolas-nartey.png,2024-2025,DFL-SEA-0001K8,1,0,0,0,0,0,4,0,0,0,3,28.7,0,0,10,3,1
VfB Stuttgart,DFL-CLU-00000L,https://assets.bundesliga.com/clublogos/DFL-SEA-0001K9/DFL-CLU-00000L.svg,assets/logos/vfb-stuttgart.svg,Nikolas Terkelsen Nartey,DFL-OBJ-00286V,nikolas-nartey,28,Midfielder,2000-02-22,187,82,"DNK , GHA",https://assets.bundesliga.com/player/dfl-obj-00286v-dfl-clu-00000d-dfl-sea-0001k9.png,assets/images/vfb-stuttgart/nikolas-nartey.png,2022-2023,DFL-SEA-0001K6,9,0,0,4,0,4,94,1,0,0,49.9,33.14,6,4,356,72,13
VfB Stuttgart,DFL-CLU-00000L,https://assets.bundesliga.com/clublogos/DFL-SEA-0001K9/DFL-CLU-00000L.svg,assets/logos/vfb-stuttgart.svg,Nikolas Terkelsen Nartey,DFL-OBJ-00286V,nikolas-nartey,28,Midfielder,2000-02-22,187,82,"DNK , GHA",https://assets.bundesliga.com/player/dfl-obj-00286v-dfl-clu-00000d-dfl-sea-0001k9.png,assets/images/vfb-stuttgart/nikolas-nartey.png,2021-2022,DFL-SEA-0001K5,8,0,0,1,0,1,120,1,0,0,53.3,33.83,4,11,258,45,11
VfB Stuttgart,DFL-CLU-00000L,https://assets.bundesliga.com/clublogos/DFL-SEA-0001K9/DFL-CLU-00000L.svg,assets/logos/vfb-stuttgart.svg,Noah Yanis Darvich,DFL-OBJ-J01LAQ,noah-darvich,19,Midfielder,2006-09-25,184,73,DEU,https://assets.bundesliga.com/player/dfl-obj-j01laq-dfl-clu-00000d-dfl-sea-0001k9.png,assets/images/vfb-stuttgart/noah-darvich.png,2025-2026,DFL-SEA-0001K9,,,,,,,,,,,,,,,,,
VfB Stuttgart,DFL-CLU-00000L,https://assets.bundesliga.com/clublogos/DFL-SEA-0001K9/DFL-CLU-00000L.svg,assets/logos/vfb-stuttgart.svg,Pascal Stenzel,DFL-OBJ-0026MA,pascal-stenzel,15,Defender,1996-03-20,183,78,DEU,https://assets.bundesliga.com/player/dfl-obj-0026ma-dfl-clu-00000d-dfl-sea-0001k9.png,assets/images/vfb-stuttgart/pascal-stenzel.png,2025-2026,DFL-SEA-0001K9,2,0,0,4,2,2,12,2,0,0,13.4,29.18,0,2,88,5,0
VfB Stuttgart,DFL-CLU-00000L,https://assets.bundesliga.com/clublogos/DFL-SEA-0001K9/DFL-CLU-00000L.svg,assets/logos/vfb-stuttgart.svg,Pascal Stenzel,DFL-OBJ-0026MA,pascal-stenzel,15,Defender,1996-03-20,183,78,DEU,https://assets.bundesliga.com/player/dfl-obj-0026ma-dfl-clu-00000d-dfl-sea-0001k9.png,assets/images/vfb-stuttgart/pascal-stenzel.png,2024-2025,DFL-SEA-0001K8,10,0,0,8,2,6,62,0,0,0,38.4,31.36,9,3,255,18,3
VfB Stuttgart,DFL-CLU-00000L,https://assets.bundesliga.com/clublogos/DFL-SEA-0001K9/DFL-CLU-00000L.svg,assets/logos/vfb-stuttgart.svg,Pascal Stenzel,DFL-OBJ-0026MA,pascal-stenzel,15,Defender,1996-03-20,183,78,DEU,https://assets.bundesliga.com/player/dfl-obj-0026ma-dfl-clu-00000d-dfl-sea-0001k9.png,assets/images/vfb-stuttgart/pascal-stenzel.png,2023-2024,DFL-SEA-0001K7,23,0,5,14,4,10,223,1,0,0,127.3,32.44,18,16,974,100,15
VfB Stuttgart,DFL-CLU-00000L,https://assets.bundesliga.com/clublogos/DFL-SEA-0001K9/DFL-CLU-00000L.svg,assets/logos/vfb-stuttgart.svg,Pascal Stenzel,DFL-OBJ-0026MA,pascal-stenzel,15,Defender,1996-03-20,183,78,DEU,https://assets.bundesliga.com/player/dfl-obj-0026ma-dfl-clu-00000d-dfl-sea-0001k9.png,assets/images/vfb-stuttgart/pascal-stenzel.png,2022-2023,DFL-SEA-0001K6,12,0,1,2,0,2,62,0,0,0,41.1,31.09,6,3,273,27,1
VfB Stuttgart,DFL-CLU-00000L,https://assets.bundesliga.com/clublogos/DFL-SEA-0001K9/DFL-CLU-00000L.svg,assets/logos/vfb-stuttgart.svg,Pascal Stenzel,DFL-OBJ-0026MA,pascal-stenzel,15,Defender,1996-03-20,183,78,DEU,https://assets.bundesliga.com/player/dfl-obj-0026ma-dfl-clu-00000d-dfl-sea-0001k9.png,assets/images/vfb-stuttgart/pascal-stenzel.png,2021-2022,DFL-SEA-0001K5,16,0,0,8,4,4,180,1,0,0,108.3,31.02,8,13,819,90,17
VfB Stuttgart,DFL-CLU-00000L,https://assets.bundesliga.com/clublogos/DFL-SEA-0001K9/DFL-CLU-00000L.svg,assets/logos/vfb-stuttgart.svg,Pascal Stenzel,DFL-OBJ-0026MA,pascal-stenzel,15,Defender,1996-03-20,183,78,DEU,https://assets.bundesliga.com/player/dfl-obj-0026ma-dfl-clu-00000d-dfl-sea-0001k9.png,assets/images/vfb-stuttgart/pascal-stenzel.png,2020-2021,DFL-SEA-0001K4,23,1,1,5,1,4,200,1,0,0,153.5,31.33,6,18,1328,112,13
VfB Stuttgart,DFL-CLU-00000L,https://assets.bundesliga.com/clublogos/DFL-SEA-0001K9/DFL-CLU-00000L.svg,assets/logos/vfb-stuttgart.svg,Ramon Hendriks,DFL-OBJ-J01D9B,ramon-hendriks,3,Defender,2001-07-18,189,83,NLD,https://assets.bundesliga.com/player/dfl-obj-j01d9b-dfl-clu-00000d-dfl-sea-0001k9.png,assets/images/vfb-stuttgart/ramon-hendriks.png,2025-2026,DFL-SEA-0001K9,31,0,3,6,0,6,431,3,0,0,246.9,35.07,16,18,1652,197,44
VfB Stuttgart,DFL-CLU-00000L,https://assets.bundesliga.com/clublogos/DFL-SEA-0001K9/DFL-CLU-00000L.svg,assets/logos/vfb-stuttgart.svg,Ramon Hendriks,DFL-OBJ-J01D9B,ramon-hendriks,3,Defender,2001-07-18,189,83,NLD,https://assets.bundesliga.com/player/dfl-obj-j01d9b-dfl-clu-00000d-dfl-sea-0001k9.png,assets/images/vfb-stuttgart/ramon-hendriks.png,2024-2025,DFL-SEA-0001K8,25,0,1,5,1,4,330,3,0,0,144.6,35.24,10,11,872,134,37
VfB Stuttgart,DFL-CLU-00000L,https://assets.bundesliga.com/clublogos/DFL-SEA-0001K9/DFL-CLU-00000L.svg,assets/logos/vfb-stuttgart.svg,Sebastian Hoeneß,DFL-OBJ-002GEF,sebastian-hoenes,,VfB Stuttgart,1982-05-12,178,,DEU,https://assets.bundesliga.com/person/dfl-obj-002gef-dfl-clu-00000d-dfl-sea-0001k9.png,assets/images/vfb-stuttgart/sebastian-hoenes.png,2025-2026,DFL-SEA-0001K9,,,,,,,,,,,,,,,,,
VfB Stuttgart,DFL-CLU-00000L,https://assets.bundesliga.com/clublogos/DFL-SEA-0001K9/DFL-CLU-00000L.svg,assets/logos/vfb-stuttgart.svg,Stefan Drljača,DFL-OBJ-002FU9,stefan-drljaca,21,Goalkeeper,1999-04-20,193,89,"DEU , SRB",https://assets.bundesliga.com/player/dfl-obj-002fu9-dfl-clu-00000d-dfl-sea-0001k9.png,assets/images/vfb-stuttgart/stefan-drljaca.png,2025-2026,DFL-SEA-0001K9,,,,,,,,,,,,,,,,,
VfB Stuttgart,DFL-CLU-00000L,https://assets.bundesliga.com/clublogos/DFL-SEA-0001K9/DFL-CLU-00000L.svg,assets/logos/vfb-stuttgart.svg,Tiago Barreiros de Melo Tomás,DFL-OBJ-J01EAG,tiago-tomas,8,Striker,2002-06-16,180,69,PRT,https://assets.bundesliga.com/player/dfl-obj-j01eag-dfl-clu-00000d-dfl-sea-0001k9.png,assets/images/vfb-stuttgart/tiago-tomas.png,2025-2026,DFL-SEA-0001K9,27,5,3,36,10,26,269,4,0,0,135.1,35.22,7,13,527,128,16
VfB Stuttgart,DFL-CLU-00000L,https://assets.bundesliga.com/clublogos/DFL-SEA-0001K9/DFL-CLU-00000L.svg,assets/logos/vfb-stuttgart.svg,Tiago Barreiros de Melo Tomás,DFL-OBJ-J01EAG,tiago-tomas,8,Striker,2002-06-16,180,69,PRT,https://assets.bundesliga.com/player/dfl-obj-j01eag-dfl-clu-00000d-dfl-sea-0001k9.png,assets/images/vfb-stuttgart/tiago-tomas.png,2024-2025,DFL-SEA-0001K8,32,6,1,41,20,21,596,7,0,0,231,35.56,17,26,847,225,11
VfB Stuttgart,DFL-CLU-00000L,https://assets.bundesliga.com/clublogos/DFL-SEA-0001K9/DFL-CLU-00000L.svg,assets/logos/vfb-stuttgart.svg,Tiago Barreiros de Melo Tomás,DFL-OBJ-J01EAG,tiago-tomas,8,Striker,2002-06-16,180,69,PRT,https://assets.bundesliga.com/player/dfl-obj-j01eag-dfl-clu-00000d-dfl-sea-0001k9.png,assets/images/vfb-stuttgart/tiago-tomas.png,2023-2024,DFL-SEA-0001K7,26,1,1,27,10,17,377,3,0,0,135.8,34.82,19,9,485,114,12
VfB Stuttgart,DFL-CLU-00000L,https://assets.bundesliga.com/clublogos/DFL-SEA-0001K9/DFL-CLU-00000L.svg,assets/logos/vfb-stuttgart.svg,Tiago Barreiros de Melo Tomás,DFL-OBJ-J01EAG,tiago-tomas,8,Striker,2002-06-16,180,69,PRT,https://assets.bundesliga.com/player/dfl-obj-j01eag-dfl-clu-00000d-dfl-sea-0001k9.png,assets/images/vfb-stuttgart/tiago-tomas.png,2022-2023,DFL-SEA-0001K6,27,3,3,34,12,22,317,2,0,0,128.3,34.99,10,11,569,143,13
VfB Stuttgart,DFL-CLU-00000L,https://assets.bundesliga.com/clublogos/DFL-SEA-0001K9/DFL-CLU-00000L.svg,assets/logos/vfb-stuttgart.svg,Tiago Barreiros de Melo Tomás,DFL-OBJ-J01EAG,tiago-tomas,8,Striker,2002-06-16,180,69,PRT,https://assets.bundesliga.com/player/dfl-obj-j01eag-dfl-clu-00000d-dfl-sea-0001k9.png,assets/images/vfb-stuttgart/tiago-tomas.png,2021-2022,DFL-SEA-0001K5,14,4,1,28,15,13,349,2,0,0,129.5,35.58,14,7,420,118,8
VfB Stuttgart,DFL-CLU-00000L,https://assets.bundesliga.com/clublogos/DFL-SEA-0001K9/DFL-CLU-00000L.svg,assets/logos/vfb-stuttgart.svg,Yanik Noah Spalt,DFL-OBJ-J01Q96,yanik-spalt,56,Defender,2007-09-03,176,,AUT,https://assets.bundesliga.com/player/dfl-obj-j01q96-dfl-clu-00000d-dfl-sea-0001k9.png,assets/images/vfb-stuttgart/yanik-spalt.png,2025-2026,DFL-SEA-0001K9,,,,,,,,,,,,,,,,,
Wolfsburg,DFL-CLU-00000L,https://assets.bundesliga.com/clublogos/DFL-SEA-0001K9/DFL-CLU-00000L.svg,assets/logos/vfl-wolfsburg.svg,Aaron Zehnter,DFL-OBJ-J01KAS,aaron-zehnter,25,Midfielder,2004-10-31,180,70,DEU,https://assets.bundesliga.com/player/dfl-obj-j01kas-dfl-clu-000003-dfl-sea-0001k9.png,assets/images/vfl-wolfsburg/aaron-zehnter.png,2025-2026,DFL-SEA-0001K9,20,2,0,11,5,6,243,0,0,0,182.7,33.62,24,1,912,81,13
Wolfsburg,DFL-CLU-00000L,https://assets.bundesliga.com/clublogos/DFL-SEA-0001K9/DFL-CLU-00000L.svg,assets/logos/vfl-wolfsburg.svg,Aaron Zehnter,DFL-OBJ-J01KAS,aaron-zehnter,25,Midfielder,2004-10-31,180,70,DEU,https://assets.bundesliga.com/player/dfl-obj-j01kas-dfl-clu-000003-dfl-sea-0001k9.png,assets/images/vfl-wolfsburg/aaron-zehnter.png,2022-2023,DFL-SEA-0001K6,1,0,0,0,0,0,1,0,0,0,0.8,25.82,0,0,2,1,0
Wolfsburg,DFL-CLU-00000L,https://assets.bundesliga.com/clublogos/DFL-SEA-0001K9/DFL-CLU-00000L.svg,assets/logos/vfl-wolfsburg.svg,Adam Daghim,DFL-OBJ-J01U8K,adam-daghim,11,Striker,2005-09-28,189,80,"DNK , PSE",https://assets.bundesliga.com/player/dfl-obj-j01u8k-dfl-clu-000003-dfl-sea-0001k9.png,assets/images/vfl-wolfsburg/adam-daghim.png,2025-2026,DFL-SEA-0001K9,27,2,3,27,9,18,515,3,0,0,194.6,36.32,18,14,730,195,20
Wolfsburg,DFL-CLU-00000L,https://assets.bundesliga.com/clublogos/DFL-SEA-0001K9/DFL-CLU-00000L.svg,assets/logos/vfl-wolfsburg.svg,Bence Dardai,DFL-OBJ-J01K9O,bence-dardai,8,Midfielder,2006-01-24,188,71,"HUN , DEU",https://assets.bundesliga.com/player/dfl-obj-j01k9o-dfl-clu-000003-dfl-sea-0001k9.png,assets/images/vfl-wolfsburg/bence-dardai.png,2025-2026,DFL-SEA-0001K9,1,0,0,0,0,0,6,0,0,0,5,28.58,0,1,14,2,0
Wolfsburg,DFL-CLU-00000L,https://assets.bundesliga.com/clublogos/DFL-SEA-0001K9/DFL-CLU-00000L.svg,assets/logos/vfl-wolfsburg.svg,Bence Dardai,DFL-OBJ-J01K9O,bence-dardai,8,Midfielder,2006-01-24,188,71,"HUN , DEU",https://assets.bundesliga.com/player/dfl-obj-j01k9o-dfl-clu-000003-dfl-sea-0001k9.png,assets/images/vfl-wolfsburg/bence-dardai.png,2024-2025,DFL-SEA-0001K8,21,1,1,12,1,11,293,0,0,0,171.6,32.73,9,10,626,106,17
Wolfsburg,DFL-CLU-00000L,https://assets.bundesliga.com/clublogos/DFL-SEA-0001K9/DFL-CLU-00000L.svg,assets/logos/vfl-wolfsburg.svg,Bruno Katz,DFL-OBJ-J024JW,bruno-katz,42,Striker,2008-05-14,183,,FIN,https://assets.bundesliga.com/player/dfl-obj-j024jw-dfl-clu-000003-dfl-sea-0001k9.png,assets/images/vfl-wolfsburg/bruno-katz.png,2025-2026,DFL-SEA-0001K9,,,,,,,,,,,,,,,,,
Wolfsburg,DFL-CLU-00000L,https://assets.bundesliga.com/clublogos/DFL-SEA-0001K9/DFL-CLU-00000L.svg,assets/logos/vfl-wolfsburg.svg,Christian Dannemann Eriksen,DFL-OBJ-J00W7B,christian-eriksen,24,Midfielder,1992-02-14,181,76,DNK,https://assets.bundesliga.com/player/dfl-obj-j00w7b-dfl-clu-000003-dfl-sea-0001k9.png,assets/images/vfl-wolfsburg/christian-eriksen.png,2025-2026,DFL-SEA-0001K9,31,3,9,39,15,24,362,4,0,0,334.1,32.57,24,11,1633,175,14
Wolfsburg,DFL-CLU-00000L,https://assets.bundesliga.com/clublogos/DFL-SEA-0001K9/DFL-CLU-00000L.svg,assets/logos/vfl-wolfsburg.svg,Cleiton Santana dos Santos,DFL-OBJ-J01S9Y,cleiton,33,Defender,2003-04-25,194,,BRA,https://assets.bundesliga.com/player/dfl-obj-j01s9y-dfl-clu-000003-dfl-sea-0001k9.png,assets/images/vfl-wolfsburg/cleiton.png,2025-2026,DFL-SEA-0001K9,,,,,,,,,,,,,,,,,
Wolfsburg,DFL-CLU-00000L,https://assets.bundesliga.com/clublogos/DFL-SEA-0001K9/DFL-CLU-00000L.svg,assets/logos/vfl-wolfsburg.svg,Denis Vavro,DFL-OBJ-J017WJ,denis-vavro,3,Defender,1996-04-10,189,81,SVK,https://assets.bundesliga.com/player/dfl-obj-j017wj-dfl-clu-000003-dfl-sea-0001k9.png,assets/images/vfl-wolfsburg/denis-vavro.png,2025-2026,DFL-SEA-0001K9,17,1,0,11,6,5,130,2,0,0,129.7,33.19,0,8,750,101,50
Wolfsburg,DFL-CLU-00000L,https://assets.bundesliga.com/clublogos/DFL-SEA-0001K9/DFL-CLU-00000L.svg,assets/logos/vfl-wolfsburg.svg,Denis Vavro,DFL-OBJ-J017WJ,denis-vavro,3,Defender,1996-04-10,189,81,SVK,https://assets.bundesliga.com/player/dfl-obj-j017wj-dfl-clu-000003-dfl-sea-0001k9.png,assets/images/vfl-wolfsburg/denis-vavro.png,2024-2025,DFL-SEA-0001K8,29,2,0,25,7,18,454,4,0,0,275.8,33.65,3,7,1944,195,79
Wolfsburg,DFL-CLU-00000L,https://assets.bundesliga.com/clublogos/DFL-SEA-0001K9/DFL-CLU-00000L.svg,assets/logos/vfl-wolfsburg.svg,Dieter-Klaus Hecking,DFL-OBJ-0000P8,dieter-hecking,,Wolfsburg,1964-09-12,179,,DEU,https://assets.bundesliga.com/person/dfl-obj-0000p8-dfl-clu-000003-dfl-sea-0001k9.png,assets/images/vfl-wolfsburg/dieter-hecking.png,2025-2026,DFL-SEA-0001K9,,,,,,,,,,,,,,,,,
Wolfsburg,DFL-CLU-00000L,https://assets.bundesliga.com/clublogos/DFL-SEA-0001K9/DFL-CLU-00000L.svg,assets/logos/vfl-wolfsburg.svg,Dženan Pejčinović,DFL-OBJ-J01KEB,dzenan-pejcinovic,17,Striker,2005-02-15,188,78,"DEU , MNE",https://assets.bundesliga.com/player/dfl-obj-j01keb-dfl-clu-000003-dfl-sea-0001k9.png,assets/images/vfl-wolfsburg/dzenan-pejcinovic.png,2025-2026,DFL-SEA-0001K9,30,8,0,48,22,26,537,1,0,0,206.1,34.4,5,17,594,123,50
Wolfsburg,DFL-CLU-00000L,https://assets.bundesliga.com/clublogos/DFL-SEA-0001K9/DFL-CLU-00000L.svg,assets/logos/vfl-wolfsburg.svg,Dženan Pejčinović,DFL-OBJ-J01KEB,dzenan-pejcinovic,17,Striker,2005-02-15,188,78,"DEU , MNE",https://assets.bundesliga.com/player/dfl-obj-j01keb-dfl-clu-000003-dfl-sea-0001k9.png,assets/images/vfl-wolfsburg/dzenan-pejcinovic.png,2023-2024,DFL-SEA-0001K7,4,0,0,1,0,1,15,1,0,0,6.1,29.85,0,2,13,1,0
Wolfsburg,DFL-CLU-00000L,https://assets.bundesliga.com/clublogos/DFL-SEA-0001K9/DFL-CLU-00000L.svg,assets/logos/vfl-wolfsburg.svg,Dženan Pejčinović,DFL-OBJ-J01KEB,dzenan-pejcinovic,17,Striker,2005-02-15,188,78,"DEU , MNE",https://assets.bundesliga.com/player/dfl-obj-j01keb-dfl-clu-000003-dfl-sea-0001k9.png,assets/images/vfl-wolfsburg/dzenan-pejcinovic.png,2022-2023,DFL-SEA-0001K6,1,0,0,0,0,0,4,0,0,0,1.7,29.17,0,0,1,1,0
Wolfsburg,DFL-CLU-00000L,https://assets.bundesliga.com/clublogos/DFL-SEA-0001K9/DFL-CLU-00000L.svg,assets/logos/vfl-wolfsburg.svg,Jakub Zielinski,DFL-OBJ-J01XOF,jakub-zielinski,30,Goalkeeper,2008-02-21,194,86,POL,https://assets.bundesliga.com/player/dfl-obj-j01xof-dfl-clu-000003-dfl-sea-0001k9.png,assets/images/vfl-wolfsburg/jakub-zielinski.png,2025-2026,DFL-SEA-0001K9,,,,,,,,,,,,,,,,,
Wolfsburg,DFL-CLU-00000L,https://assets.bundesliga.com/clublogos/DFL-SEA-0001K9/DFL-CLU-00000L.svg,assets/logos/vfl-wolfsburg.svg,Jan Bürger,DFL-OBJ-J01NAE,jan-burger,41,Defender,2007-03-10,180,,DEU,https://assets.bundesliga.com/player/dfl-obj-j01nae-dfl-clu-000003-dfl-sea-0001k9.png,assets/images/vfl-wolfsburg/jan-burger.png,2025-2026,DFL-SEA-0001K9,7,0,0,2,1,1,55,0,0,0,33.6,34.28,4,4,142,26,2
Wolfsburg,DFL-CLU-00000L,https://assets.bundesliga.com/clublogos/DFL-SEA-0001K9/DFL-CLU-00000L.svg,assets/logos/vfl-wolfsburg.svg,Jeanuël Merick Belocian,DFL-OBJ-J01NZP,jeanuel-belocian,6,Defender,2005-02-17,186,73,"FRA , GLP",https://assets.bundesliga.com/player/dfl-obj-j01nzp-dfl-clu-000003-dfl-sea-0001k9.png,assets/images/vfl-wolfsburg/jeanuel-belocian.png,2025-2026,DFL-SEA-0001K9,22,0,1,4,0,4,231,3,0,0,188.2,33.72,6,22,1031,128,26
Wolfsburg,DFL-CLU-00000L,https://assets.bundesliga.com/clublogos/DFL-SEA-0001K9/DFL-CLU-00000L.svg,assets/logos/vfl-wolfsburg.svg,Jeanuël Merick Belocian,DFL-OBJ-J01NZP,jeanuel-belocian,6,Defender,2005-02-17,186,73,"FRA , GLP",https://assets.bundesliga.com/player/dfl-obj-j01nzp-dfl-clu-000003-dfl-sea-0001k9.png,assets/images/vfl-wolfsburg/jeanuel-belocian.png,2024-2025,DFL-SEA-0001K8,5,0,0,0,0,0,28,1,0,0,9.6,33.28,0,1,49,13,3
Wolfsburg,DFL-CLU-00000L,https://assets.bundesliga.com/clublogos/DFL-SEA-0001K9/DFL-CLU-00000L.svg,assets/logos/vfl-wolfsburg.svg,Jenson Seelt,DFL-OBJ-J024SW,jenson-seelt,14,Defender,2003-05-22,195,84,"NLD , IDN",https://assets.bundesliga.com/player/dfl-obj-j024sw-dfl-clu-000003-dfl-sea-0001k9.png,assets/images/vfl-wolfsburg/jenson-seelt.png,2025-2026,DFL-SEA-0001K9,9,0,0,1,0,1,60,0,0,0,76.6,31.73,0,5,509,75,27
Wolfsburg,DFL-CLU-00000L,https://assets.bundesliga.com/clublogos/DFL-SEA-0001K9/DFL-CLU-00000L.svg,assets/logos/vfl-wolfsburg.svg,Jesper Gränge Lindström,DFL-OBJ-J01GTD,jesper-lindstrom,19,Midfielder,2000-02-29,182,66,DNK,https://assets.bundesliga.com/player/dfl-obj-j01gtd-dfl-clu-000003-dfl-sea-0001k9.png,assets/images/vfl-wolfsburg/jesper-lindstrom.png,2025-2026,DFL-SEA-0001K9,13,0,0,9,5,4,157,2,0,0,53.7,34.02,3,9,198,52,4
Wolfsburg,DFL-CLU-00000L,https://assets.bundesliga.com/clublogos/DFL-SEA-0001K9/DFL-CLU-00000L.svg,assets/logos/vfl-wolfsburg.svg,Jesper Gränge Lindström,DFL-OBJ-J01GTD,jesper-lindstrom,19,Midfielder,2000-02-29,182,66,DNK,https://assets.bundesliga.com/player/dfl-obj-j01gtd-dfl-clu-000003-dfl-sea-0001k9.png,assets/images/vfl-wolfsburg/jesper-lindstrom.png,2023-2024,DFL-SEA-0001K7,1,0,0,2,0,2,29,0,0,0,9.9,32.91,1,0,44,5,0
Wolfsburg,DFL-CLU-00000L,https://assets.bundesliga.com/clublogos/DFL-SEA-0001K9/DFL-CLU-00000L.svg,assets/logos/vfl-wolfsburg.svg,Jesper Gränge Lindström,DFL-OBJ-J01GTD,jesper-lindstrom,19,Midfielder,2000-02-29,182,66,DNK,https://assets.bundesliga.com/player/dfl-obj-j01gtd-dfl-clu-000003-dfl-sea-0001k9.png,assets/images/vfl-wolfsburg/jesper-lindstrom.png,2022-2023,DFL-SEA-0001K6,27,7,2,49,19,30,720,2,0,0,211.9,34.92,15,17,864,180,9
Wolfsburg,DFL-CLU-00000L,https://assets.bundesliga.com/clublogos/DFL-SEA-0001K9/DFL-CLU-00000L.svg,assets/logos/vfl-wolfsburg.svg,Jesper Gränge Lindström,DFL-OBJ-J01GTD,jesper-lindstrom,19,Midfielder,2000-02-29,182,66,DNK,https://assets.bundesliga.com/player/dfl-obj-j01gtd-dfl-clu-000003-dfl-sea-0001k9.png,assets/images/vfl-wolfsburg/jesper-lindstrom.png,2021-2022,DFL-SEA-0001K5,29,5,4,55,18,37,918,0,0,0,247.7,34.91,27,18,986,186,7
Wolfsburg,DFL-CLU-00000L,https://assets.bundesliga.com/clublogos/DFL-SEA-0001K9/DFL-CLU-00000L.svg,assets/logos/vfl-wolfsburg.svg,Joakim Barut Mæhle Pedersen,DFL-OBJ-J0159A,joakim-maehle,21,Defender,1997-05-20,186,79,DNK,https://assets.bundesliga.com/player/dfl-obj-j0159a-dfl-clu-000003-dfl-sea-0001k9.png,assets/images/vfl-wolfsburg/joakim-maehle.png,2025-2026,DFL-SEA-0001K9,16,1,2,13,3,10,253,1,0,0,159.4,34.57,16,7,834,122,8
Wolfsburg,DFL-CLU-00000L,https://assets.bundesliga.com/clublogos/DFL-SEA-0001K9/DFL-CLU-00000L.svg,assets/logos/vfl-wolfsburg.svg,Joakim Barut Mæhle Pedersen,DFL-OBJ-J0159A,joakim-maehle,21,Defender,1997-05-20,186,79,DNK,https://assets.bundesliga.com/player/dfl-obj-j0159a-dfl-clu-000003-dfl-sea-0001k9.png,assets/images/vfl-wolfsburg/joakim-maehle.png,2024-2025,DFL-SEA-0001K8,28,3,4,19,7,12,640,6,0,0,284.2,33.68,21,10,1560,178,23
Wolfsburg,DFL-CLU-00000L,https://assets.bundesliga.com/clublogos/DFL-SEA-0001K9/DFL-CLU-00000L.svg,assets/logos/vfl-wolfsburg.svg,Joakim Barut Mæhle Pedersen,DFL-OBJ-J0159A,joakim-maehle,21,Defender,1997-05-20,186,79,DNK,https://assets.bundesliga.com/player/dfl-obj-j0159a-dfl-clu-000003-dfl-sea-0001k9.png,assets/images/vfl-wolfsburg/joakim-maehle.png,2023-2024,DFL-SEA-0001K7,30,2,3,21,7,14,850,5,0,0,329,33.79,48,17,1945,221,29
Wolfsburg,DFL-CLU-00000L,https://assets.bundesliga.com/clublogos/DFL-SEA-0001K9/DFL-CLU-00000L.svg,assets/logos/vfl-wolfsburg.svg,Jonas Adjei Adjetey,DFL-OBJ-J0259D,jonas-adjetey,18,Defender,2003-12-13,188,82,GHA,https://assets.bundesliga.com/player/dfl-obj-j0259d-dfl-clu-000003-dfl-sea-0001k9.png,assets/images/vfl-wolfsburg/jonas-adjetey.png,2025-2026,DFL-SEA-0001K9,4,0,0,2,0,2,22,1,0,0,17.4,32.44,3,3,118,11,6
Wolfsburg,DFL-CLU-00000L,https://assets.bundesliga.com/clublogos/DFL-SEA-0001K9/DFL-CLU-00000L.svg,assets/logos/vfl-wolfsburg.svg,Jonas Older Wind,DFL-OBJ-J019ZE,jonas-wind,23,Striker,1999-02-07,190,82,DNK,https://assets.bundesliga.com/player/dfl-obj-j019ze-dfl-clu-000003-dfl-sea-0001k9.png,assets/images/vfl-wolfsburg/jonas-wind.png,2025-2026,DFL-SEA-0001K9,11,1,0,10,6,4,39,1,0,0,57.9,30.03,0,2,203,66,27
Wolfsburg,DFL-CLU-00000L,https://assets.bundesliga.com/clublogos/DFL-SEA-0001K9/DFL-CLU-00000L.svg,assets/logos/vfl-wolfsburg.svg,Jonas Older Wind,DFL-OBJ-J019ZE,jonas-wind,23,Striker,1999-02-07,190,82,DNK,https://assets.bundesliga.com/player/dfl-obj-j019ze-dfl-clu-000003-dfl-sea-0001k9.png,assets/images/vfl-wolfsburg/jonas-wind.png,2024-2025,DFL-SEA-0001K8,31,9,3,37,12,25,282,2,0,0,221.3,30.61,3,12,856,248,100
Wolfsburg,DFL-CLU-00000L,https://assets.bundesliga.com/clublogos/DFL-SEA-0001K9/DFL-CLU-00000L.svg,assets/logos/vfl-wolfsburg.svg,Jonas Older Wind,DFL-OBJ-J019ZE,jonas-wind,23,Striker,1999-02-07,190,82,DNK,https://assets.bundesliga.com/player/dfl-obj-j019ze-dfl-clu-000003-dfl-sea-0001k9.png,assets/images/vfl-wolfsburg/jonas-wind.png,2023-2024,DFL-SEA-0001K7,34,11,7,72,34,38,476,3,0,0,304.8,30.4,5,23,978,296,102
Wolfsburg,DFL-CLU-00000L,https://assets.bundesliga.com/clublogos/DFL-SEA-0001K9/DFL-CLU-00000L.svg,assets/logos/vfl-wolfsburg.svg,Jonas Older Wind,DFL-OBJ-J019ZE,jonas-wind,23,Striker,1999-02-07,190,82,DNK,https://assets.bundesliga.com/player/dfl-obj-j019ze-dfl-clu-000003-dfl-sea-0001k9.png,assets/images/vfl-wolfsburg/jonas-wind.png,2022-2023,DFL-SEA-0001K6,24,6,0,25,10,15,212,1,0,0,144.6,29.74,2,17,545,176,65
Wolfsburg,DFL-CLU-00000L,https://assets.bundesliga.com/clublogos/DFL-SEA-0001K9/DFL-CLU-00000L.svg,assets/logos/vfl-wolfsburg.svg,Jonas Older Wind,DFL-OBJ-J019ZE,jonas-wind,23,Striker,1999-02-07,190,82,DNK,https://assets.bundesliga.com/player/dfl-obj-j019ze-dfl-clu-000003-dfl-sea-0001k9.png,assets/images/vfl-wolfsburg/jonas-wind.png,2021-2022,DFL-SEA-0001K5,14,5,2,33,16,17,191,0,0,0,135.6,30.87,4,14,535,181,64
Wolfsburg,DFL-CLU-00000L,https://assets.bundesliga.com/clublogos/DFL-SEA-0001K9/DFL-CLU-00000L.svg,assets/logos/vfl-wolfsburg.svg,Kamil Mieczysław Grabara,DFL-OBJ-J01B4G,kamil-grabara,1,Goalkeeper,1999-01-08,195,80,POL,https://assets.bundesliga.com/player/dfl-obj-j01b4g-dfl-clu-000003-dfl-sea-0001k9.png,assets/images/vfl-wolfsburg/kamil-grabara.png,2025-2026,DFL-SEA-0001K9,34,0,0,0,0,0,5,1,0,0,174.4,26.22,0,0,1544,0,0
Wolfsburg,DFL-CLU-00000L,https://assets.bundesliga.com/clublogos/DFL-SEA-0001K9/DFL-CLU-00000L.svg,assets/logos/vfl-wolfsburg.svg,Kamil Mieczysław Grabara,DFL-OBJ-J01B4G,kamil-grabara,1,Goalkeeper,1999-01-08,195,80,POL,https://assets.bundesliga.com/player/dfl-obj-j01b4g-dfl-clu-000003-dfl-sea-0001k9.png,assets/images/vfl-wolfsburg/kamil-grabara.png,2024-2025,DFL-SEA-0001K8,29,0,0,0,0,0,9,2,0,0,139.9,28.16,0,0,1326,0,0
Wolfsburg,DFL-CLU-00000L,https://assets.bundesliga.com/clublogos/DFL-SEA-0001K9/DFL-CLU-00000L.svg,assets/logos/vfl-wolfsburg.svg,Kento Shiogai,DFL-OBJ-J0258E,kento-shiogai,7,Striker,2005-03-26,180,,JPN,https://assets.bundesliga.com/player/dfl-obj-j0258e-dfl-clu-000003-dfl-sea-0001k9.png,assets/images/vfl-wolfsburg/kento-shiogai.png,2025-2026,DFL-SEA-0001K9,12,1,0,9,6,3,123,3,0,0,48,34.65,0,5,137,37,4
Wolfsburg,DFL-CLU-00000L,https://assets.bundesliga.com/clublogos/DFL-SEA-0001K9/DFL-CLU-00000L.svg,assets/logos/vfl-wolfsburg.svg,Kevin Alexander Paredes,DFL-OBJ-J01MRU,kevin-paredes,40,Midfielder,2003-05-07,175,61,"USA , DOM",https://assets.bundesliga.com/player/dfl-obj-j01mru-dfl-clu-000003-dfl-sea-0001k9.png,assets/images/vfl-wolfsburg/kevin-paredes.png,2025-2026,DFL-SEA-0001K9,6,0,0,2,1,1,53,1,0,0,21.3,33.96,7,2,108,31,6
Wolfsburg,DFL-CLU-00000L,https://assets.bundesliga.com/clublogos/DFL-SEA-0001K9/DFL-CLU-00000L.svg,assets/logos/vfl-wolfsburg.svg,Kevin Alexander Paredes,DFL-OBJ-J01MRU,kevin-paredes,40,Midfielder,2003-05-07,175,61,"USA , DOM",https://assets.bundesliga.com/player/dfl-obj-j01mru-dfl-clu-000003-dfl-sea-0001k9.png,assets/images/vfl-wolfsburg/kevin-paredes.png,2024-2025,DFL-SEA-0001K8,2,0,1,4,0,4,50,1,0,0,14.6,34.37,2,1,68,14,2
Wolfsburg,DFL-CLU-00000L,https://assets.bundesliga.com/clublogos/DFL-SEA-0001K9/DFL-CLU-00000L.svg,assets/logos/vfl-wolfsburg.svg,Kevin Alexander Paredes,DFL-OBJ-J01MRU,kevin-paredes,40,Midfielder,2003-05-07,175,61,"USA , DOM",https://assets.bundesliga.com/player/dfl-obj-j01mru-dfl-clu-000003-dfl-sea-0001k9.png,assets/images/vfl-wolfsburg/kevin-paredes.png,2023-2024,DFL-SEA-0001K7,28,3,0,19,8,11,531,4,0,0,180.8,33.72,27,9,865,197,18
Wolfsburg,DFL-CLU-00000L,https://assets.bundesliga.com/clublogos/DFL-SEA-0001K9/DFL-CLU-00000L.svg,assets/logos/vfl-wolfsburg.svg,Kevin Alexander Paredes,DFL-OBJ-J01MRU,kevin-paredes,40,Midfielder,2003-05-07,175,61,"USA , DOM",https://assets.bundesliga.com/player/dfl-obj-j01mru-dfl-clu-000003-dfl-sea-0001k9.png,assets/images/vfl-wolfsburg/kevin-paredes.png,2022-2023,DFL-SEA-0001K6,22,1,3,4,2,2,248,2,0,0,72.2,34.14,15,4,296,67,4
Wolfsburg,DFL-CLU-00000L,https://assets.bundesliga.com/clublogos/DFL-SEA-0001K9/DFL-CLU-00000L.svg,assets/logos/vfl-wolfsburg.svg,Kevin Alexander Paredes,DFL-OBJ-J01MRU,kevin-paredes,40,Midfielder,2003-05-07,175,61,"USA , DOM",https://assets.bundesliga.com/player/dfl-obj-j01mru-dfl-clu-000003-dfl-sea-0001k9.png,assets/images/vfl-wolfsburg/kevin-paredes.png,2021-2022,DFL-SEA-0001K5,2,0,0,0,0,0,6,0,0,0,1.9,28.66,1,1,10,1,0
Wolfsburg,DFL-CLU-00000L,https://assets.bundesliga.com/clublogos/DFL-SEA-0001K9/DFL-CLU-00000L.svg,assets/logos/vfl-wolfsburg.svg,Kilian Fischer,DFL-OBJ-J01FBP,kilian-fischer,2,Defender,2000-10-12,182,77,DEU,https://assets.bundesliga.com/player/dfl-obj-j01fbp-dfl-clu-000003-dfl-sea-0001k9.png,assets/images/vfl-wolfsburg/kilian-fischer.png,2025-2026,DFL-SEA-0001K9,11,0,0,3,1,2,164,0,0,0,103.1,34.78,10,9,587,82,14
Wolfsburg,DFL-CLU-00000L,https://assets.bundesliga.com/clublogos/DFL-SEA-0001K9/DFL-CLU-00000L.svg,assets/logos/vfl-wolfsburg.svg,Kilian Fischer,DFL-OBJ-J01FBP,kilian-fischer,2,Defender,2000-10-12,182,77,DEU,https://assets.bundesliga.com/player/dfl-obj-j01fbp-dfl-clu-000003-dfl-sea-0001k9.png,assets/images/vfl-wolfsburg/kilian-fischer.png,2024-2025,DFL-SEA-0001K8,32,1,0,6,1,5,751,7,0,0,293.1,34.86,27,32,1578,218,24
Wolfsburg,DFL-CLU-00000L,https://assets.bundesliga.com/clublogos/DFL-SEA-0001K9/DFL-CLU-00000L.svg,assets/logos/vfl-wolfsburg.svg,Kilian Fischer,DFL-OBJ-J01FBP,kilian-fischer,2,Defender,2000-10-12,182,77,DEU,https://assets.bundesliga.com/player/dfl-obj-j01fbp-dfl-clu-000003-dfl-sea-0001k9.png,assets/images/vfl-wolfsburg/kilian-fischer.png,2023-2024,DFL-SEA-0001K7,6,0,0,4,0,4,122,1,0,0,38.2,35.28,9,4,190,24,2
Wolfsburg,DFL-CLU-00000L,https://assets.bundesliga.com/clublogos/DFL-SEA-0001K9/DFL-CLU-00000L.svg,assets/logos/vfl-wolfsburg.svg,Kilian Fischer,DFL-OBJ-J01FBP,kilian-fischer,2,Defender,2000-10-12,182,77,DEU,https://assets.bundesliga.com/player/dfl-obj-j01fbp-dfl-clu-000003-dfl-sea-0001k9.png,assets/images/vfl-wolfsburg/kilian-fischer.png,2022-2023,DFL-SEA-0001K6,10,0,0,3,1,2,201,2,0,0,66.2,33.71,10,8,338,37,3
Wolfsburg,DFL-CLU-00000L,https://assets.bundesliga.com/clublogos/DFL-SEA-0001K9/DFL-CLU-00000L.svg,assets/logos/vfl-wolfsburg.svg,Konstantinos Koulierakis,DFL-OBJ-J01G3P,konstantinos-koulierakis,4,Defender,2003-11-28,188,78,GRC,https://assets.bundesliga.com/player/dfl-obj-j01g3p-dfl-clu-000003-dfl-sea-0001k9.png,assets/images/vfl-wolfsburg/konstantinos-koulierakis.png,2025-2026,DFL-SEA-0001K9,29,4,1,25,13,12,237,5,0,0,277.4,32.47,12,24,1977,236,79
Wolfsburg,DFL-CLU-00000L,https://assets.bundesliga.com/clublogos/DFL-SEA-0001K9/DFL-CLU-00000L.svg,assets/logos/vfl-wolfsburg.svg,Konstantinos Koulierakis,DFL-OBJ-J01G3P,konstantinos-koulierakis,4,Defender,2003-11-28,188,78,GRC,https://assets.bundesliga.com/player/dfl-obj-j01g3p-dfl-clu-000003-dfl-sea-0001k9.png,assets/images/vfl-wolfsburg/konstantinos-koulierakis.png,2024-2025,DFL-SEA-0001K8,30,0,2,22,5,17,338,4,0,0,267.5,32.79,7,23,1969,222,73
Wolfsburg,DFL-CLU-00000L,https://assets.bundesliga.com/clublogos/DFL-SEA-0001K9/DFL-CLU-00000L.svg,assets/logos/vfl-wolfsburg.svg,Lovro Majer,DFL-OBJ-J01BE1,lovro-majer,10,Midfielder,1998-01-17,178,75,HRV,https://assets.bundesliga.com/player/dfl-obj-j01be1-dfl-clu-000003-dfl-sea-0001k9.png,assets/images/vfl-wolfsburg/lovro-majer.png,2025-2026,DFL-SEA-0001K9,28,2,3,27,7,20,260,5,0,0,198.7,32.8,15,29,795,155,18
Wolfsburg,DFL-CLU-00000L,https://assets.bundesliga.com/clublogos/DFL-SEA-0001K9/DFL-CLU-00000L.svg,assets/logos/vfl-wolfsburg.svg,Lovro Majer,DFL-OBJ-J01BE1,lovro-majer,10,Midfielder,1998-01-17,178,75,HRV,https://assets.bundesliga.com/player/dfl-obj-j01be1-dfl-clu-000003-dfl-sea-0001k9.png,assets/images/vfl-wolfsburg/lovro-majer.png,2024-2025,DFL-SEA-0001K8,9,2,1,7,5,2,108,1,0,0,41.7,32.54,3,6,197,30,2
Wolfsburg,DFL-CLU-00000L,https://assets.bundesliga.com/clublogos/DFL-SEA-0001K9/DFL-CLU-00000L.svg,assets/logos/vfl-wolfsburg.svg,Lovro Majer,DFL-OBJ-J01BE1,lovro-majer,10,Midfielder,1998-01-17,178,75,HRV,https://assets.bundesliga.com/player/dfl-obj-j01be1-dfl-clu-000003-dfl-sea-0001k9.png,assets/images/vfl-wolfsburg/lovro-majer.png,2023-2024,DFL-SEA-0001K7,32,5,5,39,13,26,701,5,0,0,300.1,31.1,30,35,1360,244,15
Wolfsburg,DFL-CLU-00000L,https://assets.bundesliga.com/clublogos/DFL-SEA-0001K9/DFL-CLU-00000L.svg,assets/logos/vfl-wolfsburg.svg,Marius Müller,DFL-OBJ-00013R,marius-muller,29,Goalkeeper,1993-07-12,192,93,DEU,https://assets.bundesliga.com/player/dfl-obj-00013r-dfl-clu-000003-dfl-sea-0001k9.png,assets/images/vfl-wolfsburg/marius-muller.png,2025-2026,DFL-SEA-0001K9,0,0,0,0,0,0,0,1,0,0,0,0,0,0,0,0,0
Wolfsburg,DFL-CLU-00000L,https://assets.bundesliga.com/clublogos/DFL-SEA-0001K9/DFL-CLU-00000L.svg,assets/logos/vfl-wolfsburg.svg,Marius Müller,DFL-OBJ-00013R,marius-muller,29,Goalkeeper,1993-07-12,192,93,DEU,https://assets.bundesliga.com/player/dfl-obj-00013r-dfl-clu-000003-dfl-sea-0001k9.png,assets/images/vfl-wolfsburg/marius-muller.png,2024-2025,DFL-SEA-0001K8,6,0,0,0,0,0,1,0,0,0,29.5,26.55,0,0,252,0,0
Wolfsburg,DFL-CLU-00000L,https://assets.bundesliga.com/clublogos/DFL-SEA-0001K9/DFL-CLU-00000L.svg,assets/logos/vfl-wolfsburg.svg,Mattias Olof Svanberg,DFL-OBJ-J0165W,mattias-svanberg,32,Midfielder,1999-01-05,185,75,SWE,https://assets.bundesliga.com/player/dfl-obj-j0165w-dfl-clu-000003-dfl-sea-0001k9.png,assets/images/vfl-wolfsburg/mattias-svanberg.png,2025-2026,DFL-SEA-0001K9,24,3,1,18,8,10,132,4,0,0,114.6,33.64,4,21,394,88,18
Wolfsburg,DFL-CLU-00000L,https://assets.bundesliga.com/clublogos/DFL-SEA-0001K9/DFL-CLU-00000L.svg,assets/logos/vfl-wolfsburg.svg,Mattias Olof Svanberg,DFL-OBJ-J0165W,mattias-svanberg,32,Midfielder,1999-01-05,185,75,SWE,https://assets.bundesliga.com/player/dfl-obj-j0165w-dfl-clu-000003-dfl-sea-0001k9.png,assets/images/vfl-wolfsburg/mattias-svanberg.png,2024-2025,DFL-SEA-0001K8,20,3,1,21,8,13,231,4,0,0,149.9,33.03,6,18,552,126,18
Wolfsburg,DFL-CLU-00000L,https://assets.bundesliga.com/clublogos/DFL-SEA-0001K9/DFL-CLU-00000L.svg,assets/logos/vfl-wolfsburg.svg,Mattias Olof Svanberg,DFL-OBJ-J0165W,mattias-svanberg,32,Midfielder,1999-01-05,185,75,SWE,https://assets.bundesliga.com/player/dfl-obj-j0165w-dfl-clu-000003-dfl-sea-0001k9.png,assets/images/vfl-wolfsburg/mattias-svanberg.png,2023-2024,DFL-SEA-0001K7,25,1,3,41,13,28,421,8,0,0,214.1,35,12,39,1078,197,17
Wolfsburg,DFL-CLU-00000L,https://assets.bundesliga.com/clublogos/DFL-SEA-0001K9/DFL-CLU-00000L.svg,assets/logos/vfl-wolfsburg.svg,Mattias Olof Svanberg,DFL-OBJ-J0165W,mattias-svanberg,32,Midfielder,1999-01-05,185,75,SWE,https://assets.bundesliga.com/player/dfl-obj-j0165w-dfl-clu-000003-dfl-sea-0001k9.png,assets/images/vfl-wolfsburg/mattias-svanberg.png,2022-2023,DFL-SEA-0001K6,32,4,6,29,10,19,642,4,0,0,225.5,34.08,16,25,863,187,28
Wolfsburg,DFL-CLU-00000L,https://assets.bundesliga.com/clublogos/DFL-SEA-0001K9/DFL-CLU-00000L.svg,assets/logos/vfl-wolfsburg.svg,Maximilian Arnold,DFL-OBJ-0000Y4,maximilian-arnold,27,Midfielder,1994-05-27,184,74,DEU,https://assets.bundesliga.com/player/dfl-obj-0000y4-dfl-clu-000003-dfl-sea-0001k9.png,assets/images/vfl-wolfsburg/maximilian-arnold.png,2025-2026,DFL-SEA-0001K9,25,1,4,14,5,9,137,5,0,0,238.4,32.07,8,16,1387,121,20
Wolfsburg,DFL-CLU-00000L,https://assets.bundesliga.com/clublogos/DFL-SEA-0001K9/DFL-CLU-00000L.svg,assets/logos/vfl-wolfsburg.svg,Maximilian Arnold,DFL-OBJ-0000Y4,maximilian-arnold,27,Midfielder,1994-05-27,184,74,DEU,https://assets.bundesliga.com/player/dfl-obj-0000y4-dfl-clu-000003-dfl-sea-0001k9.png,assets/images/vfl-wolfsburg/maximilian-arnold.png,2024-2025,DFL-SEA-0001K8,28,3,5,27,13,14,312,7,0,0,295,32.46,19,29,1665,185,16
Wolfsburg,DFL-CLU-00000L,https://assets.bundesliga.com/clublogos/DFL-SEA-0001K9/DFL-CLU-00000L.svg,assets/logos/vfl-wolfsburg.svg,Maximilian Arnold,DFL-OBJ-0000Y4,maximilian-arnold,27,Midfielder,1994-05-27,184,74,DEU,https://assets.bundesliga.com/player/dfl-obj-0000y4-dfl-clu-000003-dfl-sea-0001k9.png,assets/images/vfl-wolfsburg/maximilian-arnold.png,2023-2024,DFL-SEA-0001K7,30,2,1,33,13,20,373,9,0,0,322.6,32.33,18,35,1944,217,24
Wolfsburg,DFL-CLU-00000L,https://assets.bundesliga.com/clublogos/DFL-SEA-0001K9/DFL-CLU-00000L.svg,assets/logos/vfl-wolfsburg.svg,Maximilian Arnold,DFL-OBJ-0000Y4,maximilian-arnold,27,Midfielder,1994-05-27,184,74,DEU,https://assets.bundesliga.com/player/dfl-obj-0000y4-dfl-clu-000003-dfl-sea-0001k9.png,assets/images/vfl-wolfsburg/maximilian-arnold.png,2022-2023,DFL-SEA-0001K6,32,5,3,33,15,18,458,5,0,0,343.5,32.96,8,34,2046,259,49
Wolfsburg,DFL-CLU-00000L,https://assets.bundesliga.com/clublogos/DFL-SEA-0001K9/DFL-CLU-00000L.svg,assets/logos/vfl-wolfsburg.svg,Maximilian Arnold,DFL-OBJ-0000Y4,maximilian-arnold,27,Midfielder,1994-05-27,184,74,DEU,https://assets.bundesliga.com/player/dfl-obj-0000y4-dfl-clu-000003-dfl-sea-0001k9.png,assets/images/vfl-wolfsburg/maximilian-arnold.png,2021-2022,DFL-SEA-0001K5,34,4,2,40,15,25,450,4,0,0,374.8,32.77,27,46,2290,253,38
Wolfsburg,DFL-CLU-00000L,https://assets.bundesliga.com/clublogos/DFL-SEA-0001K9/DFL-CLU-00000L.svg,assets/logos/vfl-wolfsburg.svg,Maximilian Arnold,DFL-OBJ-0000Y4,maximilian-arnold,27,Midfielder,1994-05-27,184,74,DEU,https://assets.bundesliga.com/player/dfl-obj-0000y4-dfl-clu-000003-dfl-sea-0001k9.png,assets/images/vfl-wolfsburg/maximilian-arnold.png,2020-2021,DFL-SEA-0001K4,34,3,6,57,19,38,565,7,0,0,355.1,31.92,16,36,2109,309,41
Wolfsburg,DFL-CLU-00000L,https://assets.bundesliga.com/clublogos/DFL-SEA-0001K9/DFL-CLU-00000L.svg,assets/logos/vfl-wolfsburg.svg,Maximilian Arnold,DFL-OBJ-0000Y4,maximilian-arnold,27,Midfielder,1994-05-27,184,74,DEU,https://assets.bundesliga.com/player/dfl-obj-0000y4-dfl-clu-000003-dfl-sea-0001k9.png,assets/images/vfl-wolfsburg/maximilian-arnold.png,2019-2020,DFL-SEA-0001K3,33,4,8,65,17,48,457,8,0,0,365.5,33.05,41,47,1951,294,24
Wolfsburg,DFL-CLU-00000L,https://assets.bundesliga.com/clublogos/DFL-SEA-0001K9/DFL-CLU-00000L.svg,assets/logos/vfl-wolfsburg.svg,Mohamed El Amine Amoura,DFL-OBJ-J021ET,mohamed-amoura,9,Striker,2000-05-09,170,61,DZA,https://assets.bundesliga.com/player/dfl-obj-j021et-dfl-clu-000003-dfl-sea-0001k9.png,assets/images/vfl-wolfsburg/mohamed-amoura.png,2025-2026,DFL-SEA-0001K9,30,8,3,55,19,36,545,2,0,0,246.5,35.12,25,20,859,179,28
Wolfsburg,DFL-CLU-00000L,https://assets.bundesliga.com/clublogos/DFL-SEA-0001K9/DFL-CLU-00000L.svg,assets/logos/vfl-wolfsburg.svg,Mohamed El Amine Amoura,DFL-OBJ-J021ET,mohamed-amoura,9,Striker,2000-05-09,170,61,DZA,https://assets.bundesliga.com/player/dfl-obj-j021et-dfl-clu-000003-dfl-sea-0001k9.png,assets/images/vfl-wolfsburg/mohamed-amoura.png,2024-2025,DFL-SEA-0001K8,31,10,9,74,27,47,812,6,0,0,299.7,35.58,31,27,1160,201,20
Wolfsburg,DFL-CLU-00000L,https://assets.bundesliga.com/clublogos/DFL-SEA-0001K9/DFL-CLU-00000L.svg,assets/logos/vfl-wolfsburg.svg,Moritz Jenz,DFL-OBJ-J01SZZ,moritz-jenz,15,Defender,1999-04-30,190,86,"DEU , ENG",https://assets.bundesliga.com/player/dfl-obj-j01szz-dfl-clu-000003-dfl-sea-0001k9.png,assets/images/vfl-wolfsburg/moritz-jenz.png,2025-2026,DFL-SEA-0001K9,22,1,0,5,1,4,181,6,0,0,197.8,33.38,0,33,1324,167,65
Wolfsburg,DFL-CLU-00000L,https://assets.bundesliga.com/clublogos/DFL-SEA-0001K9/DFL-CLU-00000L.svg,assets/logos/vfl-wolfsburg.svg,Moritz Jenz,DFL-OBJ-J01SZZ,moritz-jenz,15,Defender,1999-04-30,190,86,"DEU , ENG",https://assets.bundesliga.com/player/dfl-obj-j01szz-dfl-clu-000003-dfl-sea-0001k9.png,assets/images/vfl-wolfsburg/moritz-jenz.png,2024-2025,DFL-SEA-0001K8,19,0,0,11,4,7,277,4,0,0,178.4,31.99,0,25,1125,196,84
Wolfsburg,DFL-CLU-00000L,https://assets.bundesliga.com/clublogos/DFL-SEA-0001K9/DFL-CLU-00000L.svg,assets/logos/vfl-wolfsburg.svg,Moritz Jenz,DFL-OBJ-J01SZZ,moritz-jenz,15,Defender,1999-04-30,190,86,"DEU , ENG",https://assets.bundesliga.com/player/dfl-obj-j01szz-dfl-clu-000003-dfl-sea-0001k9.png,assets/images/vfl-wolfsburg/moritz-jenz.png,2023-2024,DFL-SEA-0001K7,22,0,1,6,1,5,301,5,0,0,197.5,31.96,0,26,1319,149,48
Wolfsburg,DFL-CLU-00000L,https://assets.bundesliga.com/clublogos/DFL-SEA-0001K9/DFL-CLU-00000L.svg,assets/logos/vfl-wolfsburg.svg,Moritz Jenz,DFL-OBJ-J01SZZ,moritz-jenz,15,Defender,1999-04-30,190,86,"DEU , ENG",https://assets.bundesliga.com/player/dfl-obj-j01szz-dfl-clu-000003-dfl-sea-0001k9.png,assets/images/vfl-wolfsburg/moritz-jenz.png,2022-2023,DFL-SEA-0001K6,11,0,0,10,3,7,113,5,0,0,73.2,33.23,1,19,631,94,36
Wolfsburg,DFL-CLU-00000L,https://assets.bundesliga.com/clublogos/DFL-SEA-0001K9/DFL-CLU-00000L.svg,assets/logos/vfl-wolfsburg.svg,Patrick Wimmer,DFL-OBJ-J01K33,patrick-wimmer,39,Midfielder,2001-05-30,182,77,AUT,https://assets.bundesliga.com/player/dfl-obj-j01k33-dfl-clu-000003-dfl-sea-0001k9.png,assets/images/vfl-wolfsburg/patrick-wimmer.png,2025-2026,DFL-SEA-0001K9,25,4,3,25,9,16,468,4,0,0,194.7,34.04,11,27,903,293,42
Wolfsburg,DFL-CLU-00000L,https://assets.bundesliga.com/clublogos/DFL-SEA-0001K9/DFL-CLU-00000L.svg,assets/logos/vfl-wolfsburg.svg,Patrick Wimmer,DFL-OBJ-J01K33,patrick-wimmer,39,Midfielder,2001-05-30,182,77,AUT,https://assets.bundesliga.com/player/dfl-obj-j01k33-dfl-clu-000003-dfl-sea-0001k9.png,assets/images/vfl-wolfsburg/patrick-wimmer.png,2024-2025,DFL-SEA-0001K8,29,3,4,40,10,30,545,5,0,0,205.6,34.83,10,33,999,297,43
Wolfsburg,DFL-CLU-00000L,https://assets.bundesliga.com/clublogos/DFL-SEA-0001K9/DFL-CLU-00000L.svg,assets/logos/vfl-wolfsburg.svg,Patrick Wimmer,DFL-OBJ-J01K33,patrick-wimmer,39,Midfielder,2001-05-30,182,77,AUT,https://assets.bundesliga.com/player/dfl-obj-j01k33-dfl-clu-000003-dfl-sea-0001k9.png,assets/images/vfl-wolfsburg/patrick-wimmer.png,2023-2024,DFL-SEA-0001K7,14,2,0,11,4,7,195,3,0,0,71.2,33.56,7,13,311,93,13
Wolfsburg,DFL-CLU-00000L,https://assets.bundesliga.com/clublogos/DFL-SEA-0001K9/DFL-CLU-00000L.svg,assets/logos/vfl-wolfsburg.svg,Patrick Wimmer,DFL-OBJ-J01K33,patrick-wimmer,39,Midfielder,2001-05-30,182,77,AUT,https://assets.bundesliga.com/player/dfl-obj-j01k33-dfl-clu-000003-dfl-sea-0001k9.png,assets/images/vfl-wolfsburg/patrick-wimmer.png,2022-2023,DFL-SEA-0001K6,26,4,8,29,14,15,565,7,0,0,191.4,34.12,26,38,868,223,23
Wolfsburg,DFL-CLU-00000L,https://assets.bundesliga.com/clublogos/DFL-SEA-0001K9/DFL-CLU-00000L.svg,assets/logos/vfl-wolfsburg.svg,Patrick Wimmer,DFL-OBJ-J01K33,patrick-wimmer,39,Midfielder,2001-05-30,182,77,AUT,https://assets.bundesliga.com/player/dfl-obj-j01k33-dfl-clu-000003-dfl-sea-0001k9.png,assets/images/vfl-wolfsburg/patrick-wimmer.png,2021-2022,DFL-SEA-0001K5,31,3,6,55,15,40,664,7,0,0,239.4,34.65,23,44,1293,404,51
Wolfsburg,DFL-CLU-00000L,https://assets.bundesliga.com/clublogos/DFL-SEA-0001K9/DFL-CLU-00000L.svg,assets/logos/vfl-wolfsburg.svg,Pavao Pervan,DFL-OBJ-0028OU,pavao-pervan,12,Goalkeeper,1987-11-13,194,88,"AUT , BIH",https://assets.bundesliga.com/player/dfl-obj-0028ou-dfl-clu-000003-dfl-sea-0001k9.png,assets/images/vfl-wolfsburg/pavao-pervan.png,2023-2024,DFL-SEA-0001K7,9,0,0,0,0,0,0,1,0,0,44.7,23.35,0,0,339,0,0
Wolfsburg,DFL-CLU-00000L,https://assets.bundesliga.com/clublogos/DFL-SEA-0001K9/DFL-CLU-00000L.svg,assets/logos/vfl-wolfsburg.svg,Pavao Pervan,DFL-OBJ-0028OU,pavao-pervan,12,Goalkeeper,1987-11-13,194,88,"AUT , BIH",https://assets.bundesliga.com/player/dfl-obj-0028ou-dfl-clu-000003-dfl-sea-0001k9.png,assets/images/vfl-wolfsburg/pavao-pervan.png,2021-2022,DFL-SEA-0001K5,6,0,0,0,0,0,1,0,0,0,29.1,24.59,0,0,255,0,0
Wolfsburg,DFL-CLU-00000L,https://assets.bundesliga.com/clublogos/DFL-SEA-0001K9/DFL-CLU-00000L.svg,assets/logos/vfl-wolfsburg.svg,Pavao Pervan,DFL-OBJ-0028OU,pavao-pervan,12,Goalkeeper,1987-11-13,194,88,"AUT , BIH",https://assets.bundesliga.com/player/dfl-obj-0028ou-dfl-clu-000003-dfl-sea-0001k9.png,assets/images/vfl-wolfsburg/pavao-pervan.png,2020-2021,DFL-SEA-0001K4,4,0,0,0,0,0,0,0,0,0,16.5,22.02,0,0,85,0,0
Wolfsburg,DFL-CLU-00000L,https://assets.bundesliga.com/clublogos/DFL-SEA-0001K9/DFL-CLU-00000L.svg,assets/logos/vfl-wolfsburg.svg,Pavao Pervan,DFL-OBJ-0028OU,pavao-pervan,12,Goalkeeper,1987-11-13,194,88,"AUT , BIH",https://assets.bundesliga.com/player/dfl-obj-0028ou-dfl-clu-000003-dfl-sea-0001k9.png,assets/images/vfl-wolfsburg/pavao-pervan.png,2019-2020,DFL-SEA-0001K3,8,0,0,0,0,0,4,0,0,0,39.7,27.01,0,0,320,0,0
Wolfsburg,DFL-CLU-00000L,https://assets.bundesliga.com/clublogos/DFL-SEA-0001K9/DFL-CLU-00000L.svg,assets/logos/vfl-wolfsburg.svg,Pharell Hensel,DFL-OBJ-J023ER,pharell-hensel,37,Midfielder,2007-06-08,188,81,DEU,https://assets.bundesliga.com/player/dfl-obj-j023er-dfl-clu-000003-dfl-sea-0001k9.png,assets/images/vfl-wolfsburg/pharell-hensel.png,2025-2026,DFL-SEA-0001K9,5,0,0,1,0,1,25,0,0,0,13.3,32.15,0,0,36,8,1
Wolfsburg,DFL-CLU-00000L,https://assets.bundesliga.com/clublogos/DFL-SEA-0001K9/DFL-CLU-00000L.svg,assets/logos/vfl-wolfsburg.svg,Rogério Oliveira da Silva,DFL-OBJ-J01X7C,rogerio,13,Defender,1998-01-13,178,70,"BRA , ITA",https://assets.bundesliga.com/player/dfl-obj-j01x7c-dfl-clu-000003-dfl-sea-0001k9.png,assets/images/vfl-wolfsburg/rogerio.png,2023-2024,DFL-SEA-0001K7,13,1,0,4,2,2,250,0,0,0,108.5,33.59,25,7,673,85,7
Wolfsburg,DFL-CLU-00000L,https://assets.bundesliga.com/clublogos/DFL-SEA-0001K9/DFL-CLU-00000L.svg,assets/logos/vfl-wolfsburg.svg,Saël Kumbedi Kumbedi,DFL-OBJ-J01NZR,sael-kumbedi,26,Defender,2005-03-26,175,63,"FRA , COD",https://assets.bundesliga.com/player/dfl-obj-j01nzr-dfl-clu-000003-dfl-sea-0001k9.png,assets/images/vfl-wolfsburg/sael-kumbedi.png,2025-2026,DFL-SEA-0001K9,24,0,5,6,0,6,401,2,0,0,210.3,33.74,32,20,1173,161,12
Wolfsburg,DFL-CLU-00000L,https://assets.bundesliga.com/clublogos/DFL-SEA-0001K9/DFL-CLU-00000L.svg,assets/logos/vfl-wolfsburg.svg,Till Neininger,DFL-OBJ-J01NB5,till-neininger,34,Defender,2007-04-03,188,79,DEU,https://assets.bundesliga.com/player/dfl-obj-j01nb5-dfl-clu-000003-dfl-sea-0001k9.png,assets/images/vfl-wolfsburg/till-neininger.png,2025-2026,DFL-SEA-0001K9,,,,,,,,,,,,,,,,,
Wolfsburg,DFL-CLU-00000L,https://assets.bundesliga.com/clublogos/DFL-SEA-0001K9/DFL-CLU-00000L.svg,assets/logos/vfl-wolfsburg.svg,Trevor Chidubem Benedict,DFL-OBJ-J01NOZ,trevor-benedict,43,Striker,2007-04-04,182,,"DEU , NGA",https://assets.bundesliga.com/player/dfl-obj-j01noz-dfl-clu-000003-dfl-sea-0001k9.png,assets/images/vfl-wolfsburg/trevor-benedict.png,2025-2026,DFL-SEA-0001K9,,,,,,,,,,,,,,,,,
Wolfsburg,DFL-CLU-00000L,https://assets.bundesliga.com/clublogos/DFL-SEA-0001K9/DFL-CLU-00000L.svg,assets/logos/vfl-wolfsburg.svg,Vinicius de Souza Costa,DFL-OBJ-J02471,vinicius-souza,5,Midfielder,1999-06-17,187,80,BRA,https://assets.bundesliga.com/player/dfl-obj-j02471-dfl-clu-000003-dfl-sea-0001k9.png,assets/images/vfl-wolfsburg/vinicius-souza.png,2025-2026,DFL-SEA-0001K9,24,0,0,7,2,5,199,5,0,0,229.6,32.62,3,38,982,256,65
Wolfsburg,DFL-CLU-00000L,https://assets.bundesliga.com/clublogos/DFL-SEA-0001K9/DFL-CLU-00000L.svg,assets/logos/vfl-wolfsburg.svg,Yannick Gerhardt,DFL-OBJ-0001V4,yannick-gerhardt,31,Midfielder,1994-03-13,184,81,DEU,https://assets.bundesliga.com/player/dfl-obj-0001v4-dfl-clu-000003-dfl-sea-0001k9.png,assets/images/vfl-wolfsburg/yannick-gerhardt.png,2025-2026,DFL-SEA-0001K9,19,1,0,11,1,10,145,1,0,0,139.9,31.49,5,19,641,96,26
Wolfsburg,DFL-CLU-00000L,https://assets.bundesliga.com/clublogos/DFL-SEA-0001K9/DFL-CLU-00000L.svg,assets/logos/vfl-wolfsburg.svg,Yannick Gerhardt,DFL-OBJ-0001V4,yannick-gerhardt,31,Midfielder,1994-03-13,184,81,DEU,https://assets.bundesliga.com/player/dfl-obj-0001v4-dfl-clu-000003-dfl-sea-0001k9.png,assets/images/vfl-wolfsburg/yannick-gerhardt.png,2024-2025,DFL-SEA-0001K8,29,1,0,14,4,10,480,5,0,0,202.2,32.36,16,19,868,142,25
Wolfsburg,DFL-CLU-00000L,https://assets.bundesliga.com/clublogos/DFL-SEA-0001K9/DFL-CLU-00000L.svg,assets/logos/vfl-wolfsburg.svg,Yannick Gerhardt,DFL-OBJ-0001V4,yannick-gerhardt,31,Midfielder,1994-03-13,184,81,DEU,https://assets.bundesliga.com/player/dfl-obj-0001v4-dfl-clu-000003-dfl-sea-0001k9.png,assets/images/vfl-wolfsburg/yannick-gerhardt.png,2023-2024,DFL-SEA-0001K7,25,2,1,20,9,11,474,5,0,0,214.3,33.31,18,20,940,133,34
Wolfsburg,DFL-CLU-00000L,https://assets.bundesliga.com/clublogos/DFL-SEA-0001K9/DFL-CLU-00000L.svg,assets/logos/vfl-wolfsburg.svg,Yannick Gerhardt,DFL-OBJ-0001V4,yannick-gerhardt,31,Midfielder,1994-03-13,184,81,DEU,https://assets.bundesliga.com/player/dfl-obj-0001v4-dfl-clu-000003-dfl-sea-0001k9.png,assets/images/vfl-wolfsburg/yannick-gerhardt.png,2022-2023,DFL-SEA-0001K6,29,6,4,28,14,14,609,3,0,0,242.6,32.72,13,16,898,150,27
Wolfsburg,DFL-CLU-00000L,https://assets.bundesliga.com/clublogos/DFL-SEA-0001K9/DFL-CLU-00000L.svg,assets/logos/vfl-wolfsburg.svg,Yannick Gerhardt,DFL-OBJ-0001V4,yannick-gerhardt,31,Midfielder,1994-03-13,184,81,DEU,https://assets.bundesliga.com/player/dfl-obj-0001v4-dfl-clu-000003-dfl-sea-0001k9.png,assets/images/vfl-wolfsburg/yannick-gerhardt.png,2021-2022,DFL-SEA-0001K5,27,1,3,13,3,10,470,2,0,0,196.1,33.18,23,15,1059,193,30
Wolfsburg,DFL-CLU-00000L,https://assets.bundesliga.com/clublogos/DFL-SEA-0001K9/DFL-CLU-00000L.svg,assets/logos/vfl-wolfsburg.svg,Yannick Gerhardt,DFL-OBJ-0001V4,yannick-gerhardt,31,Midfielder,1994-03-13,184,81,DEU,https://assets.bundesliga.com/player/dfl-obj-0001v4-dfl-clu-000003-dfl-sea-0001k9.png,assets/images/vfl-wolfsburg/yannick-gerhardt.png,2020-2021,DFL-SEA-0001K4,32,2,4,30,10,20,651,3,0,0,260.9,32.17,24,37,1099,260,43
Wolfsburg,DFL-CLU-00000L,https://assets.bundesliga.com/clublogos/DFL-SEA-0001K9/DFL-CLU-00000L.svg,assets/logos/vfl-wolfsburg.svg,Yannick Gerhardt,DFL-OBJ-0001V4,yannick-gerhardt,31,Midfielder,1994-03-13,184,81,DEU,https://assets.bundesliga.com/player/dfl-obj-0001v4-dfl-clu-000003-dfl-sea-0001k9.png,assets/images/vfl-wolfsburg/yannick-gerhardt.png,2019-2020,DFL-SEA-0001K3,18,2,0,11,4,7,262,1,0,0,112,32.51,8,10,515,113,9
